# Blender 4.0.0
# www.blender.org
mtllib Bamboo_Shoots.mtl
o Unit:BambooShoots_Mdl
v 0.001216 0.000795 -0.001052
v 0.007668 0.000795 0.006452
v 0.000772 0.000795 0.013606
v -0.003319 0.000795 0.006966
v -0.010870 0.000795 0.019801
v -0.013115 0.000795 0.010543
v -0.024921 0.000795 0.014868
v -0.027212 0.000795 0.004629
v 0.005588 0.000795 0.021765
v 0.014471 0.000795 0.014330
v -0.008392 0.000795 0.029807
v -0.017136 0.000795 0.024383
v 0.010801 0.000795 0.030321
v 0.022233 0.000795 0.023331
v 0.000117 0.000795 0.032051
v -0.005236 0.000795 -0.008533
v 0.001660 0.000795 -0.015687
v -0.003156 0.000795 -0.023846
v -0.012063 0.000795 -0.016435
v 0.010801 0.000795 -0.031888
v 0.013302 0.000795 -0.021905
v 0.005751 0.000795 -0.009048
v 0.015547 0.000795 -0.012648
v 0.027329 0.000795 -0.016949
v 0.029644 0.000795 -0.006710
v 0.019568 0.000795 -0.026488
v -0.008369 0.000795 -0.032426
v -0.019801 0.000795 -0.025412
v 0.002291 0.000795 -0.034132
v -0.076867 0.471347 0.105341
v -0.073874 0.495871 0.082641
v -0.080327 0.505222 0.089280
v -0.088275 0.471114 0.118620
v -0.075277 0.520278 0.113009
v -0.091805 0.470786 0.126264
v -0.057206 0.516514 0.131221
v -0.072285 0.463469 0.143634
v -0.052857 0.509009 0.143588
v -0.065692 0.470412 0.149806
v -0.078293 0.466344 0.119719
v -0.060876 0.467864 0.109830
v -0.061274 0.465877 0.106183
v -0.082805 0.462183 0.118316
v -0.084955 0.429384 0.102325
v -0.064242 0.430553 0.090706
v -0.081612 0.465035 0.131945
v -0.067586 0.463305 0.136995
v -0.064289 0.455614 0.142208
v -0.066300 0.429431 0.135148
v -0.061157 0.469360 0.152518
v -0.063611 0.447525 0.152097
v -0.052811 0.438548 0.157147
v -0.049047 0.502464 0.154365
v -0.029246 0.489909 0.161425
v -0.036353 0.440558 0.162173
v -0.023682 0.484743 0.161355
v -0.031303 0.437940 0.156235
v 0.005237 0.452575 0.173488
v -0.002665 0.428589 0.166966
v -0.027586 0.429197 0.156843
v 0.003577 0.431745 0.165867
v 0.009913 0.453720 0.173745
v -0.042945 0.434597 0.145177
v -0.060525 0.444416 0.142606
v 0.006523 0.430296 0.170192
v 0.011479 0.455567 0.179987
v 0.030859 0.423119 0.170355
v 0.035675 0.464100 0.180385
v 0.048019 0.445725 0.172085
v 0.040327 0.427467 0.165165
v 0.051362 0.466064 0.177275
v 0.055453 0.457601 0.153406
v 0.054261 0.447712 0.151723
v 0.045003 0.429805 0.145715
v 0.048814 0.417297 0.157357
v 0.053980 0.424802 0.143237
v 0.065646 0.421038 0.156819
v 0.061531 0.404580 0.159555
v 0.072916 0.417835 0.156282
v 0.077311 0.400021 0.152448
v 0.065248 0.428098 0.140081
v 0.073290 0.425573 0.136551
v 0.078948 0.406707 0.127270
v 0.080631 0.382932 0.123646
v 0.076306 0.376246 0.142045
v 0.048416 0.390600 0.155814
v 0.045120 0.413744 0.168251
v 0.045237 0.390717 0.159625
v 0.006406 0.413487 0.163202
v 0.006546 0.426719 0.161004
v -0.120210 0.572434 0.159929
v -0.113453 0.575263 0.168836
v -0.126451 0.567291 0.150648
v -0.133441 0.554620 0.143120
v -0.117451 0.565982 0.125586
v -0.109456 0.574024 0.168859
v -0.111022 0.554526 0.186860
v -0.108193 0.575824 0.172296
v -0.087971 0.567712 0.189338
v -0.063167 0.563036 0.194037
v -0.105131 0.574047 0.145037
v -0.099520 0.575356 0.148520
v -0.081192 0.572831 0.161752
v -0.060198 0.567267 0.170145
v -0.047364 0.558688 0.190764
v -0.030040 0.557986 0.180618
v -0.038901 0.539354 0.201939
v -0.132530 0.537180 0.143471
v -0.122945 0.535052 0.112845
v -0.127807 0.545432 0.143190
v -0.121098 0.540850 0.175428
v -0.111232 0.541458 0.187141
v -0.106720 0.541061 0.187842
v -0.114505 0.522896 0.123623
v -0.121168 0.521937 0.144032
v -0.091174 0.515368 0.178094
v -0.114692 0.519600 0.171875
v -0.088345 0.505596 0.150110
v -0.076493 0.504825 0.160724
v -0.102068 0.512142 0.135429
v -0.065178 0.506461 0.167784
v -0.078550 0.517613 0.198596
v -0.088462 0.539915 0.202126
v -0.105785 0.541435 0.192027
v -0.106136 0.547466 0.190554
v -0.087223 0.544965 0.199975
v -0.059497 0.534117 0.205516
v -0.039719 0.531218 0.199882
v -0.022723 0.533252 0.185855
v -0.053699 0.519062 0.191653
v -0.034833 0.520839 0.180431
v -0.123716 0.538442 0.112752
v -0.125306 0.540102 0.111232
v -0.124792 0.557729 0.174423
v -0.117521 0.547864 0.174072
v -0.115885 0.556116 0.187234
v -0.111186 0.547513 0.185878
v -0.107445 0.547045 0.186393
v -0.110110 0.554713 0.191887
v -0.090286 0.552983 0.203061
v -0.058982 0.544638 0.207760
v -0.057884 0.537951 0.202874
v -0.040631 0.534585 0.198315
v -0.022630 0.538162 0.186019
v -0.105551 0.645701 0.126685
v -0.113313 0.634549 0.149689
v -0.125890 0.638944 0.152308
v -0.119321 0.651171 0.125820
v -0.097907 0.651288 0.141133
v -0.108824 0.639950 0.163295
v -0.114833 0.624286 0.176551
v -0.117053 0.618956 0.164184
v -0.083810 0.620616 0.186206
v -0.078503 0.633755 0.172155
v -0.091618 0.596981 0.203622
v -0.120443 0.600792 0.190905
v -0.137462 0.634386 0.142839
v -0.128555 0.623211 0.169654
v -0.133815 0.620593 0.165025
v -0.151326 0.614351 0.130659
v -0.133909 0.645841 0.115885
v -0.146019 0.617507 0.095592
v -0.147398 0.580686 0.081706
v -0.159298 0.580242 0.124160
v -0.140759 0.555578 0.078854
v -0.144359 0.599833 0.165680
v -0.129631 0.600628 0.184850
v -0.120396 0.596794 0.179566
v -0.127340 0.577507 0.190998
v -0.111419 0.573556 0.174470
v -0.119648 0.575754 0.196328
v -0.048229 0.586484 0.209794
v -0.053816 0.560231 0.215265
v -0.009982 0.568717 0.197941
v -0.011408 0.547326 0.201378
v 0.008019 0.557542 0.177275
v -0.008392 0.585783 0.174563
v 0.010614 0.541668 0.181366
v -0.040888 0.608389 0.189338
v -0.034880 0.615216 0.165236
v -0.071630 0.641680 0.154108
v -0.134447 0.541598 0.085563
v -0.155674 0.557776 0.127807
v -0.117311 0.562709 0.140385
v -0.145037 0.574094 0.172179
v -0.071279 0.560301 0.178865
v -0.098655 0.571522 0.208041
v -0.024173 0.541926 0.169093
v 0.038761 0.642241 0.198012
v 0.005331 0.626180 0.162056
v 0.014097 0.674152 0.147983
v 0.041192 0.686916 0.175639
v 0.006757 0.594643 0.170168
v 0.077382 0.660476 0.199110
v 0.070462 0.688693 0.178842
v 0.031023 0.694748 0.133441
v 0.052133 0.702626 0.160677
v 0.054682 0.702088 0.117521
v 0.070532 0.708494 0.144266
v 0.075815 0.692363 0.105061
v 0.089374 0.700966 0.133582
v 0.100152 0.666834 0.089725
v 0.114179 0.683316 0.124979
v 0.125517 0.624286 0.073266
v 0.146393 0.651989 0.118737
v 0.136785 0.664964 0.158503
v 0.109971 0.690329 0.151863
v 0.094424 0.691966 0.171852
v 0.110952 0.668354 0.188193
v 0.082548 0.703982 0.158526
v 0.164885 0.563737 0.106533
v 0.152051 0.632469 0.180431
v 0.089819 0.636443 0.213254
v 0.059591 0.619681 0.212483
v 0.026721 0.542697 0.174821
v 0.040959 0.584123 0.202617
v 0.059871 0.593942 0.146112
v 0.042759 0.562568 0.129444
v 0.081099 0.602779 0.143190
v 0.121169 0.641516 0.206124
v 0.101274 0.587606 0.127340
v 0.167831 0.601773 0.146276
v 0.091315 0.558080 0.108333
v 0.130146 0.550996 0.076563
v 0.044769 0.513077 0.165797
v 0.044606 0.518033 0.183657
v 0.068194 0.499284 0.185528
v 0.075628 0.490985 0.155884
v 0.099450 0.492388 0.178468
v 0.128533 0.493790 0.161565
v 0.110158 0.488109 0.141250
v 0.144523 0.503890 0.140268
v 0.123179 0.502838 0.110882
v 0.152939 0.521002 0.119882
v 0.148521 0.552399 0.093278
v 0.127317 0.535871 0.083740
v 0.072519 0.507817 0.212436
v 0.109854 0.501996 0.208906
v 0.143284 0.506531 0.189853
v 0.159135 0.518898 0.165539
v 0.167387 0.537110 0.144055
v 0.159322 0.570610 0.110157
v 0.121449 0.587349 0.078527
v 0.030602 0.553404 0.192705
v 0.090824 0.568273 0.152728
v 0.050146 0.526473 0.206498
v 0.043016 0.579237 0.168415
v 0.111934 0.587396 0.119812
v 0.109784 0.244697 0.156048
v 0.123296 0.260244 0.110648
v 0.137486 0.236492 0.116516
v 0.122221 0.188123 0.112612
v 0.155230 0.234738 0.060151
v 0.139357 0.191045 0.018842
v 0.147796 0.243505 -0.001286
v 0.123273 0.089654 -0.004162
v 0.074903 0.097463 -0.074623
v 0.111467 -0.000865 -0.039603
v 0.114880 -0.011970 0.032659
v 0.113898 0.084441 0.075698
v 0.100526 -0.017090 0.066814
v 0.076236 -0.020222 0.092507
v 0.063448 0.084885 0.125727
v 0.001193 0.091267 0.127550
v -0.046896 0.097042 0.091384
v -0.067539 0.108684 0.050636
v -0.064476 0.096902 -0.015266
v -0.074272 0.189642 0.000117
v -0.079041 0.195019 0.064546
v -0.077147 -0.005284 -0.013723
v -0.011151 0.097322 -0.078761
v -0.016154 0.191980 -0.066955
v -0.082033 0.228847 -0.020713
v -0.103634 0.237006 0.027282
v -0.081636 0.253979 0.025832
v -0.050449 0.227304 -0.060456
v -0.040303 0.000818 -0.091993
v 0.015173 0.253160 -0.059825
v 0.012882 0.239087 -0.081870
v 0.081309 0.251711 -0.070438
v 0.079018 0.198853 -0.064056
v 0.056622 0.003927 -0.105575
v -0.099777 0.250752 0.076352
v -0.086732 0.266533 0.085353
v -0.072051 0.195370 0.068451
v -0.092039 0.257181 0.099310
v -0.057510 0.269618 0.149689
v -0.075020 0.277590 0.093816
v -0.043413 0.288344 0.143915
v -0.003086 0.269268 0.185154
v 0.050824 0.282663 0.173581
v 0.058609 0.258000 0.185551
v -0.000467 0.195019 0.158643
v 0.062466 0.192915 0.161706
v -0.050099 0.195043 0.122056
v -0.076469 0.194762 0.076843
v -0.027820 0.760323 0.119111
v -0.030578 0.748938 0.151162
v -0.110484 0.751229 0.137112
v -0.100081 0.763175 0.112705
v -0.117825 0.739914 0.127784
v 0.072145 0.729347 0.120864
v 0.133676 0.716069 0.024500
v 0.149222 0.702883 0.045213
v 0.157194 0.680791 -0.042969
v 0.123039 0.666414 -0.097323
v 0.060690 0.664543 -0.132928
v 0.066487 0.646940 -0.137089
v -0.101554 0.673637 0.146276
v -0.029643 0.682685 0.161051
v -0.109713 0.673684 0.130776
v -0.124721 0.674058 0.132319
v -0.128415 0.747909 0.128158
v -0.101881 0.610026 0.133582
v -0.121191 0.603036 0.134447
v -0.094844 0.598945 0.156095
v -0.028568 0.619658 0.173278
v -0.167433 0.642942 0.072355
v -0.151045 0.584474 0.083623
v -0.169210 0.731288 0.091945
v -0.124090 0.757798 0.100455
v -0.195697 0.695075 0.033828
v -0.178093 0.708494 0.021765
v -0.188847 0.651382 -0.034530
v -0.148240 0.621762 -0.097814
v -0.084862 0.615847 -0.140993
v -0.007200 0.625759 -0.154155
v -0.006312 0.645443 -0.149994
v -0.168999 0.594035 -0.009772
v -0.144686 0.534047 0.003740
v -0.137042 0.542230 0.096855
v -0.097696 0.559389 0.155931
v -0.138304 0.504988 0.045376
v -0.113149 0.519249 0.110437
v -0.116329 0.501201 0.088556
v -0.114622 0.477659 0.071069
v -0.124628 0.466041 0.019497
v -0.104055 0.400816 0.005985
v -0.083342 0.318712 0.001169
v -0.085891 0.301880 0.047551
v -0.067679 0.246217 -0.008229
v -0.026230 0.558618 0.185645
v 0.057276 0.615169 0.154295
v 0.048299 0.555041 0.174844
v 0.118971 0.535193 0.129958
v 0.127481 0.589219 0.102021
v 0.064430 0.671416 0.136270
v 0.135008 0.644415 0.072705
v -0.082267 0.268075 0.063284
v -0.021087 0.490330 0.191022
v -0.068123 0.501108 0.168508
v -0.093348 0.505339 0.151302
v 0.037452 0.502487 0.191863
v 0.103986 0.492411 0.164043
v 0.138492 0.482382 0.062583
v 0.123226 0.435392 0.135943
v 0.123647 0.393732 0.129397
v 0.136388 0.416362 0.060011
v 0.106440 0.446076 -0.001637
v 0.140876 0.557028 0.025225
v 0.097183 0.534468 -0.033150
v 0.145528 0.612761 -0.006569
v 0.100479 0.595368 -0.058936
v 0.129631 0.362078 0.115955
v 0.106183 0.355579 0.151606
v 0.082268 0.356748 0.173067
v 0.076867 0.365024 0.164511
v 0.045517 0.341669 0.182231
v 0.042385 0.384521 0.180197
v 0.101508 0.316211 0.144827
v 0.097229 0.270273 0.148006
v 0.127481 0.313055 0.109619
v 0.135897 0.337228 0.060292
v -0.000514 0.289162 0.172226
v -0.013746 0.342441 0.174727
v 0.138094 0.256784 0.060689
v -0.054424 0.340010 0.146042
v -0.065902 0.436234 0.160116
v -0.084955 0.437075 0.136294
v -0.082711 0.330401 0.101507
v 0.115067 0.336877 -0.002081
v 0.122314 0.260969 -0.001987
v 0.047621 0.435462 -0.057323
v 0.028194 0.577413 -0.102490
v -0.096434 0.829545 0.068053
v -0.024453 0.834127 0.078714
v 0.072005 0.819072 0.049327
v 0.066791 0.740709 0.090917
v 0.135242 0.789218 -0.020175
v 0.120233 0.749265 -0.112565
v 0.137510 0.697530 -0.050286
v 0.106721 0.682802 -0.098469
v 0.021929 0.714128 -0.171385
v -0.102769 0.825454 0.064009
v -0.109222 0.755835 0.105598
v -0.113056 0.827815 0.060923
v -0.148824 0.809581 0.033594
v -0.150881 0.742626 0.074178
v -0.173885 0.774864 -0.020877
v -0.173418 0.667349 -0.041450
v -0.164604 0.740148 -0.082992
v -0.135966 0.640955 -0.096715
v -0.103190 0.710645 -0.150976
v -0.079953 0.633848 -0.136551
v -0.155206 0.902274 -0.024921
v -0.172179 0.805793 -0.129865
v -0.111934 0.776524 -0.204277
v 0.026020 0.778979 -0.232331
v -0.011642 0.824402 -0.305037
v -0.167971 0.947394 -0.063261
v -0.102723 0.951158 0.012437
v -0.048696 0.991789 -0.004839
v -0.020783 0.940194 0.022700
v 0.080842 0.922870 -0.005588
v 0.151583 0.880510 -0.069269
v 0.138468 0.823888 -0.167714
v 0.145996 0.865992 -0.242571
v 0.078387 0.842871 -0.292436
v 0.180853 0.897061 -0.176341
v 0.154576 0.946786 -0.070438
v 0.114366 0.966915 -0.039158
v 0.009749 0.991158 -0.004512
v -0.041449 0.437262 0.111910
v -0.015149 0.432844 0.132623
v -0.041659 0.428753 0.176387
v -0.006172 0.411850 0.187445
v 0.014541 0.418560 0.142372
v 0.091806 0.364346 0.155861
v 0.097697 0.393452 0.156188
v 0.086709 0.403504 0.121916
v 0.077265 0.433592 0.137953
v 0.064804 0.472259 0.193009
v 0.023028 0.445071 0.148824
v -0.054938 0.492808 0.176013
v -0.085119 0.516490 0.156866
v -0.103868 0.523878 0.132132
v -0.071022 0.489933 0.069432
v -0.106159 0.420944 0.042407
v -0.103307 0.393452 0.039579
v -0.119415 0.513428 0.118737
v -0.008276 0.451476 0.187024
v 0.004045 0.449653 0.190484
v 0.046920 0.471768 0.195697
v 0.092858 0.438969 0.168251
v -0.100829 0.510552 -0.040187
v -0.029199 0.509781 -0.065833
v -0.047784 0.568857 -0.091736
v -0.119181 0.571218 -0.064243
v -0.073430 0.411523 -0.032846
v -0.010824 0.425526 -0.054237
v -0.050052 0.319624 -0.034179
v 0.006453 0.326123 -0.049959
v -0.038597 0.243201 -0.042712
v 0.033688 0.518618 -0.076306
v 0.064079 0.333885 -0.049725
v -0.058375 0.427443 0.077358
v -0.096130 0.429992 0.105154
v -0.061320 0.418840 0.056084
v -0.099800 0.420290 0.082524
v -0.067866 0.413978 0.026861
v 0.050240 0.400629 0.136434
v 0.084091 0.387701 0.117217
v 0.051362 0.456806 0.153967
v -0.017066 0.491453 0.140548
v -0.050660 0.514269 0.121238
v -0.067235 0.515719 0.094587
v -0.182512 0.853788 -0.169468
v -0.169444 0.896103 -0.162968
v -0.149572 0.825711 -0.220034
v -0.136551 0.855518 -0.218444
v -0.093395 0.811989 -0.270390
v -0.086171 0.842029 -0.269338
v -0.010309 0.851708 -0.301881
v 0.072659 0.869428 -0.289794
v 0.131291 0.892058 -0.244230
v 0.157101 0.921538 -0.183471
v 0.180876 0.924063 -0.114786
v 0.155581 0.944542 -0.135125
v 0.134845 0.965231 -0.098585
v 0.101204 0.982040 -0.071467
v 0.064454 0.982648 -0.016949
v 0.056084 0.993753 -0.051876
v 0.006429 0.999410 -0.042922
v -0.050987 0.997657 -0.045961
v -0.109619 0.981129 -0.022677
v -0.109128 0.982578 -0.067422
v -0.092623 0.964881 -0.087013
v -0.023004 0.981316 -0.069012
v 0.084488 0.969580 -0.091502
v 0.099497 0.897248 -0.228707
v 0.045471 0.980404 -0.073244
v 0.118971 0.948025 -0.129164
v 0.129140 0.922847 -0.177743
v -0.129654 0.926377 -0.126031
v -0.004278 0.789920 -0.100035
v 0.049281 0.874829 -0.268473
v -0.010169 0.860124 -0.276609
v -0.073991 0.852503 -0.251220
v -0.110367 0.860615 -0.208719
v -0.069082 -0.001216 -0.052718
v 0.020854 0.047644 0.020245
v -0.073337 -0.009772 0.026721
v 0.007738 0.003506 -0.114599
v 0.091034 0.001847 -0.076330
v -0.061274 -0.012695 0.056575
v -0.041659 -0.016505 0.081519
v -0.015266 -0.019521 0.099871
v 0.016575 -0.022069 0.108965
v 0.047247 -0.022443 0.106206
v 0.118153 -0.005985 -0.003226
v -0.178397 0.924180 -0.090520
v -0.176363 0.839738 -0.065529
v -0.155627 0.937154 -0.111373
v -0.097393 0.830714 -0.110391
v -0.184686 0.883128 -0.141250
v -0.139029 0.893765 -0.162805
v 0.072612 0.265060 -0.050660
v -0.227865 0.478571 -0.168790
v -0.207550 0.471394 -0.134026
v -0.200607 0.530541 -0.110742
v -0.170168 0.586367 -0.098445
v -0.160747 0.458700 -0.104827
v -0.206381 0.585268 -0.132624
v -0.130963 0.545502 -0.077615
v -0.130192 0.638407 -0.095266
v -0.228309 0.550459 -0.149690
v -0.140689 0.506975 -0.081987
v -0.208134 0.390880 -0.190625
v -0.130122 0.650306 -0.097019
v -0.134049 0.643760 -0.086616
v -0.183003 0.649207 -0.092133
v -0.156305 0.661457 -0.106744
v -0.233990 0.647454 -0.104243
v -0.204113 0.715180 -0.144102
v -0.236235 0.725770 -0.160841
v -0.295662 0.635040 -0.131876
v -0.263423 0.716139 -0.171969
v -0.242640 0.581131 -0.084442
v -0.161986 0.626157 -0.090473
v -0.192822 0.606987 -0.086382
v -0.334750 0.628004 -0.177439
v -0.343540 0.640067 -0.230928
v -0.314107 0.671767 -0.196212
v -0.132950 0.632773 -0.087177
v -0.182395 0.696174 -0.128439
v -0.212810 0.594550 -0.084044
v -0.279274 0.570400 -0.095079
v -0.312798 0.572808 -0.122688
v -0.339589 0.595625 -0.174564
v 0.195815 0.432867 0.196562
v 0.155067 0.470249 0.184312
v 0.173044 0.502487 0.194645
v 0.220852 0.501902 0.220758
v 0.225154 0.509687 0.268075
v 0.221647 0.512516 0.286638
v 0.200607 0.406918 0.207222
v 0.148334 0.398081 0.199274
v 0.183307 0.521493 0.291991
v 0.153173 0.481540 0.300945
v 0.140970 0.429127 0.307070
v 0.199719 0.424965 0.293815
v 0.228193 0.369583 0.300571
v 0.209304 0.326591 0.339215
v 0.192355 0.335311 0.269385
v 0.246171 0.348963 0.300594
v 0.211361 0.326427 0.310436
v 0.197778 0.463072 0.290822
v 0.201355 0.461529 0.195230
v 0.211361 0.488180 0.202220
v 0.208205 0.400161 0.296667
v 0.211127 0.384241 0.226065
v 0.224219 0.366287 0.248882
v 0.236539 0.356842 0.272307
v 0.221227 0.543726 0.248298
v 0.223564 0.572644 0.367970
v 0.191139 0.530307 0.288251
v 0.185645 0.523106 0.261647
v 0.214470 0.529395 0.159672
v 0.183518 0.518945 0.214891
v 0.163296 0.482522 -0.020970
v 0.140362 0.448063 -0.015477
v 0.146043 0.433405 0.187398
v 0.132086 0.407362 -0.010965
v 0.140362 0.366520 -0.008159
v 0.160981 0.367455 0.218023
v 0.163296 0.331617 -0.007458
v 0.197919 0.308332 -0.009001
v 0.177860 0.346462 0.242921
v 0.197919 0.505152 -0.026628
v 0.238620 0.513077 -0.031631
v 0.260946 0.544661 0.183844
v 0.309338 0.536969 0.205516
v 0.259987 0.508518 -0.033454
v 0.275347 0.496713 -0.045845
v 0.293885 0.494608 -0.035792
v 0.353757 0.516935 0.237240
v 0.313967 0.481119 -0.036680
v 0.380104 0.476865 0.238058
v 0.336901 0.446216 -0.035979
v 0.389595 0.429945 0.241261
v 0.345153 0.405375 -0.033174
v 0.380337 0.383002 0.246404
v 0.336901 0.364697 -0.028662
v 0.313967 0.330214 -0.023168
v 0.381530 0.542627 0.354411
v 0.412459 0.495567 0.355369
v 0.423610 0.440488 0.359133
v 0.412459 0.385620 0.365211
v 0.417859 0.443294 0.390062
v 0.378514 0.348496 0.402686
v 0.407432 0.494795 0.386555
v 0.378514 0.538793 0.385644
v 0.330893 0.573603 0.356538
v 0.283506 0.579097 0.392026
v 0.276936 0.584146 0.361284
v 0.313710 0.543539 0.238830
v 0.267071 0.553357 0.243084
v 0.232167 0.569138 0.398314
v 0.188497 0.540570 0.405468
v 0.187118 0.536034 0.375311
v 0.159158 0.495263 0.397262
v 0.149760 0.384615 0.315416
v 0.181905 0.344662 0.331383
v 0.187796 0.349828 0.407268
v 0.223564 0.312026 0.391301
v 0.221297 0.318782 0.271699
v 0.214470 0.317590 0.178655
v 0.267071 0.308730 0.264990
v 0.238620 0.299683 -0.012508
v 0.279321 0.307584 -0.017510
v 0.313733 0.317684 0.259262
v 0.353757 0.343633 0.252740
v 0.381530 0.339145 0.372645
v 0.330893 0.309057 0.380220
v 0.276936 0.299542 0.386766
v 0.334820 0.319951 0.409840
v 0.281331 0.296503 -0.035091
v 0.319274 0.321307 -0.041309
v 0.201870 0.296550 -0.368204
v 0.236726 0.287830 -0.029620
v 0.172039 0.302909 -0.365656
v 0.192121 0.297345 -0.025786
v 0.146651 0.319975 -0.364510
v 0.154178 0.322850 -0.024080
v 0.129842 0.345550 -0.365025
v 0.129047 0.361097 -0.024874
v 0.119976 0.405842 -0.027914
v 0.129047 0.450424 -0.032870
v 0.146651 0.430553 -0.374399
v 0.154178 0.488203 -0.038878
v 0.192121 0.513007 -0.045096
v 0.201870 0.452949 -0.382208
v 0.236726 0.521680 -0.050567
v 0.261928 0.485468 -0.177206
v 0.260174 0.516677 -0.052577
v 0.294610 0.503235 -0.055009
v 0.319274 0.486660 -0.056108
v 0.257065 0.429524 -0.385925
v 0.273874 0.403949 -0.385410
v 0.344405 0.448414 -0.055336
v 0.279952 0.374025 -0.383353
v 0.353476 0.403668 -0.052274
v 0.273874 0.344194 -0.380057
v 0.344405 0.359086 -0.047317
v 0.206802 0.374142 -0.335311
v 0.231700 0.446590 -0.384779
v 0.172039 0.447151 -0.378561
v 0.129842 0.405305 -0.370378
v 0.123787 0.375474 -0.367082
v 0.231700 0.302348 -0.371875
v 0.257065 0.318946 -0.376012
v 0.280233 0.441727 0.368484
v 0.311068 0.316515 0.665175
v 0.253278 0.328835 0.670131
v 0.159812 0.469407 0.667372
v 0.171548 0.527174 0.660966
v 0.204114 0.576104 0.653158
v 0.311068 0.619494 0.638033
v 0.368859 0.607197 0.633053
v 0.418023 0.574117 0.630856
v 0.450588 0.524579 0.631861
v 0.462347 0.466578 0.635812
v 0.450588 0.408834 0.642241
v 0.360489 0.387140 0.493229
v 0.427187 0.373651 0.647851
v 0.449419 0.396327 0.559319
v 0.430203 0.350062 0.596280
v 0.478665 0.324416 0.647898
v 0.461927 0.457835 0.552492
v 0.532669 0.464731 0.629640
v 0.449419 0.519553 0.548284
v 0.515345 0.550201 0.623819
v 0.414773 0.572317 0.547186
v 0.467350 0.623258 0.622323
v 0.362406 0.607501 0.549547
v 0.300899 0.620616 0.554854
v 0.224476 0.673591 0.643339
v 0.239368 0.608670 0.562381
v 0.187024 0.574444 0.570961
v 0.104009 0.554059 0.666717
v 0.152355 0.522335 0.579260
v 0.139848 0.460827 0.586087
v 0.086686 0.468893 0.676162
v 0.104009 0.383423 0.682007
v 0.152355 0.399109 0.590295
v 0.187024 0.346345 0.591370
v 0.152004 0.310366 0.683503
v 0.224476 0.261623 0.680230
v 0.239368 0.311161 0.589032
v 0.300899 0.298046 0.583726
v 0.309666 0.243505 0.672913
v 0.362406 0.309992 0.576198
v 0.405492 0.347678 0.537460
v 0.283506 0.309969 0.416129
v 0.232167 0.320910 0.420547
v 0.159158 0.393335 0.406356
v 0.148825 0.444439 0.402897
v 0.334820 0.568156 0.387607
v 0.407432 0.391979 0.395766
v 0.394878 0.672001 0.625572
v 0.309666 0.690142 0.632913
v 0.253278 0.608272 0.645116
v 0.152004 0.626203 0.655216
v 0.171548 0.411429 0.671346
v 0.204114 0.361891 0.672352
v 0.368859 0.327736 0.658091
v 0.394878 0.260033 0.662463
v 0.459495 0.302277 0.651896
v 0.515345 0.379565 0.639085
v 0.420571 0.338513 0.598337
v 0.411991 0.355953 0.651031
v 0.319438 0.646215 0.525140
v 0.364370 0.645093 0.578839
v 0.371126 0.593381 0.549056
v 0.336363 0.755227 0.589243
v 0.293254 0.826927 0.545760
v 0.239648 0.775075 0.481190
v 0.260876 0.870714 0.473568
v 0.285119 0.896149 0.507560
v 0.297018 0.947862 0.479974
v 0.388309 0.665525 0.595508
v 0.374259 0.823584 0.606917
v 0.349432 0.872187 0.568810
v 0.308520 0.922964 0.501178
v 0.259403 0.724788 0.491593
v 0.386462 0.761305 0.616759
v 0.344125 0.609091 0.532434
v 0.201636 0.552563 0.424100
v 0.192051 0.576245 0.455310
v 0.146931 0.579097 0.486239
v 0.116166 0.552235 0.505549
v 0.097627 0.546227 0.463750
v 0.114389 0.524415 0.511862
v 0.090590 0.512493 0.478244
v 0.129234 0.493650 0.522382
v 0.114670 0.472376 0.496035
v 0.150765 0.478384 0.532013
v 0.170099 0.526940 0.488717
v 0.197685 0.556443 0.459121
v 0.152285 0.465807 0.477052
v 0.147305 0.457437 0.509243
v 0.159485 0.490190 0.447104
v 0.131502 0.576315 0.447572
v 0.174517 0.566660 0.424568
v 0.172250 0.522218 0.428075
v 0.182185 0.527431 0.396678
v 0.081543 0.505222 0.366427
v 0.069901 0.509711 0.393475
v 0.071911 0.467911 0.385924
v 0.082618 0.482639 0.362359
v 0.098375 0.442475 0.364440
v 0.096926 0.468893 0.350740
v 0.133769 0.448320 0.341599
v 0.116049 0.472049 0.338397
v 0.157381 0.482008 0.330799
v 0.128813 0.490237 0.332552
v 0.155371 0.523808 0.338350
v 0.127714 0.512843 0.336643
v 0.128907 0.549243 0.359834
v 0.113430 0.526590 0.348262
v 0.093512 0.543398 0.382675
v 0.094284 0.523434 0.360606
v 0.102209 0.498396 0.345059
v 0.104500 0.428940 0.378981
v 0.072355 0.459822 0.405071
v 0.069924 0.510599 0.414258
v 0.086686 0.462347 0.404252
v 0.081239 0.507537 0.418256
v 0.112004 0.434831 0.386859
v 0.150298 0.441143 0.362149
v 0.147492 0.436023 0.351231
v 0.098585 0.551511 0.401143
v 0.106768 0.543960 0.406590
v 0.141601 0.558618 0.373394
v 0.145038 0.550272 0.381880
v 0.175826 0.477566 0.350483
v 0.176177 0.476935 0.338116
v 0.173465 0.519576 0.363341
v 0.173722 0.527712 0.347280
v 0.106160 0.368274 0.387397
v 0.101835 0.374258 0.407034
v 0.113267 0.346602 0.407502
v 0.112332 0.353312 0.387677
v 0.133489 0.331757 0.391161
v 0.123273 0.345293 0.378841
v 0.150672 0.338443 0.367572
v 0.132554 0.348917 0.366076
v 0.154739 0.362733 0.350553
v 0.134751 0.362032 0.356889
v 0.143308 0.390413 0.350086
v 0.128579 0.376994 0.356631
v 0.123086 0.405234 0.366427
v 0.117638 0.385012 0.365445
v 0.105903 0.398548 0.389992
v 0.108357 0.381389 0.378209
v 0.117732 0.363972 0.369817
v 0.143284 0.327596 0.401213
v 0.118714 0.345620 0.421061
v 0.104827 0.379215 0.420477
v 0.125774 0.350693 0.421529
v 0.113430 0.380617 0.421015
v 0.147656 0.334656 0.403855
v 0.166241 0.341880 0.378350
v 0.164161 0.335708 0.372552
v 0.109784 0.408718 0.399787
v 0.117826 0.406871 0.402593
v 0.130637 0.416853 0.371149
v 0.136411 0.414118 0.377087
v 0.170636 0.368157 0.359951
v 0.169094 0.365211 0.351886
v 0.158270 0.398081 0.359437
v 0.155230 0.398829 0.351301
v 0.177252 0.341132 0.460523
v 0.197358 0.345761 0.443528
v 0.195838 0.349454 0.410611
v 0.142840 0.347304 0.484953
v 0.124091 0.367385 0.502066
v 0.119228 0.389594 0.511768
v 0.111817 0.435719 0.498606
v 0.129140 0.415100 0.522592
v 0.150485 0.435626 0.534398
v 0.146931 0.455380 0.514947
v 0.167761 0.381085 0.490962
v 0.156680 0.413323 0.453042
v 0.169047 0.338397 0.427186
v 0.130005 0.354013 0.455146
v 0.101297 0.377882 0.469080
v 0.094073 0.402289 0.481143
v 0.167060 0.365281 0.281915
v 0.180806 0.362827 0.323692
v 0.180455 0.353242 0.294633
v 0.193407 0.350179 0.328438
v 0.189853 0.348753 0.311044
v 0.175686 0.367245 0.271419
v 0.155207 0.382791 0.272026
v 0.160046 0.392026 0.259426
v 0.165657 0.389010 0.314902
v 0.173418 0.399998 0.315393
v 0.189760 0.353429 0.284791
v 0.199953 0.348940 0.302839
v 0.206054 0.349548 0.330729
v 0.197708 0.374562 0.264358
v 0.222395 0.372271 0.254002
v 0.204511 0.341062 0.253067
v 0.190508 0.364720 0.267748
v 0.181928 0.387724 0.241004
v 0.199438 0.382885 0.222769
v 0.187819 0.404206 0.204511
v 0.172507 0.409396 0.224920
v 0.184102 0.431464 0.193616
v 0.169257 0.436608 0.214657
v 0.174845 0.466859 0.213044
v 0.191583 0.461903 0.192354
v 0.184687 0.491219 0.218140
v 0.205820 0.485117 0.201261
v 0.199625 0.502908 0.237824
v 0.228661 0.496035 0.226182
v 0.160514 0.408367 0.223003
v 0.158971 0.436748 0.213207
v 0.160631 0.431581 0.189806
v 0.165727 0.468565 0.210893
v 0.169094 0.468963 0.187024
v 0.163343 0.397777 0.201635
v 0.170707 0.381739 0.240139
v 0.176621 0.366403 0.222418
v 0.178632 0.494702 0.217275
v 0.188895 0.504871 0.198269
v 0.214003 0.520395 0.229478
v 0.196680 0.509196 0.240489
v 0.206148 0.394434 0.230764
v 0.194272 0.394387 0.230741
v 0.182723 0.410190 0.228567
v 0.199695 0.414212 0.233242
v 0.196025 0.433288 0.224990
v 0.184102 0.431535 0.216854
v 0.196259 0.450447 0.230226
v 0.181741 0.452855 0.222395
v 0.205680 0.474994 0.224031
v 0.196633 0.474807 0.221670
v 0.194763 0.485678 0.199017
v 0.212857 0.487572 0.203833
v 0.192939 0.384592 0.220782
v 0.211782 0.385293 0.225434
v 0.175663 0.399156 0.207503
v 0.172881 0.430015 0.196071
v 0.175359 0.458186 0.192939
v 0.181811 0.502464 0.301296
v 0.189245 0.508916 0.275089
v 0.195254 0.513989 0.292786
v 0.181086 0.502089 0.264919
v 0.172694 0.491569 0.261436
v 0.171618 0.485257 0.301132
v 0.166148 0.478033 0.263914
v 0.161051 0.460570 0.303446
v 0.161519 0.472002 0.259028
v 0.155908 0.460056 0.255872
v 0.150040 0.442920 0.254820
v 0.206592 0.512656 0.290822
v 0.200443 0.507957 0.271582
v 0.191490 0.498326 0.258935
v 0.182349 0.487455 0.254446
v 0.172460 0.467911 0.251875
v 0.166358 0.457391 0.247666
v 0.176808 0.473428 0.257088
v 0.160233 0.441377 0.245843
v 0.148334 0.414866 0.256340
v 0.158036 0.405024 0.247386
v 0.158410 0.417788 0.309501
v 0.170496 0.408718 0.311278
v 0.191677 0.520582 0.381739
v 0.181507 0.535777 0.387584
v 0.180502 0.519717 0.366100
v 0.159532 0.538606 0.370214
v 0.159018 0.550692 0.400465
v 0.129024 0.548612 0.387093
v 0.132367 0.551978 0.414773
v 0.108264 0.543328 0.405492
v 0.116259 0.545339 0.423095
v 0.102349 0.533252 0.430038
v 0.126242 0.542019 0.439156
v 0.113080 0.521657 0.453229
v 0.144874 0.527642 0.457695
v 0.135803 0.498209 0.469290
v 0.103612 0.486730 0.456830
v 0.128346 0.466672 0.464030
v 0.104290 0.459939 0.447572
v 0.124956 0.441517 0.443668
v 0.157194 0.453042 0.456058
v 0.155791 0.478291 0.467607
v 0.103331 0.443878 0.425830
v 0.126055 0.429150 0.413066
v 0.155581 0.431394 0.426742
v 0.152215 0.427981 0.399039
v 0.100409 0.443411 0.398011
v 0.086242 0.461529 0.414048
v 0.092951 0.459401 0.432026
v 0.086335 0.470108 0.385106
v 0.108334 0.456759 0.365118
v 0.131104 0.433288 0.381132
v 0.139777 0.452341 0.356094
v 0.158036 0.437753 0.374796
v 0.087528 0.477379 0.435930
v 0.079205 0.488624 0.411289
v 0.088930 0.507256 0.436140
v 0.088743 0.523667 0.407642
v 0.102793 0.530634 0.378747
v 0.127481 0.527011 0.357754
v 0.156236 0.513358 0.349758
v 0.198363 0.518477 0.399717
v 0.184149 0.536642 0.415754
v 0.153477 0.546718 0.432610
v 0.176224 0.523410 0.448554
v 0.106838 0.447338 0.439834
v 0.105435 0.444182 0.433148
v 0.100315 0.452201 0.436748
v 0.097861 0.449863 0.428986
v 0.102536 0.443200 0.426228
v 0.091899 0.458770 0.432563
v 0.098422 0.459074 0.441494
v 0.092811 0.452879 0.422815
v 0.105973 0.452879 0.444930
v 0.103518 0.459401 0.448156
v 0.099778 0.465994 0.448881
v 0.093746 0.466134 0.440933
v 0.095313 0.471792 0.447198
v 0.088790 0.469103 0.434784
v 0.088065 0.459986 0.422230
v 0.089141 0.454375 0.413650
v 0.093676 0.448507 0.415357
v 0.085330 0.461014 0.414352
v 0.086242 0.466812 0.426999
v 0.083623 0.476070 0.429431
v 0.082151 0.472960 0.422721
v 0.086592 0.477005 0.436397
v 0.098375 0.444813 0.420033
v 0.090707 0.475439 0.442569
v 0.082946 0.467490 0.417601
v 0.152121 0.415754 0.372926
v 0.140923 0.408110 0.368461
v 0.160490 0.407502 0.365351
v 0.163553 0.420103 0.380243
v 0.144009 0.420944 0.383516
v 0.156680 0.426438 0.398525
v 0.133536 0.421108 0.402897
v 0.146791 0.421108 0.422768
v 0.128299 0.412248 0.422300
v 0.140642 0.407525 0.437075
v 0.127901 0.402522 0.432540
v 0.162501 0.410003 0.437543
v 0.179333 0.419378 0.395299
v 0.173185 0.420033 0.418630
v 0.182606 0.405842 0.430249
v 0.189830 0.409957 0.412295
v 0.192705 0.400021 0.422113
v 0.199228 0.392493 0.412365
v 0.191910 0.388519 0.430225
v 0.130193 0.390763 0.440068
v 0.149503 0.391956 0.447128
v 0.138398 0.370705 0.444720
v 0.162104 0.368414 0.447034
v 0.150531 0.353031 0.439951
v 0.170146 0.352423 0.436841
v 0.158901 0.344615 0.432283
v 0.147516 0.340384 0.425152
v 0.184289 0.369185 0.437356
v 0.175920 0.390927 0.442920
v 0.167060 0.339542 0.421856
v 0.184710 0.350062 0.422534
v 0.177439 0.339238 0.402289
v 0.194576 0.355416 0.398338
v 0.182957 0.348239 0.383025
v 0.193196 0.365001 0.380103
v 0.183120 0.357847 0.372669
v 0.170730 0.352821 0.368297
v 0.201355 0.378513 0.395345
v 0.198526 0.372599 0.418396
v 0.180806 0.369606 0.365118
v 0.191840 0.384521 0.374001
v 0.172600 0.389618 0.360442
v 0.179310 0.408063 0.374071
v 0.195744 0.401774 0.394083
v 0.161472 0.368367 0.358081
v 0.148895 0.350366 0.367596
v 0.164067 0.339262 0.382394
v 0.137790 0.340360 0.386555
v 0.128369 0.354551 0.374960
v 0.121005 0.350576 0.393125
v 0.118316 0.360372 0.383095
v 0.111630 0.368203 0.393241
v 0.118924 0.372014 0.375194
v 0.112495 0.387724 0.386789
v 0.126733 0.391207 0.367830
v 0.126242 0.410261 0.382675
v 0.116399 0.404860 0.406894
v 0.118013 0.395673 0.425199
v 0.109713 0.382090 0.410097
v 0.119135 0.375778 0.431137
v 0.115254 0.358595 0.410962
v 0.131712 0.340968 0.409910
v 0.131619 0.352260 0.430997
v 0.154342 0.333931 0.406590
v 0.135079 0.369419 0.362289
v 0.148872 0.391792 0.358128
v 0.124839 0.407853 0.423703
v 0.125914 0.405959 0.427233
v 0.121917 0.404042 0.423750
v 0.122641 0.401283 0.427467
v 0.126125 0.403013 0.430179
v 0.118176 0.398922 0.423797
v 0.119345 0.403434 0.419822
v 0.121309 0.396982 0.428916
v 0.122805 0.407993 0.420033
v 0.120350 0.406801 0.416783
v 0.117802 0.404369 0.414492
v 0.116610 0.400185 0.417859
v 0.115511 0.401096 0.413347
v 0.115301 0.395953 0.419308
v 0.118503 0.393686 0.426953
v 0.121449 0.392166 0.431605
v 0.123764 0.395486 0.432727
v 0.118854 0.389688 0.429290
v 0.116002 0.393148 0.423025
v 0.113407 0.390670 0.418840
v 0.114436 0.388729 0.422394
v 0.113220 0.393662 0.415895
v 0.125330 0.399320 0.432072
v 0.113992 0.397309 0.414001
v 0.116446 0.388542 0.426041
v 0.158386 0.556490 0.134377
v 0.153594 0.536946 0.141086
v 0.158667 0.562826 0.154692
v 0.156773 0.577390 0.128649
v 0.152682 0.593123 0.155113
v 0.146464 0.572411 0.183915
v 0.129374 0.604345 0.185878
v 0.121285 0.580710 0.204207
v 0.102256 0.603761 0.200723
v 0.101110 0.584193 0.210121
v 0.079930 0.586110 0.209817
v 0.072986 0.611428 0.193500
v 0.049258 0.584661 0.197497
v 0.040398 0.607127 0.170309
v 0.027633 0.579307 0.172950
v 0.101648 0.625923 0.176153
v 0.070719 0.630832 0.158316
v 0.098375 0.634456 0.144640
v 0.141998 0.606379 0.122828
v 0.126990 0.623795 0.150648
v 0.098679 0.563363 0.213161
v 0.068591 0.556888 0.210051
v 0.035956 0.552633 0.186930
v 0.022443 0.553007 0.159111
v 0.037218 0.523784 0.164838
v 0.093863 0.531639 0.205142
v 0.061648 0.522008 0.191325
v 0.063752 0.504053 0.166171
v 0.087878 0.507466 0.183470
v 0.084068 0.498349 0.164043
v 0.105248 0.498957 0.160466
v 0.124769 0.549851 0.202360
v 0.117826 0.514854 0.183541
v 0.134494 0.511955 0.151372
v 0.148007 0.538489 0.171688
v 0.138749 0.522966 0.117311
v 0.151724 0.551113 0.114856
v 0.143331 0.577413 0.100806
v 0.099895 0.588121 0.210566
v 0.107212 0.584193 0.210262
v 0.097487 0.579050 0.212646
v 0.104804 0.573229 0.212389
v 0.112752 0.577904 0.210121
v 0.094307 0.567034 0.215078
v 0.088182 0.577437 0.213254
v 0.106300 0.563901 0.212599
v 0.091549 0.588167 0.211080
v 0.083577 0.585315 0.211641
v 0.077218 0.579821 0.212155
v 0.082291 0.570190 0.213815
v 0.073197 0.572574 0.212599
v 0.083787 0.560979 0.213979
v 0.100362 0.556537 0.213184
v 0.111280 0.554199 0.210963
v 0.115347 0.561563 0.210495
v 0.104921 0.548612 0.211501
v 0.091081 0.555064 0.213745
v 0.081356 0.550061 0.212810
v 0.088626 0.546017 0.212506
v 0.075839 0.556420 0.212927
v 0.115488 0.569933 0.210215
v 0.073080 0.564322 0.212857
v 0.096949 0.545877 0.212038
vn 0.0039 1.0000 -0.0002
vn -0.9608 0.0275 -0.2760
vn -0.7726 -0.3333 -0.5404
vn -0.6706 -0.5215 -0.5276
vn -0.9765 -0.0353 -0.2128
vn -0.7804 0.3569 0.5135
vn -0.7882 0.3020 0.5362
vn -0.6235 0.3647 0.6915
vn -0.6471 0.2627 0.7157
vn -0.7882 0.3333 0.5173
vn -0.7882 0.2863 0.5447
vn -0.7020 -0.6784 -0.2169
vn -0.5765 -0.0745 -0.8137
vn -0.4824 0.4275 -0.7646
vn -0.9843 0.1687 -0.0520
vn -0.9294 0.2314 -0.2875
vn -0.4824 0.3961 -0.7813
vn -0.2856 -0.9584 -0.0000
vn -0.8196 -0.3804 0.4284
vn -0.8745 -0.0980 0.4750
vn -0.8039 -0.1608 0.5726
vn -0.5373 0.1059 0.8367
vn -0.5921 -0.1843 0.7845
vn -0.3882 -0.2078 0.8978
vn -0.4588 0.1373 0.8779
vn -0.2785 0.0588 0.9586
vn -0.1686 -0.1294 0.9772
vn -0.2784 -0.0274 0.9601
vn -0.2863 -0.2470 0.9258
vn -0.3255 -0.1059 0.9396
vn -0.3098 -0.3490 0.8844
vn -0.3804 -0.1294 0.9157
vn -0.3098 -0.3098 0.8989
vn -0.7255 -0.0666 0.6850
vn -0.3177 -0.8588 0.4020
vn -0.6235 -0.6313 0.4611
vn -0.1687 -0.3490 0.9218
vn -0.0667 -0.2706 0.9604
vn 0.0118 -0.2784 0.9604
vn 0.1137 -0.2784 0.9537
vn 0.6470 -0.3490 0.6779
vn 0.7725 -0.5843 0.2487
vn 0.5529 -0.2706 0.7881
vn 0.9450 -0.2000 0.2586
vn 0.9058 -0.3568 0.2283
vn 0.8980 0.0588 0.4361
vn 0.4431 0.5451 0.7117
vn 0.1451 0.8667 0.4773
vn 0.0666 0.6627 0.7459
vn 0.1529 -0.2470 0.9569
vn 0.8039 0.3490 0.4816
vn 0.8196 -0.1372 0.5563
vn 0.1215 0.9137 0.3877
vn 0.9058 0.3804 0.1864
vn 0.9921 0.0824 0.0945
vn 0.9921 -0.0274 0.1223
vn 0.8431 -0.2078 0.4960
vn 0.4039 -0.3255 0.8550
vn 0.1294 -0.2627 0.9562
vn 0.3019 -0.3176 0.8989
vn -0.1608 -0.1451 0.9763
vn -0.2392 -0.2000 0.9502
vn -0.4118 0.8196 0.3984
vn -0.6706 0.7255 0.1548
vn -0.9059 0.0510 0.4205
vn -0.6236 0.2549 0.7390
vn -0.7948 0.6069 -0.0000
vn -0.9765 0.1922 -0.0979
vn -0.7177 0.6000 -0.3535
vn -0.9608 0.1137 -0.2529
vn -0.2863 0.8353 0.4694
vn -0.6471 0.3647 0.6695
vn -0.1059 0.9372 0.3322
vn -0.4667 0.4902 0.7361
vn -0.0275 0.8588 0.5116
vn -0.2079 0.4353 0.8760
vn 0.1058 0.3334 0.9368
vn 0.1608 0.8118 0.5614
vn -0.2706 0.9529 -0.1367
vn 0.0588 0.9921 0.1104
vn 0.1608 0.9765 0.1438
vn 0.1765 0.9608 0.2139
vn 0.3960 0.7020 0.5919
vn 0.4901 0.6235 0.6091
vn 0.5607 0.4432 0.6994
vn 0.4745 0.3490 0.8081
vn -0.9765 -0.1764 -0.1240
vn -0.8980 -0.3568 -0.2573
vn -0.9605 -0.2783 -0.0000
vn -0.9765 -0.1451 0.1596
vn -0.8274 -0.2392 0.5081
vn -0.9137 -0.1451 0.3796
vn -0.7255 -0.1451 0.6728
vn -0.5059 -0.3490 0.7888
vn -0.6000 -0.4274 0.6762
vn -0.6784 -0.1686 0.7150
vn -0.7020 -0.6706 -0.2400
vn -0.7020 -0.7098 0.0590
vn -0.3726 -0.8039 0.4637
vn -0.6000 -0.7019 0.3838
vn -0.3647 -0.9137 0.1793
vn -0.2314 -0.9215 0.3119
vn -0.4582 -0.8889 -0.0000
vn -0.0510 -0.9372 0.3450
vn -0.2314 -0.6705 0.7049
vn -0.4118 -0.3569 0.8385
vn -0.6392 -0.3803 0.6684
vn -0.5843 -0.2470 0.7730
vn -0.2941 -0.1843 0.9378
vn 0.0588 -0.2549 0.9652
vn -0.0039 -0.1843 0.9829
vn 0.3961 -0.1764 0.9011
vn 0.4353 -0.5764 0.6915
vn 0.5215 -0.5608 0.6431
vn 0.2157 -0.7568 0.6170
vn 0.3961 -0.7960 0.4577
vn -0.1294 0.8353 0.5344
vn -0.2784 0.8745 0.3971
vn -0.1294 0.9216 0.3660
vn -0.1687 0.9059 0.3885
vn -0.2863 0.9059 0.3121
vn -0.3098 0.8196 0.4819
vn -0.4588 0.6235 0.6330
vn -0.3961 0.6784 0.6187
vn -0.0275 0.6471 0.7619
vn 0.1843 0.8196 0.5425
vn -0.1216 0.4431 0.8882
vn -0.6157 0.3883 0.6857
vn -0.7961 0.5686 0.2072
vn -0.1373 0.6235 0.7696
vn -0.7804 0.4431 0.4411
vn -0.9451 0.3255 0.0292
vn -0.8039 0.5922 0.0553
vn -0.9529 0.2784 -0.1199
vn -0.9686 0.0432 -0.2448
vn -0.9998 0.0195 0.0001
vn -0.9137 -0.3019 -0.2719
vn -0.8980 0.1843 0.3994
vn -0.3020 0.3412 0.8902
vn -0.5216 0.3334 0.7854
vn -0.7490 -0.6392 0.1744
vn -0.7562 -0.6543 -0.0000
vn -0.6941 -0.5294 0.4878
vn -0.1843 -0.6000 0.7785
vn -0.2392 -0.9372 0.2538
vn -0.6627 -0.5764 0.4780
vn -0.3568 -0.4666 0.8093
vn 0.2157 0.4196 0.8817
vn -0.1216 -0.5921 0.7966
vn 0.5451 0.3490 0.7623
vn 0.0902 -0.7333 0.6739
vn 0.7568 0.2471 0.6051
vn 0.6000 0.5686 0.5627
vn 0.5921 -0.4274 0.6832
vn 0.3725 0.6784 0.6332
vn 0.4745 0.7882 0.3919
vn 0.2549 0.8588 0.4444
vn -0.0667 -0.9372 0.3423
vn -0.2784 -0.9451 0.1713
vn -0.2549 -0.9451 0.2047
vn -0.7412 0.4275 0.5176
vn -0.7569 0.2628 0.5984
vn -0.5765 0.2941 0.7624
vn -0.5451 0.5294 0.6501
vn -0.7098 0.0196 0.7041
vn -0.0745 0.5137 0.8547
vn -0.0588 0.6078 0.7919
vn -0.5137 0.8431 0.1588
vn -0.3647 0.8745 0.3197
vn -0.0824 0.9765 -0.1993
vn -0.0510 0.9921 -0.1142
vn 0.3568 0.8196 -0.4483
vn 0.3960 0.8667 -0.3034
vn 0.5294 0.6471 -0.5487
vn 0.5843 0.7255 -0.3637
vn 0.7254 0.2628 -0.6361
vn 0.8039 0.4431 -0.3968
vn 0.7804 0.6000 0.1762
vn 0.6157 0.7804 0.1094
vn 0.3568 0.7098 0.6073
vn 0.4196 0.6471 0.6366
vn 0.2549 0.9137 0.3165
vn 0.9058 -0.4117 -0.0997
vn 0.8117 -0.2235 -0.5396
vn 0.7568 -0.3568 0.5476
vn 0.7019 -0.2706 0.6588
vn 0.3725 -0.3490 0.8599
vn 0.2470 -0.3725 0.8946
vn 0.2784 -0.5137 0.8115
vn 0.0980 -0.4039 0.9095
vn 0.1529 -0.1764 0.9724
vn -0.8431 -0.3961 0.3637
vn 0.8746 -0.4508 0.1784
vn 0.7255 -0.6470 0.2347
vn 0.2078 -0.8509 0.4824
vn 0.0196 -0.7333 0.6796
vn 0.0118 -0.7255 0.6882
vn -0.3961 -0.8745 0.2801
vn -0.7098 -0.6392 0.2960
vn -0.6314 -0.7647 0.1290
vn -0.2000 -0.9686 0.1478
vn 0.0431 -0.9686 0.2449
vn 0.3568 -0.9294 0.0946
vn 0.2231 -0.9748 -0.0000
vn 0.6235 -0.7725 -0.1204
vn 0.5372 -0.7019 -0.4676
vn 0.7803 -0.4510 -0.4332
vn 0.7411 -0.2156 -0.6358
vn 0.5686 -0.4196 -0.7076
vn -0.1608 0.2157 0.9631
vn -0.0275 -0.0196 0.9994
vn 0.3019 -0.0274 0.9529
vn 0.6392 -0.0196 0.7688
vn 0.8353 0.0902 0.5424
vn 0.8745 0.3255 0.3597
vn 0.8745 0.4667 0.1324
vn 0.5686 0.0902 -0.8177
vn 0.3255 0.6549 0.6820
vn 0.3725 0.5372 0.7567
vn 0.3726 0.6784 0.6332
vn 0.9137 0.1922 0.3581
vn 0.6705 0.1686 0.7225
vn 0.6157 -0.1215 0.7786
vn 0.9372 -0.0666 0.3423
vn 0.8274 -0.2862 0.4832
vn 0.9843 -0.0588 0.1666
vn 0.9607 -0.1529 -0.2315
vn 0.8509 0.0824 -0.5188
vn 0.9686 0.2471 -0.0284
vn 0.8274 0.3098 -0.4684
vn 0.4980 0.0588 -0.8652
vn 0.5137 -0.0510 -0.8565
vn 0.9686 -0.0275 -0.2473
vn 0.4980 0.1451 -0.8550
vn 0.8745 0.0981 -0.4751
vn 0.8039 0.1216 -0.5822
vn 0.9991 -0.0431 -0.0000
vn 0.9843 -0.0666 0.1636
vn 0.8902 -0.1764 0.4201
vn 0.7647 -0.1451 0.6279
vn 0.6549 -0.1608 0.7385
vn 0.3882 -0.2549 0.8856
vn 0.1294 -0.1843 0.9743
vn -0.0353 -0.1765 0.9837
vn -0.3098 -0.2313 0.9222
vn -0.5294 -0.1294 0.8384
vn -0.6471 -0.0980 0.7561
vn -0.7490 -0.1529 0.6447
vn -0.8824 -0.0431 0.4686
vn -0.9765 -0.0745 0.2024
vn -0.9843 0.0353 0.1729
vn -0.9216 0.0824 -0.3794
vn -0.9137 -0.1608 -0.3732
vn -0.9451 -0.2862 0.1577
vn -0.9921 0.0902 -0.0866
vn -0.8118 0.2628 -0.5215
vn -0.3726 0.2000 -0.9062
vn -0.3647 -0.0196 -0.9309
vn -0.8039 -0.0666 -0.5910
vn -0.9922 -0.0980 -0.0777
vn -0.9294 0.2706 -0.2510
vn -0.8118 0.2000 -0.5487
vn -0.6784 -0.0431 -0.7334
vn -0.4980 0.3020 -0.8129
vn -0.6863 0.2784 -0.6720
vn -0.1608 0.3412 -0.9261
vn -0.0196 0.1059 -0.9942
vn 0.4196 0.3333 -0.8443
vn -0.0275 0.3255 -0.9451
vn 0.2000 0.3020 -0.9321
vn -0.9510 0.3092 -0.0000
vn -0.9765 0.0196 0.2148
vn -0.8353 0.5373 0.1168
vn -0.9294 -0.2156 0.2995
vn -0.9059 -0.0510 0.4205
vn -0.7020 -0.0823 0.7074
vn -0.9137 0.1451 0.3795
vn -0.7177 0.0824 0.6915
vn -0.2706 0.0824 0.9592
vn -0.3098 -0.1451 0.9397
vn 0.2863 0.1216 0.9504
vn 0.2235 -0.1529 0.9626
vn -0.3098 -0.3176 0.8962
vn 0.2862 -0.3333 0.8983
vn -0.6863 -0.2784 0.6719
vn -0.8980 -0.2313 0.3742
vn -0.2706 0.3961 0.8774
vn 0.0902 0.4353 0.8958
vn 0.1686 0.6471 0.7436
vn -0.1843 0.6784 0.7112
vn -0.4275 0.6314 0.6470
vn -0.5059 0.2000 0.8391
vn 0.5294 0.5686 0.6296
vn 0.5215 0.4196 0.7429
vn 0.8588 0.4196 0.2940
vn 0.9058 0.2235 0.3598
vn 0.9607 0.1921 -0.2001
vn 0.9686 -0.0902 -0.2318
vn 0.6549 -0.0745 -0.7521
vn 0.7098 -0.3412 -0.6163
vn 0.5059 -0.1294 -0.8529
vn 0.5137 -0.4117 -0.7527
vn -0.3725 0.0980 0.9228
vn 0.0431 0.1686 0.9847
vn -0.5373 -0.0117 0.8433
vn -0.6627 -0.0588 0.7465
vn -0.6784 0.1530 0.7185
vn -0.6235 0.0588 0.7796
vn -0.7647 -0.0666 0.6409
vn -0.3804 0.1137 0.9178
vn -0.0040 0.1922 0.9814
vn -0.8980 -0.2078 0.3877
vn -0.9216 -0.2000 0.3328
vn -0.8274 0.1686 0.5356
vn -0.8275 0.4667 0.3123
vn -0.5765 0.6000 0.5547
vn -0.9921 -0.0039 0.1250
vn -0.9605 0.2783 -0.0000
vn -0.9529 -0.2392 -0.1863
vn -0.8980 0.0667 -0.4348
vn -0.6549 -0.4745 -0.5882
vn -0.7490 -0.0353 -0.6616
vn -0.2628 -0.5921 -0.7618
vn -0.2784 -0.1215 -0.9527
vn 0.0431 -0.5294 -0.8473
vn -0.0667 -0.1608 -0.9847
vn 0.2941 -0.5451 -0.7851
vn -0.9059 -0.4039 -0.1275
vn -0.9137 -0.3568 -0.1944
vn -0.9059 -0.2157 0.3645
vn -0.5765 -0.0039 0.8171
vn -0.9373 -0.3019 0.1743
vn -0.7490 -0.6000 0.2811
vn -0.8039 -0.4588 0.3785
vn -0.8824 -0.3804 0.2771
vn -0.9059 -0.2862 -0.3122
vn -0.8745 -0.2157 -0.4344
vn -0.9529 -0.2706 0.1368
vn -0.9765 -0.1764 0.1241
vn -0.8588 -0.1372 -0.4936
vn -0.9895 -0.1447 -0.0000
vn -0.0981 0.1530 0.9834
vn 0.4431 0.2392 0.8640
vn 0.3647 0.2471 0.8978
vn 0.8431 0.1451 0.5178
vn 0.8666 0.1216 0.4839
vn 0.4980 0.1843 0.8474
vn 0.8823 0.0510 0.4679
vn -0.1686 0.0510 0.9844
vn -0.4118 0.0039 0.9113
vn -0.7412 -0.2157 0.6357
vn 0.2314 0.2235 0.9468
vn 0.7725 0.1608 0.6143
vn 0.9372 -0.0117 0.3486
vn 0.9450 -0.0196 0.3263
vn 0.9921 0.0118 -0.1248
vn 0.7882 -0.0510 -0.6133
vn 0.9764 -0.1137 -0.1835
vn 0.7333 -0.2235 -0.6421
vn 0.9607 -0.2392 -0.1406
vn 0.6784 -0.4274 -0.5976
vn 0.9607 -0.0274 0.2761
vn 0.7490 -0.0823 0.6575
vn 0.6862 -0.0588 0.7250
vn 0.6000 0.2392 0.7634
vn 0.4352 -0.0510 0.8989
vn 0.3647 0.3333 0.8694
vn 0.1294 -0.0823 0.9882
vn 0.0196 -0.0510 0.9985
vn 0.6784 -0.0902 0.7291
vn 0.9294 -0.0509 0.3656
vn 0.9843 0.0353 -0.1731
vn -0.3333 -0.1451 0.9316
vn -0.1686 -0.1137 0.9791
vn -0.7255 -0.1843 0.6631
vn -0.5372 -0.1843 0.8230
vn -0.6392 -0.1921 0.7446
vn -0.8353 -0.1764 0.5207
vn -0.8745 -0.1686 0.4548
vn -0.9216 -0.1764 0.3458
vn -0.9686 -0.1529 0.1959
vn 0.8274 0.0588 -0.5585
vn 0.4274 0.0436 -0.9030
vn 0.3961 -0.0823 -0.9145
vn 0.3176 -0.2784 -0.9064
vn 0.1451 0.4588 0.8766
vn -0.1530 0.4667 0.8711
vn 0.5451 0.3647 0.7549
vn 0.9372 0.0981 0.3347
vn 0.8588 -0.3490 -0.3751
vn 0.2235 -0.5529 -0.8027
vn -0.4275 0.4431 0.7880
vn -0.6549 0.3647 0.6619
vn -0.8431 0.2706 0.4646
vn -0.9922 0.0745 0.1004
vn -0.9137 -0.2000 -0.3537
vn -0.4667 -0.4666 -0.7513
vn -0.8274 0.2549 0.5003
vn -0.9843 0.0118 0.1761
vn -0.8980 -0.3490 -0.2679
vn -0.3961 -0.6941 -0.6011
vn 0.2470 -0.7568 -0.6052
vn -0.9059 -0.3960 -0.1501
vn -0.9843 -0.1529 0.0881
vn -0.7412 -0.5764 -0.3441
vn -0.1295 -0.8588 -0.4957
vn -0.0039 -0.8509 -0.5253
vn 0.4823 -0.7725 -0.4130
vn -0.8431 0.2314 0.4854
vn -0.5216 0.4745 0.7091
vn -0.3882 0.4510 0.8037
vn -0.1294 0.5451 0.8283
vn 0.1215 0.4353 0.8921
vn 0.5294 0.3020 0.7928
vn 0.9215 -0.0823 0.3795
vn 0.7882 -0.5529 -0.2703
vn 0.5764 -0.7411 -0.3441
vn 0.8745 -0.4745 0.1009
vn 0.8823 -0.4117 0.2281
vn 0.6941 0.0118 0.7198
vn 0.6313 0.0588 0.7733
vn 0.3176 0.2863 0.9040
vn 0.2392 0.3177 0.9175
vn 0.2392 0.9451 0.2227
vn -0.2157 0.5294 0.8205
vn -0.7177 0.3883 0.5781
vn 0.1058 0.9922 0.0666
vn 0.4039 0.8588 0.3151
vn 0.2392 0.5686 0.7870
vn 0.5137 0.7725 0.3732
vn 0.5059 0.5608 0.6555
vn 0.5294 0.7412 0.4128
vn -0.0353 0.7098 0.7035
vn -0.6078 0.6079 0.5109
vn -0.9372 -0.1059 0.3322
vn -0.7569 -0.2235 0.6142
vn -0.6627 -0.6235 0.4148
vn -0.5137 -0.5607 0.6493
vn -0.3569 -0.8352 0.4183
vn -0.0196 -0.7960 0.6049
vn 0.3255 -0.8901 0.3189
vn 0.2862 -0.9215 0.2624
vn -0.2314 -0.7255 0.6482
vn -0.5608 -0.7019 -0.4391
vn -0.7333 -0.6627 0.1518
vn -0.4824 -0.7725 -0.4130
vn -0.3490 -0.8901 -0.2929
vn -0.7098 -0.6470 0.2784
vn -0.1294 -0.9916 -0.0000
vn 0.0196 -0.9058 0.4232
vn -0.5373 -0.6392 0.5503
vn 0.1451 -0.7098 0.6893
vn -0.1687 -0.5372 0.8264
vn 0.2078 -0.4666 0.8597
vn 0.2313 -0.4117 0.8814
vn -0.3098 0.0981 0.9457
vn -0.3255 0.9373 -0.1249
vn 0.7333 -0.2784 -0.6203
vn 0.6627 -0.1764 -0.7278
vn -0.8118 -0.1686 0.5591
vn -0.4039 -0.0431 0.9138
vn -0.0981 -0.0666 0.9929
vn -0.0667 -0.0353 0.9972
vn 0.1764 0.2628 0.9486
vn 0.4353 0.2392 0.8679
vn 0.6941 -0.0902 0.7143
vn -0.1843 -0.6156 -0.7662
vn -0.2157 -0.2941 -0.9311
vn -0.5373 -0.3333 -0.7748
vn -0.5608 -0.5764 -0.5943
vn -0.5294 -0.1608 -0.8330
vn -0.1843 -0.1294 -0.9743
vn -0.4980 -0.0588 -0.8652
vn -0.1373 -0.0039 -0.9905
vn -0.0667 0.9843 -0.1634
vn -0.8274 0.5451 0.1349
vn -0.1294 0.9608 -0.2452
vn -0.7647 0.6235 -0.1626
vn -0.2941 0.8902 -0.3479
vn -0.4823 0.5843 -0.6526
vn -0.7098 0.3255 -0.6247
vn -0.8510 0.3255 -0.4122
vn -0.6628 0.2863 -0.6920
vn -0.4824 0.5608 -0.6729
vn -0.5373 0.1922 -0.8212
vn -0.4510 0.4980 -0.7406
vn -0.1843 0.1294 -0.9743
vn -0.1765 0.4980 -0.8490
vn 0.3176 0.1687 -0.9331
vn 0.1764 0.5765 -0.7978
vn 0.6392 0.3490 -0.6853
vn 0.3804 0.6627 -0.6451
vn 0.7255 0.5373 -0.4302
vn 0.4588 0.7569 -0.4655
vn 0.7019 0.6941 -0.1597
vn 0.4980 0.8196 -0.2833
vn 0.6078 0.7882 0.0962
vn 0.4274 0.8902 -0.1577
vn 0.4510 0.8667 0.2134
vn 0.3019 0.9529 -0.0274
vn 0.2706 0.9372 0.2199
vn 0.1686 0.9843 -0.0521
vn 0.0745 0.9765 0.2024
vn 0.0431 0.9921 -0.1174
vn -0.1216 0.9843 0.1279
vn -0.0981 0.9765 -0.1921
vn -0.3558 0.9345 -0.0000
vn -0.3020 0.9059 -0.2970
vn -0.5294 0.8353 -0.1483
vn -0.3333 0.8353 -0.4372
vn -0.0275 0.7569 -0.6530
vn -0.0588 0.7333 -0.6773
vn -0.0039 0.8117 -0.5840
vn -0.0118 0.8431 -0.5376
vn -0.0039 0.8588 -0.5123
vn -0.0039 0.8745 -0.4850
vn -0.6706 0.6706 -0.3172
vn -0.0353 0.8980 -0.4385
vn -0.0667 0.9137 -0.4008
vn -0.1216 0.9216 -0.3687
vn -0.2078 0.9216 -0.3279
vn -0.1922 0.9216 -0.3373
vn -0.0432 0.8902 -0.4535
vn 0.0588 0.8274 -0.5585
vn -0.1922 0.1843 -0.9639
vn 0.0274 0.8274 -0.5609
vn 0.0745 0.1687 -0.9829
vn 0.2862 0.1608 -0.9446
vn -0.4981 0.2863 -0.8185
vn -0.6863 0.4275 -0.5885
vn -0.7490 0.6392 -0.1743
vn 0.3568 0.1451 -0.9228
vn 0.5842 0.5922 -0.5550
vn -0.6235 0.7647 0.1626
vn -0.4274 0.8588 0.2823
vn 0.1843 0.9372 0.2960
vn 0.4980 0.8510 0.1668
vn 0.5451 0.8196 0.1765
vn 0.0039 -1.0000 -0.0089
vn 0.4902 -0.8666 -0.0933
vn 0.3882 -0.9137 0.1204
vn 0.4980 -0.8431 -0.2029
vn 0.2470 -0.9372 0.2462
vn 0.0745 -0.9529 0.2940
vn -0.1373 -0.9451 0.2967
vn -0.3177 -0.9294 0.1881
vn -0.4275 -0.8980 0.1043
vn 0.4431 -0.8196 -0.3633
vn 0.3411 -0.8039 -0.4872
vn 0.1921 -0.7882 -0.5847
vn 0.0196 -0.7882 -0.6151
vn -0.1373 -0.7882 -0.5999
vn -0.3020 -0.7960 -0.5245
vn -0.4275 -0.8117 -0.3980
vn -0.4902 -0.8352 -0.2491
vn -0.4980 -0.8588 -0.1202
vn -0.9373 0.0667 0.3422
vn -0.5294 -0.2862 -0.7986
vn -0.5216 -0.2784 -0.8065
vn -0.4981 -0.2549 -0.8288
vn -0.5529 -0.3097 -0.7735
vn -0.5529 -0.3098 -0.7735
vn 0.2470 0.7804 0.5744
vn 0.3411 0.8274 0.4461
vn 0.2941 0.8039 0.5170
vn 0.1529 0.7177 0.6794
vn 0.1529 0.7176 0.6794
vn -0.6784 -0.4196 0.6031
vn -0.6941 -0.2784 0.6639
vn -0.8510 -0.1921 0.4888
vn -0.8039 0.0118 0.5946
vn -0.6549 -0.0510 0.7540
vn -0.7020 0.2235 0.6762
vn -0.5137 0.1922 0.8362
vn -0.4824 -0.1059 0.8695
vn -0.4118 0.0510 0.9099
vn -0.5373 -0.2941 0.7905
vn -0.4196 0.2706 0.8664
vn 0.5215 -0.1608 -0.8379
vn 0.5686 -0.0745 -0.8192
vn 0.5764 -0.0667 -0.8144
vn 0.6470 0.0824 -0.7580
vn 0.6470 0.0745 -0.7588
vn 0.6862 0.2078 -0.6971
vn 0.6862 0.1843 -0.7036
vn 0.7019 0.3175 -0.6376
vn -0.1137 0.4510 0.8853
vn -0.0353 0.4275 0.9033
vn 0.0431 0.7726 0.6335
vn 0.0902 0.7020 0.7065
vn 0.0431 0.7725 0.6335
vn -0.1451 0.5765 0.8041
vn -0.3412 0.4510 0.8247
vn -0.1922 0.5686 0.7998
vn -0.4040 0.5374 0.7403
vn -0.5451 0.4353 0.7165
vn -0.5059 0.5294 0.6810
vn -0.4431 0.3333 0.8322
vn -0.6863 0.2784 0.6719
vn -0.3804 0.3412 0.8596
vn -0.1686 0.2628 0.9500
vn -0.0510 0.0196 0.9985
vn -0.1137 -0.0431 0.9926
vn -0.1608 0.2314 0.9595
vn -0.8196 0.3725 0.4352
vn -0.8902 0.1686 0.4232
vn -0.8745 0.4196 0.2432
vn -0.7255 0.5216 0.4490
vn 0.1608 -0.4432 -0.8819
vn 0.1686 -0.4588 -0.8724
vn 0.1607 -0.4431 -0.8819
vn 0.2000 -0.4431 -0.8739
vn 0.1921 -0.4431 -0.8756
vn 0.2470 -0.4510 -0.8577
vn 0.2470 -0.4509 -0.8577
vn 0.3490 -0.4509 -0.8215
vn 0.3568 -0.4510 -0.8181
vn 0.4902 -0.4509 -0.7459
vn 0.4666 -0.4431 -0.7654
vn 0.6157 -0.4352 -0.6569
vn 0.7098 -0.4274 -0.5599
vn 0.7568 -0.4039 -0.5139
vn 0.8431 -0.3882 -0.3721
vn -0.2157 0.0039 0.9764
vn -0.1922 0.2235 0.9556
vn -0.7882 0.1294 0.6016
vn -0.7804 0.2392 0.5777
vn -0.3098 -0.3333 0.8905
vn -0.4196 -0.3333 0.8443
vn -0.4039 -0.8353 0.3731
vn -0.9921 -0.0196 0.1235
vn -0.3882 -0.9058 0.1695
vn -0.9987 -0.0509 -0.0000
vn -0.4353 -0.8980 -0.0642
vn -0.5372 -0.3255 -0.7781
vn -0.8510 0.0980 0.5160
vn -0.2157 0.3961 0.8925
vn -0.8353 0.0745 0.5447
vn -0.2863 0.5373 0.7933
vn -0.8588 0.1137 0.4995
vn -0.3569 0.6706 0.6503
vn -0.1922 -0.0353 -0.9807
vn -0.2157 -0.0510 -0.9751
vn -0.7647 0.0980 -0.6369
vn -0.2392 -0.1372 -0.9612
vn -0.7961 -0.2235 -0.5624
vn -0.2471 -0.3255 -0.9127
vn -0.6549 -0.4666 -0.5944
vn -0.2784 -0.4667 -0.8395
vn -0.5530 -0.5999 -0.5782
vn -0.9451 0.2000 -0.2584
vn -0.4275 -0.4274 -0.7966
vn -0.4118 0.7882 0.4573
vn -0.7490 0.4745 0.4623
vn -0.4745 0.8431 0.2529
vn -0.6392 0.7569 -0.1363
vn -0.3961 0.9137 -0.0907
vn -0.3490 0.9216 -0.1700
vn -0.5373 0.8274 -0.1633
vn -0.3882 0.9137 -0.1199
vn -0.5451 0.8353 -0.0718
vn -0.7020 0.7098 -0.0586
vn -0.7489 0.6627 -0.0000
vn -0.9137 0.3961 0.0907
vn -0.9216 0.3804 0.0775
vn -0.9991 0.0431 -0.0000
vn -0.9922 0.0431 0.1174
vn -0.9451 -0.3255 0.0296
vn -0.9451 -0.3098 0.1041
vn -0.7569 -0.6470 0.0923
vn -0.7725 -0.6235 0.1201
vn -0.4980 -0.8509 0.1669
vn -0.6156 -0.7881 -0.0000
vn -0.3326 0.9431 -0.0000
vn -0.0196 0.9922 -0.1235
vn 0.0039 0.9921 -0.1250
vn 0.4117 0.8902 -0.1950
vn 0.3019 0.9451 -0.1251
vn 0.3647 0.9216 -0.1331
vn 0.4588 0.8745 -0.1573
vn 0.7098 0.6627 -0.2387
vn 0.7176 0.6784 -0.1574
vn 0.9058 0.3647 -0.2155
vn 0.9137 0.3726 -0.1624
vn 0.9764 -0.0196 -0.2150
vn 0.9921 -0.0118 -0.1248
vn 0.9058 -0.3960 -0.1503
vn 0.9137 -0.3882 -0.1204
vn 0.6862 -0.7255 -0.0530
vn 0.6993 -0.7149 -0.0000
vn 0.6784 0.7020 -0.2169
vn 0.9063 0.3637 -0.2155
vn 0.9843 -0.0117 -0.1763
vn 0.9055 -0.3969 -0.1503
vn 0.9843 -0.0196 -0.1756
vn 0.9058 -0.4039 -0.1278
vn 0.6784 -0.7254 -0.1162
vn 0.6941 -0.7176 -0.0574
vn 0.6862 0.6863 -0.2411
vn 0.3647 0.9059 -0.2154
vn 0.3568 0.9137 -0.1944
vn -0.0118 0.9843 -0.1761
vn -0.0275 0.9843 -0.1743
vn 0.3412 0.9059 -0.2510
vn -0.0353 0.9765 -0.2128
vn -0.3961 0.9059 -0.1500
vn -0.7177 0.6863 -0.1183
vn -0.7705 0.6375 -0.0000
vn -0.9294 0.3647 -0.0564
vn -0.7804 0.6157 -0.1092
vn -0.9187 0.3949 -0.0000
vn -0.9999 0.0118 -0.0000
vn -0.9996 0.0275 -0.0000
vn -0.9216 -0.3804 0.0778
vn -0.9294 -0.3490 0.1200
vn -0.7726 -0.6313 0.0677
vn -0.7333 -0.6784 0.0448
vn -0.6627 -0.7489 -0.0000
vn -0.3647 -0.9294 0.0571
vn -0.3020 -0.9529 0.0284
vn -0.6460 -0.7634 -0.0000
vn -0.5451 -0.8353 0.0722
vn -0.3412 -0.9372 0.0723
vn -0.0040 -1.0000 -0.0089
vn 0.0823 -0.9921 0.0946
vn 0.3788 -0.9255 -0.0000
vn 0.3647 -0.9294 -0.0574
vn 0.3558 -0.9346 -0.0000
vn -0.0196 -0.9998 -0.0000
vn -0.0118 -0.9999 -0.0000
vn -0.3949 -0.9187 -0.0000
vn 0.3721 -0.9282 -0.0000
vn -0.0092 -1.0000 -0.0003
vn -0.3883 -0.9215 0.0078
vn -0.3898 -0.9209 0.0079
vn -0.7098 -0.7019 0.0590
vn -0.7092 -0.7026 0.0590
vn -0.9216 -0.3803 0.0778
vn -1.0000 -0.0039 -0.0002
vn -1.0000 0.0001 0.0003
vn -0.9216 0.3804 -0.0775
vn -0.9216 0.3804 -0.0776
vn -0.7098 0.6941 -0.1199
vn -0.7087 0.7031 -0.0588
vn -0.3882 0.9059 -0.1693
vn -0.3875 0.9140 -0.1201
vn -0.1137 0.9765 -0.1833
vn -0.0353 0.9843 -0.1729
vn 0.3725 0.8980 -0.2340
vn 0.3412 0.9216 -0.1853
vn 0.3961 0.8980 -0.1915
vn 0.7098 0.6706 -0.2157
vn 0.7568 0.6078 -0.2403
vn 0.8980 0.3569 -0.2574
vn 0.9064 0.3634 -0.2154
vn 0.9764 -0.0197 -0.2149
vn 0.8980 -0.3960 -0.1917
vn 0.9058 -0.3961 -0.1504
vn 0.6863 -0.7176 -0.1189
vn -0.2627 -0.4823 -0.8357
vn -0.4039 -0.3883 -0.8283
vn -0.1059 -0.0745 -0.9916
vn -0.0903 -0.5137 -0.8532
vn 0.0745 -0.4823 -0.8728
vn 0.2157 -0.3960 -0.8925
vn 0.3098 -0.2549 -0.9160
vn 0.3568 -0.0901 -0.9298
vn 0.3333 0.0902 -0.9385
vn 0.2392 0.2471 -0.9390
vn 0.0902 0.3569 -0.9298
vn -0.0902 0.3960 -0.9138
vn -0.2706 0.3569 -0.8941
vn -0.4275 0.2549 -0.8673
vn -0.5216 0.0980 -0.8476
vn -0.5451 -0.0745 -0.8350
vn -0.5059 -0.2471 -0.8264
vn -0.0823 0.6314 0.7711
vn -0.5137 0.6314 0.5809
vn 0.1686 0.0275 0.9853
vn -0.2079 0.5215 0.8275
vn 0.0823 0.6863 0.7227
vn 0.3176 0.6392 0.7004
vn 0.5137 0.4980 0.6986
vn 0.6470 0.3020 0.7001
vn 0.6941 0.0667 0.7168
vn 0.6549 -0.1686 0.7367
vn 0.5137 -0.3725 0.7729
vn 0.3176 -0.5058 0.8020
vn 0.0823 -0.5529 0.8292
vn -0.1608 -0.5059 0.8475
vn -0.3569 -0.3647 0.8600
vn -0.4981 -0.1608 0.8521
vn -0.5373 0.0745 0.8401
vn -0.4823 0.2314 0.8449
vn -0.3569 0.3726 0.8566
vn 0.5607 -0.5764 -0.5944
vn 0.6784 -0.7176 -0.1576
vn 0.8274 -0.3804 -0.4132
vn 0.5215 -0.5686 -0.6362
vn 0.6549 -0.3725 -0.6576
vn 0.8823 -0.0431 -0.4687
vn 0.7411 -0.0588 -0.6688
vn 0.8117 0.3098 -0.4951
vn 0.6781 0.2474 -0.6921
vn 0.6156 0.6157 -0.4918
vn 0.5058 0.5059 -0.6987
vn 0.2470 0.6863 -0.6841
vn 0.3176 0.8196 -0.4768
vn -0.0353 0.8902 -0.4542
vn -0.0588 0.7490 -0.6599
vn -0.3647 0.6941 -0.6206
vn -0.3882 0.8274 -0.4057
vn -0.6941 0.6314 -0.3458
vn -0.6314 0.5216 -0.5739
vn -0.8039 0.2628 -0.5336
vn -0.8902 0.3333 -0.3106
vn -0.9686 -0.0196 -0.2478
vn -0.8588 -0.0431 -0.5105
vn -0.8039 -0.3490 -0.4816
vn -0.8981 -0.3803 -0.2211
vn -0.6941 -0.6862 -0.2175
vn -0.6314 -0.6156 -0.4716
vn -0.3647 -0.7882 -0.4957
vn -0.3882 -0.8823 -0.2661
vn -0.0353 -0.9607 -0.2752
vn -0.0589 -0.8509 -0.5219
vn 0.2549 -0.7725 -0.5816
vn 0.3019 -0.8980 -0.3201
vn 0.0902 0.0745 0.9931
vn 0.0985 0.0750 0.9923
vn 0.1058 0.0745 0.9916
vn 0.1137 0.0824 0.9901
vn 0.1138 0.0824 0.9901
vn 0.1215 0.0902 0.9885
vn 0.1138 0.0903 0.9894
vn 0.1142 0.0985 0.9886
vn 0.1059 0.0981 0.9895
vn 0.1058 0.1059 0.9887
vn 0.0980 0.1059 0.9895
vn 0.0980 0.0981 0.9903
vn 0.0901 0.0981 0.9911
vn 0.0902 0.0903 0.9918
vn 0.0901 0.0902 0.9918
vn 0.0902 0.0823 0.9925
vn -0.7333 -0.6156 0.2884
vn -0.7490 -0.5999 0.2811
vn -0.6627 -0.6941 0.2811
vn 0.4509 -0.6862 -0.5707
vn 0.4353 -0.6549 -0.6178
vn 0.7333 0.6784 -0.0448
vn 0.7254 0.6863 -0.0524
vn 0.7176 0.6863 -0.1186
vn 0.7490 0.6549 -0.1007
vn -0.6863 -0.3961 0.6101
vn -0.6314 -0.2862 0.7207
vn -0.7255 -0.2705 0.6328
vn -0.5765 -0.4666 0.6708
vn -0.6549 -0.1216 0.7459
vn -0.7412 -0.1764 0.6477
vn -0.7332 0.1136 0.6705
vn -0.7882 -0.0117 0.6153
vn -0.8431 0.2235 0.4890
vn -0.7176 0.3412 0.6071
vn -0.7569 0.4353 0.4875
vn -0.4353 -0.2157 0.8741
vn -0.5137 -0.0353 0.8572
vn -0.5608 0.1373 0.8165
vn -0.5451 0.3804 0.7471
vn -0.5137 0.4353 0.7393
vn 0.7098 -0.2470 -0.6597
vn 0.6862 -0.2627 -0.6783
vn 0.7019 -0.1059 -0.7043
vn 0.7019 -0.1215 -0.7018
vn 0.6862 0.0667 -0.7243
vn 0.6941 -0.0196 -0.7196
vn 0.6784 0.1294 -0.7232
vn 0.6627 0.1922 -0.7238
vn 0.6392 0.2941 -0.7106
vn 0.6235 0.3098 -0.7178
vn -0.7098 0.3098 -0.6326
vn -0.3491 0.5451 -0.7622
vn 0.4431 0.6706 -0.5949
vn 0.4353 0.8353 0.3359
vn -0.0196 0.8902 0.4552
vn -0.5137 0.6470 -0.5634
vn -0.5059 0.6000 0.6197
vn -0.8431 0.3412 -0.4156
vn -0.5686 0.1451 0.8097
vn -0.9216 -0.3098 -0.2340
vn -0.4745 -0.0196 0.8800
vn -0.7412 -0.6548 -0.1477
vn -0.5530 -0.7254 0.4099
vn -0.4118 -0.1137 0.9042
vn 0.4431 0.3177 0.8383
vn 0.6235 0.3020 0.7212
vn -0.4510 -0.6470 -0.6148
vn -0.4902 -0.3647 -0.7917
vn -0.6314 -0.1137 -0.7671
vn -0.9216 -0.2706 -0.2784
vn -0.9451 0.2628 -0.1943
vn -0.8510 0.2236 -0.4752
vn -0.8351 -0.1219 -0.5364
vn -0.5843 -0.5921 -0.5549
vn -0.6157 -0.3333 -0.7140
vn -0.1295 -0.5215 -0.8434
vn -0.3255 -0.2862 -0.9012
vn 0.1686 -0.0902 -0.9816
vn -0.1295 -0.0039 -0.9916
vn 0.1451 0.4431 -0.8846
vn -0.1447 0.3403 -0.9291
vn -0.1922 0.7647 -0.6151
vn -0.3647 0.5451 -0.7549
vn -0.6471 0.6941 -0.3154
vn -0.6549 0.4980 -0.5684
vn -0.5528 0.1217 -0.8244
vn -0.3412 -0.9372 -0.0723
vn -0.8118 -0.4745 0.3404
vn -0.8353 0.2549 0.4871
vn -0.0667 -0.4509 0.8901
vn -0.1687 0.0824 0.9822
vn 0.1843 -0.7960 0.5765
vn 0.6235 -0.7568 0.1962
vn 0.2706 -0.8274 -0.4921
vn -0.4432 0.8667 0.2292
vn 0.0431 0.6157 0.7868
vn 0.2235 0.9608 -0.1642
vn 0.5921 0.6705 0.4469
vn 0.9686 -0.2314 0.0913
vn 0.7176 -0.2157 -0.6622
vn 0.9372 0.3177 0.1440
vn 0.6941 0.5137 -0.5043
vn -0.7804 -0.6157 0.1094
vn -0.9922 -0.1137 0.0521
vn -0.9529 -0.2078 -0.2207
vn -0.8200 -0.5288 -0.2189
vn -0.4118 -0.8823 -0.2280
vn -0.5843 -0.7019 -0.4073
vn -0.1059 -0.7647 -0.6357
vn -0.3804 -0.6235 -0.6830
vn -0.0275 -0.3255 -0.9452
vn -0.3333 -0.3411 -0.8789
vn -0.2392 0.1765 -0.9548
vn -0.4667 -0.0196 -0.8842
vn -0.6078 0.4510 -0.6536
vn -0.7020 0.1530 -0.6956
vn -0.9137 0.3255 -0.2432
vn -0.9060 0.0743 -0.4167
vn -0.7255 -0.3098 -0.6146
vn 0.0196 -0.9764 0.2150
vn -0.4897 -0.6007 0.6320
vn -0.7803 0.0976 0.6177
vn 0.1293 -0.2627 0.9562
vn -0.1059 0.3020 0.9474
vn 0.5372 -0.5686 0.6230
vn 0.8902 -0.4274 0.1579
vn 0.4510 -0.8039 -0.3879
vn -0.6784 0.7098 0.1895
vn -0.0275 0.8039 0.5941
vn -0.2471 0.8824 -0.4005
vn 0.3255 0.9372 0.1251
vn 0.9764 0.0667 -0.2053
vn 0.5529 -0.1921 -0.8108
vn 0.7411 0.6314 -0.2282
vn 0.2627 0.5059 -0.8216
vn 0.1372 -0.9450 0.2967
vn -0.4510 -0.5843 -0.6747
vn -0.4039 -0.3804 -0.8320
vn -0.6392 -0.5607 -0.5263
vn -0.2235 -0.8980 0.3790
vn -0.8588 -0.3569 -0.3675
vn -0.4824 -0.6706 0.5636
vn -0.9765 0.2001 -0.0807
vn -0.5530 -0.2784 0.7853
vn -0.7333 0.6784 -0.0442
vn -0.4667 -0.0745 0.8813
vn -0.4667 0.0981 0.8790
vn -0.5765 0.8039 0.1463
vn 0.3647 -0.4588 0.8103
vn -0.4275 0.4039 -0.8088
vn -0.5373 -0.8431 -0.0233
vn -0.8196 -0.5137 0.2537
vn -0.8118 -0.5764 0.0936
vn -0.3647 -0.9215 0.1333
vn -0.4353 -0.8980 0.0642
vn -0.4510 -0.7176 -0.5307
vn -0.9972 -0.0743 -0.0000
vn -0.9608 0.1922 -0.2000
vn -0.9686 -0.0431 0.2448
vn -0.8118 0.5765 0.0934
vn -0.2863 -0.8980 -0.3341
vn -0.0902 -0.9921 -0.0871
vn -0.0039 -1.0000 0.0090
vn -0.5137 -0.6157 0.5975
vn 0.4588 0.6471 0.6090
vn 0.2706 0.6157 0.7401
vn -0.5451 -0.4352 0.7165
vn 0.2078 0.8353 0.5090
vn 0.4823 0.8196 0.3092
vn 0.7490 0.4667 0.4704
vn 0.4901 0.5294 0.6924
vn 0.8117 0.0745 0.5793
vn 0.5843 0.1373 0.7999
vn 0.4901 -0.2549 0.8335
vn 0.6784 -0.3019 0.6698
vn 0.1215 -0.7176 0.6858
vn 0.2706 -0.7568 0.5950
vn 0.1059 -0.6471 0.7551
vn 0.1215 -0.7803 0.6134
vn -0.9529 -0.0823 0.2918
vn -0.9686 0.1294 0.2122
vn -0.9921 0.0588 -0.1104
vn -0.9294 0.3412 0.1407
vn -0.9294 0.3490 -0.1199
vn -0.9686 -0.2392 -0.0675
vn -0.8902 -0.2941 0.3479
vn -0.8510 -0.4980 0.1668
vn -0.3177 0.7961 0.5151
vn -0.4824 0.7411 0.4669
vn -0.7647 0.0118 0.6443
vn -0.4667 -0.3960 0.7908
vn -0.1294 -0.3961 0.9091
vn -0.3177 0.1765 0.9316
vn -0.4902 0.0902 0.8669
vn -0.8588 0.0745 0.5068
vn -0.4432 0.0432 0.8954
vn -0.8275 0.2314 0.5116
vn -0.2706 0.6784 0.6830
vn -0.6157 0.6000 0.5108
vn -0.6706 0.6549 0.3484
vn -0.1843 0.8745 0.4486
vn -0.6000 -0.5294 0.5998
vn -0.0980 -0.6392 0.7628
vn -0.8980 -0.0667 0.4348
vn -0.9373 0.0510 0.3449
vn -0.8980 0.3098 0.3123
vn -0.2863 0.9451 -0.1576
vn -0.3020 0.9137 -0.2719
vn -0.8339 0.5520 -0.0000
vn -0.5216 0.7647 -0.3784
vn -0.8353 0.4980 -0.2329
vn -0.8824 0.4588 0.1046
vn -0.8823 0.4667 -0.0606
vn -0.9686 0.1843 0.1667
vn -0.8431 0.5216 -0.1307
vn -0.8824 0.3961 -0.2541
vn -0.9922 0.1137 -0.0520
vn 0.0353 0.9608 -0.2751
vn -0.0039 0.9216 -0.3882
vn -0.1765 0.7098 -0.6819
vn -0.4353 0.3176 -0.8424
vn -0.3175 0.5764 -0.7530
vn -0.5137 0.3647 -0.7766
vn -0.4196 0.3490 -0.8379
vn -0.6392 0.1059 -0.7617
vn -0.9686 -0.2392 0.0676
vn -0.7569 -0.6313 -0.1690
vn -0.9451 -0.2549 0.2046
vn -0.6157 -0.7725 0.1554
vn 0.4588 0.6157 -0.6406
vn 0.5686 0.7725 -0.2826
vn 0.7098 0.6078 -0.3561
vn 0.2000 0.7804 -0.5924
vn 0.2627 0.9608 -0.0888
vn -0.1373 0.9294 -0.3426
vn -0.0902 0.9922 0.0866
vn -0.5608 0.8274 -0.0291
vn -0.4117 0.8745 0.2564
vn -0.6784 0.6314 0.3756
vn -0.2078 0.7961 0.5684
vn -0.4588 0.4353 0.7746
vn -0.0196 0.6549 0.7554
vn -0.2785 0.1216 0.9527
vn -0.5686 0.0118 0.8225
vn -0.2235 -0.3647 0.9039
vn -0.5137 -0.4588 0.7250
vn -0.2000 -0.7803 0.5925
vn 0.0117 -0.6548 0.7557
vn -0.0040 -0.2862 0.9582
vn -0.5608 -0.7882 0.2535
vn -0.2628 -0.9607 0.0891
vn -0.0039 -0.9137 0.4064
vn -0.0196 -0.9921 -0.1238
vn -0.6235 -0.7490 -0.2241
vn -0.8980 -0.4353 0.0639
vn -0.8431 -0.4745 0.2530
vn -0.8353 -0.4823 -0.2639
vn -0.5060 -0.7019 -0.5014
vn -0.2549 -0.8745 -0.4127
vn -0.1843 -0.7490 -0.6364
vn 0.0274 -0.8588 -0.5116
vn -0.8823 -0.1058 0.4585
vn -0.9843 -0.0196 0.1754
vn -0.5922 0.7647 -0.2541
vn 0.0039 0.7333 -0.6799
vn 0.1921 0.6000 -0.7766
vn 0.7568 0.6471 -0.0924
vn 0.5372 0.8274 0.1635
vn 0.2470 0.8745 0.4174
vn 0.3960 0.7490 0.5312
vn -0.6706 -0.5842 0.4571
vn -0.6706 -0.6235 0.4020
vn -0.6628 -0.5921 0.4584
vn -0.7020 -0.6235 0.3443
vn -0.6941 -0.6313 0.3458
vn -0.7804 -0.4823 0.3979
vn -0.6941 -0.4901 0.5272
vn -0.7726 -0.5764 0.2663
vn -0.6628 -0.5372 0.5217
vn -0.6863 -0.4902 0.5374
vn -0.7177 -0.4353 0.5436
vn -0.7647 -0.3882 0.5143
vn -0.7569 -0.3725 0.5370
vn -0.8353 -0.3490 0.4249
vn -0.8432 -0.4744 0.2528
vn -0.8196 -0.5294 0.2191
vn -0.7726 -0.5842 0.2486
vn -0.8510 -0.4745 0.2252
vn -0.8667 -0.3725 0.3319
vn -0.8588 -0.3333 0.3890
vn -0.8745 -0.3647 0.3198
vn -0.8431 -0.3255 0.4280
vn -0.8040 -0.3411 0.4871
vn -0.8667 -0.4196 0.2699
vn 0.1529 0.5294 -0.8345
vn -0.3647 0.5529 -0.7492
vn -0.0745 0.7647 -0.6400
vn 0.2314 0.8667 -0.4420
vn -0.2863 0.8902 -0.3544
vn 0.0352 0.9994 -0.0000
vn -0.4736 0.8807 -0.0000
vn -0.1216 0.9137 0.3877
vn -0.5765 0.7333 0.3604
vn -0.2471 0.6078 0.7546
vn -0.5922 0.4823 0.6455
vn 0.1451 0.6392 0.7552
vn 0.5137 0.8431 -0.1589
vn 0.3098 0.8902 0.3341
vn 0.5215 0.5765 0.6290
vn 0.7176 0.6863 0.1186
vn 0.7960 0.4275 0.4285
vn 0.9607 0.2157 0.1745
vn 0.7725 0.1138 0.6247
vn -0.5216 0.1608 0.8379
vn -0.0588 0.2157 0.9747
vn -0.3726 -0.2000 0.9062
vn 0.1451 -0.1765 0.9736
vn -0.1530 -0.5294 0.8345
vn 0.3725 -0.5451 0.7511
vn 0.0745 -0.7647 0.6400
vn -0.2314 -0.8666 0.4421
vn 0.6157 -0.2392 0.7508
vn 0.3803 0.2000 0.9030
vn 0.2862 -0.8902 0.3545
vn 0.6862 -0.6156 0.3874
vn 0.4736 -0.8807 -0.0000
vn 0.8509 -0.5216 -0.0625
vn 0.5764 -0.7333 -0.3606
vn 0.8509 -0.2862 -0.4404
vn 0.6000 -0.4823 -0.6383
vn 0.2549 -0.6078 -0.7521
vn 0.9843 -0.0353 -0.1731
vn 0.9137 -0.2392 0.3286
vn 0.5215 -0.1607 -0.8380
vn 0.7882 0.1686 -0.5919
vn 0.3647 0.2000 -0.9094
vn 0.5764 0.5608 -0.5943
vn 0.8509 0.4588 -0.2557
vn 0.0588 -0.2157 -0.9747
vn -0.1451 -0.6392 -0.7552
vn 0.1294 -0.9137 -0.3853
vn -0.3177 -0.8902 -0.3267
vn -0.5216 -0.5764 -0.6290
vn -0.7176 -0.6784 -0.1574
vn -0.8039 -0.4274 -0.4136
vn -0.9686 -0.2157 -0.1235
vn -0.7725 -0.1137 -0.6247
vn -0.9137 0.2392 -0.3285
vn -0.6157 0.2392 -0.7508
vn -0.6863 0.6157 -0.3872
vn -0.8510 0.5216 0.0616
vn -0.8510 0.2941 0.4351
vn -0.9843 0.0432 0.1711
vn -0.7882 -0.1686 0.5918
vn -0.8510 -0.4588 0.2556
vn -0.5137 -0.8431 0.1588
vn -0.5765 -0.5608 0.5943
vn -0.0353 -0.9994 -0.0000
vn -0.3804 -0.2000 -0.9029
vn -0.1530 0.1765 -0.9723
vn -0.7098 0.5373 0.4555
vn -0.6863 0.5137 0.5149
vn -0.7019 0.5452 0.4584
vn -0.6863 0.4667 0.5579
vn -0.6784 0.4745 0.5609
vn -0.7961 0.4039 0.4507
vn -0.7725 0.5216 0.3621
vn -0.7256 0.3568 0.5884
vn -0.7334 0.5529 0.3956
vn -0.7725 0.5373 0.3384
vn -0.8118 0.4980 0.3049
vn -0.8431 0.4353 0.3156
vn -0.8510 0.4432 0.2819
vn -0.8823 0.3255 0.3399
vn -0.7961 0.2628 0.5452
vn -0.7567 0.2942 0.5838
vn -0.7177 0.3490 0.6026
vn -0.7961 0.2549 0.5489
vn -0.8588 0.2549 0.4443
vn -0.8823 0.2784 0.3794
vn -0.8667 0.2393 0.4378
vn -0.8902 0.3177 0.3266
vn -0.6941 0.4196 0.5849
vn -0.8745 0.3726 0.3105
vn -0.8353 0.2392 0.4950
vn 0.9764 -0.0117 0.2155
vn 0.8823 -0.4666 -0.0615
vn 0.9843 -0.1215 -0.1283
vn 0.9372 0.2471 -0.2462
vn 0.8666 0.4588 0.1961
vn 0.8118 0.1058 0.5743
vn 0.6078 0.5843 0.5377
vn 0.5215 0.2079 0.8275
vn 0.1843 0.6157 0.7661
vn 0.1686 0.2785 0.9455
vn -0.2157 0.3020 0.9286
vn -0.2863 0.7020 0.6521
vn -0.5765 0.2785 0.7682
vn -0.5530 0.6157 0.5614
vn -0.8039 0.1686 0.5703
vn 0.1686 0.8667 0.4695
vn -0.2235 0.8745 0.4304
vn 0.1529 0.9608 0.2313
vn 0.8431 0.5137 -0.1590
vn 0.6000 0.7568 0.2592
vn 0.1215 -0.0980 0.9877
vn -0.3569 -0.1686 0.9188
vn -0.7176 -0.2157 0.6622
vn -0.8745 -0.2235 0.4304
vn -0.6941 -0.5137 0.5043
vn 0.0588 -0.4823 0.8740
vn -0.4353 -0.5529 0.7105
vn -0.3961 -0.7725 0.4963
vn -0.0119 -0.7803 0.6253
vn -0.0510 -0.8980 0.4370
vn 0.3176 -0.8588 0.4020
vn 0.5372 -0.2784 0.7962
vn 0.4588 -0.6627 0.5919
vn 0.6941 -0.6784 0.2409
vn 0.7960 -0.4039 0.4508
vn 0.8196 -0.5451 -0.1767
vn 0.9215 -0.1843 -0.3418
vn 0.8823 0.2157 -0.4183
vn 0.0980 0.1843 0.9780
vn 0.1608 0.1608 0.9738
vn 0.0980 0.1922 0.9765
vn 0.1921 0.1137 0.9748
vn 0.2078 0.1216 0.9706
vn 0.0589 0.0274 0.9979
vn -0.0196 0.1608 0.9868
vn 0.2078 -0.0117 0.9781
vn 0.0274 0.2000 0.9794
vn -0.0353 0.1843 0.9822
vn -0.0746 0.1373 0.9877
vn -0.0980 0.0667 0.9929
vn -0.1137 0.0745 0.9907
vn -0.0745 -0.0510 0.9959
vn 0.1372 -0.1059 0.9849
vn 0.1921 -0.0745 0.9785
vn 0.2235 -0.0118 0.9746
vn 0.1451 -0.1216 0.9819
vn 0.0118 -0.1215 0.9925
vn -0.0510 -0.1058 0.9931
vn 0.0117 -0.1374 0.9905
vn -0.0980 -0.0589 0.9934
vn 0.2236 0.0588 0.9729
vn -0.1138 0.0039 0.9935
vn 0.0823 -0.1373 0.9871
vt 0.731586 0.345064
vt 0.729663 0.342179
vt 0.719086 0.340256
vt 0.725817 0.345064
vt 0.734470 0.349871
vt 0.731586 0.350833
vt 0.737355 0.352756
vt 0.734470 0.355640
vt 0.738316 0.346025
vt 0.738316 0.343141
vt 0.739278 0.350833
vt 0.738316 0.351794
vt 0.742162 0.346025
vt 0.743124 0.343141
vt 0.741201 0.347948
vt 0.728701 0.342179
vt 0.738316 0.345064
vt 0.738316 0.350833
vt 0.915232 0.170071
vt 0.917155 0.164302
vt 0.940231 0.173917
vt 0.940231 0.182571
vt 0.914270 0.181609
vt 0.940231 0.185455
vt 0.913309 0.195070
vt 0.942154 0.197955
vt 0.917155 0.201800
vt 0.939269 0.202762
vt 0.947923 0.182571
vt 0.948884 0.168148
vt 0.950807 0.167187
vt 0.951769 0.182571
vt 0.974844 0.180648
vt 0.975806 0.165264
vt 0.943115 0.190263
vt 0.946961 0.196993
vt 0.949846 0.202762
vt 0.967152 0.202762
vt 0.939269 0.205646
vt 0.951769 0.208531
vt 0.953692 0.215261
vt 0.920039 0.208531
vt 0.923885 0.221030
vt 0.951769 0.223915
vt 0.925808 0.224876
vt 0.953692 0.227761
vt 0.938308 0.247952
vt 0.952730 0.246991
vt 0.957538 0.231607
vt 0.950807 0.250837
vt 0.936385 0.250837
vt 0.961384 0.219107
vt 0.956576 0.206608
vt 0.950807 0.253721
vt 0.933500 0.254683
vt 0.954653 0.271028
vt 0.925808 0.268144
vt 0.937346 0.278720
vt 0.949846 0.277759
vt 0.923885 0.278720
vt 0.932539 0.292181
vt 0.938308 0.291220
vt 0.951769 0.290258
vt 0.962345 0.285451
vt 0.956576 0.296027
vt 0.966191 0.295066
vt 0.972921 0.289297
vt 0.969076 0.296989
vt 0.977729 0.297950
vt 0.960422 0.303719
vt 0.964268 0.307565
vt 0.977729 0.312373
vt 0.993113 0.309488
vt 0.992151 0.296989
vt 0.978690 0.280643
vt 0.963306 0.278720
vt 0.977729 0.277759
vt 0.962345 0.253721
vt 0.955615 0.251798
vt 0.421983 0.918116
vt 0.417176 0.921962
vt 0.411407 0.910424
vt 0.419099 0.906578
vt 0.410445 0.928693
vt 0.397946 0.925808
vt 0.406599 0.944077
vt 0.390254 0.945038
vt 0.423906 0.918116
vt 0.421983 0.905617
vt 0.425829 0.917155
vt 0.424868 0.904655
vt 0.437367 0.916193
vt 0.437367 0.900809
vt 0.456597 0.899848
vt 0.450828 0.916193
vt 0.421022 0.938308
vt 0.426791 0.933500
vt 0.438329 0.931577
vt 0.451790 0.926770
vt 0.460443 0.917155
vt 0.465251 0.923885
vt 0.478712 0.912347
vt 0.468135 0.902732
vt 0.507557 0.913309
vt 0.509480 0.909463
vt 0.520056 0.920039
vt 0.517172 0.923885
vt 0.536402 0.927731
vt 0.535440 0.931577
vt 0.544094 0.932539
vt 0.544094 0.928693
vt 0.546978 0.928693
vt 0.546017 0.931577
vt 0.517172 0.903694
vt 0.525825 0.912347
vt 0.549863 0.911386
vt 0.538325 0.918116
vt 0.545055 0.898886
vt 0.551786 0.899848
vt 0.528710 0.900809
vt 0.558516 0.898886
vt 0.557555 0.918116
vt 0.559478 0.926770
vt 0.548901 0.928693
vt 0.548901 0.932539
vt 0.560439 0.929654
vt 0.572939 0.918116
vt 0.574862 0.920039
vt 0.582554 0.911386
vt 0.580630 0.910424
vt 0.587361 0.900809
vt 0.589284 0.901771
vt 0.570054 0.908501
vt 0.577746 0.899848
vt 0.024885 0.177763
vt 0.012385 0.161418
vt 0.013347 0.160456
vt 0.030654 0.173917
vt 0.030654 0.197955
vt 0.038346 0.196032
vt 0.034500 0.205646
vt 0.041230 0.206608
vt 0.036423 0.207569
vt 0.041230 0.208531
vt 0.041230 0.211415
vt 0.035461 0.210454
vt 0.030654 0.222953
vt 0.035461 0.226799
vt 0.022000 0.242183
vt 0.026808 0.246029
vt 0.016231 0.255644
vt 0.020077 0.256606
vt 0.010462 0.268144
vt 0.503711 0.947923
vt 0.496980 0.945038
vt 0.500826 0.929654
vt 0.509480 0.932539
vt 0.491211 0.932539
vt 0.489288 0.946961
vt 0.487365 0.957538
vt 0.494096 0.957538
vt 0.471020 0.955615
vt 0.471981 0.945038
vt 0.468135 0.970998
vt 0.485442 0.971960
vt 0.512364 0.948884
vt 0.500826 0.959460
vt 0.504672 0.960422
vt 0.523902 0.956576
vt 0.520056 0.935423
vt 0.539286 0.944077
vt 0.556593 0.958499
vt 0.536402 0.970037
vt 0.565247 0.969076
vt 0.510441 0.970998
vt 0.497942 0.973883
vt 0.492173 0.972921
vt 0.540248 0.982536
vt 0.568131 0.978690
vt 0.511403 0.985421
vt 0.496019 0.986382
vt 0.489288 0.993113
vt 0.482558 0.986382
vt 0.468135 0.986382
vt 0.446021 0.967152
vt 0.441213 0.982536
vt 0.423906 0.962345
vt 0.416214 0.972921
vt 0.410445 0.956576
vt 0.426791 0.946000
vt 0.402753 0.964268
vt 0.447944 0.951769
vt 0.446982 0.938308
vt 0.472943 0.933500
vt 0.741201 0.889271
vt 0.760431 0.899848
vt 0.746008 0.921962
vt 0.757546 0.873887
vt 0.749854 0.862349
vt 0.742162 0.871003
vt 0.718125 0.868118
vt 0.733509 0.852734
vt 0.709471 0.847927
vt 0.691203 0.872926
vt 0.685434 0.854657
vt 0.674857 0.864272
vt 0.745047 0.859465
vt 0.280643 0.514287
vt 0.254683 0.497942
vt 0.272951 0.478712
vt 0.291220 0.496019
vt 0.241222 0.485442
vt 0.294104 0.470058
vt 0.302758 0.487365
vt 0.304681 0.520056
vt 0.305642 0.502749
vt 0.318142 0.518133
vt 0.315257 0.502749
vt 0.331603 0.515249
vt 0.323911 0.499865
vt 0.350833 0.506595
vt 0.336410 0.493134
vt 0.381601 0.488327
vt 0.355640 0.472943
vt 0.333526 0.466212
vt 0.325834 0.486404
vt 0.314296 0.483519
vt 0.313334 0.465251
vt 0.314296 0.493134
vt 0.393138 0.445059
vt 0.414291 0.466212
vt 0.361409 0.440252
vt 0.336410 0.446982
vt 0.312373 0.452751
vt 0.292181 0.456597
vt 0.272951 0.461405
vt 0.248914 0.461405
vt 0.229684 0.460443
vt 0.215261 0.470058
vt 0.463328 0.361409
vt 0.484481 0.358525
vt 0.493134 0.392177
vt 0.474866 0.396023
vt 0.512364 0.382562
vt 0.524864 0.370063
vt 0.494096 0.347948
vt 0.533517 0.354679
vt 0.535440 0.333526
vt 0.492173 0.330641
vt 0.527748 0.312373
vt 0.504672 0.293143
vt 0.475827 0.321988
vt 0.475827 0.294104
vt 0.908501 0.915232
vt 0.892156 0.918116
vt 0.892156 0.911386
vt 0.909463 0.902732
vt 0.874849 0.915232
vt 0.922924 0.904655
vt 0.932539 0.889271
vt 0.921962 0.888310
vt 0.934462 0.873887
vt 0.921962 0.871964
vt 0.929654 0.860426
vt 0.912347 0.845042
vt 0.907540 0.855619
vt 0.892156 0.924847
vt 0.871964 0.924847
vt 0.911386 0.925808
vt 0.928693 0.908501
vt 0.945038 0.891194
vt 0.942154 0.871964
vt 0.938308 0.853696
vt 0.917155 0.835427
vt 0.887348 0.840235
vt 0.325834 0.831581
vt 0.364294 0.847927
vt 0.322949 0.848888
vt 0.330641 0.815236
vt 0.349871 0.803698
vt 0.370063 0.801775
vt 0.384485 0.808505
vt 0.397946 0.817159
vt 0.408522 0.840235
vt 0.340256 0.861388
vt 0.385447 0.857542
vt 0.831581 0.338333
vt 0.806582 0.347948
vt 0.805621 0.332564
vt 0.828697 0.322949
vt 0.821005 0.297950
vt 0.857542 0.314296
vt 0.871003 0.285451
vt 0.889271 0.309488
vt 0.859465 0.328718
vt 0.894079 0.321988
vt 0.924847 0.304681
vt 0.913309 0.274874
vt 0.866195 0.229684
vt 0.899848 0.221030
vt 0.869080 0.178725
vt 0.890233 0.171994
vt 0.849850 0.182571
vt 0.830620 0.184494
vt 0.822928 0.240260
vt 0.811390 0.187378
vt 0.793121 0.188340
vt 0.783506 0.246029
vt 0.776776 0.188340
vt 0.761392 0.188340
vt 0.748893 0.248914
vt 0.745047 0.187378
vt 0.729663 0.185455
vt 0.715240 0.245068
vt 0.714279 0.183532
vt 0.689280 0.244106
vt 0.698895 0.179686
vt 0.657550 0.224876
vt 0.648897 0.274874
vt 0.680626 0.289297
vt 0.678703 0.174879
vt 0.660435 0.169110
vt 0.612360 0.208531
vt 0.601783 0.259490
vt 0.634474 0.293143
vt 0.657550 0.305642
vt 0.648897 0.317180
vt 0.630628 0.306604
vt 0.611398 0.282566
vt 0.606591 0.296989
vt 0.636397 0.160456
vt 0.570054 0.291220
vt 0.572939 0.277759
vt 0.522941 0.273913
vt 0.524864 0.289297
vt 0.610437 0.153726
vt 0.535440 0.244106
vt 0.554670 0.196032
vt 0.584476 0.150841
vt 0.561401 0.148918
vt 0.666204 0.329680
vt 0.676780 0.321026
vt 0.678703 0.330641
vt 0.683511 0.291220
vt 0.685434 0.326795
vt 0.713317 0.341218
vt 0.681588 0.340256
vt 0.713317 0.353717
vt 0.744085 0.359486
vt 0.745047 0.346987
vt 0.774853 0.356602
vt 0.776776 0.342179
vt 0.746008 0.305642
vt 0.779660 0.306604
vt 0.714279 0.298912
vt 0.687357 0.291220
vt 0.714279 0.621013
vt 0.756585 0.615244
vt 0.761392 0.634474
vt 0.714279 0.637359
vt 0.704664 0.635436
vt 0.705625 0.617167
vt 0.821005 0.621013
vt 0.813313 0.604668
vt 0.878695 0.605629
vt 0.871003 0.592168
vt 0.923885 0.595053
vt 0.917155 0.583515
vt 0.955615 0.586399
vt 0.948884 0.575823
vt 0.986382 0.571977
vt 0.984459 0.561401
vt 0.716202 0.579669
vt 0.754662 0.580630
vt 0.706587 0.579669
vt 0.699856 0.580630
vt 0.699856 0.620052
vt 0.706587 0.547940
vt 0.697933 0.543132
vt 0.716202 0.540248
vt 0.752739 0.546978
vt 0.660435 0.565247
vt 0.668127 0.534479
vt 0.671011 0.611398
vt 0.665242 0.624859
vt 0.692164 0.633513
vt 0.637359 0.593130
vt 0.630628 0.603706
vt 0.604668 0.567170
vt 0.596014 0.576784
vt 0.571016 0.543132
vt 0.563324 0.552747
vt 0.536402 0.524864
vt 0.530633 0.533517
vt 0.500826 0.506595
vt 0.494096 0.515249
vt 0.465251 0.486404
vt 0.460443 0.496019
vt 0.491211 0.460443
vt 0.619090 0.536402
vt 0.628705 0.502749
vt 0.676780 0.511403
vt 0.713317 0.519095
vt 0.652743 0.489288
vt 0.685434 0.486404
vt 0.677742 0.474866
vt 0.672934 0.460443
vt 0.642166 0.465251
vt 0.642166 0.425829
vt 0.671973 0.424868
vt 0.674857 0.409484
vt 0.648897 0.379678
vt 0.675819 0.375832
vt 0.651781 0.340256
vt 0.669088 0.348910
vt 0.750816 0.515249
vt 0.796967 0.542171
vt 0.788314 0.511403
vt 0.829658 0.499865
vt 0.844081 0.528710
vt 0.805621 0.572939
vt 0.857542 0.559478
vt 0.686395 0.359486
vt 0.750816 0.480635
vt 0.725817 0.488327
vt 0.710433 0.492173
vt 0.778699 0.485442
vt 0.811390 0.478712
vt 0.867157 0.472943
vt 0.825812 0.447944
vt 0.828697 0.425829
vt 0.867157 0.436406
vt 0.905617 0.451790
vt 0.886387 0.513326
vt 0.921001 0.501788
vt 0.901771 0.546978
vt 0.934462 0.536402
vt 0.835427 0.408522
vt 0.813313 0.405638
vt 0.806582 0.428714
vt 0.805621 0.413330
vt 0.797929 0.405638
vt 0.799852 0.414291
vt 0.779660 0.399869
vt 0.783506 0.424868
vt 0.814274 0.384485
vt 0.782545 0.368140
vt 0.811390 0.360448
vt 0.835427 0.353717
vt 0.837350 0.382562
vt 0.865234 0.394100
vt 0.755623 0.373909
vt 0.749854 0.402753
vt 0.863311 0.351794
vt 0.759469 0.440252
vt 0.729663 0.373909
vt 0.725817 0.401792
vt 0.740239 0.445059
vt 0.725817 0.446982
vt 0.711394 0.444098
vt 0.696972 0.435444
vt 0.699856 0.395061
vt 0.689280 0.426791
vt 0.700818 0.366217
vt 0.896963 0.352756
vt 0.899848 0.393138
vt 0.925808 0.392177
vt 0.922924 0.355640
vt 0.936385 0.446982
vt 0.952730 0.492173
vt 0.967152 0.524864
vt 0.737355 0.019116
vt 0.737355 0.063345
vt 0.697933 0.061422
vt 0.699856 0.019116
vt 0.793121 0.065268
vt 0.790237 0.018154
vt 0.842158 0.022962
vt 0.846965 0.069114
vt 0.905617 0.067191
vt 0.881579 0.030654
vt 0.912347 0.030654
vt 0.952730 0.055653
vt 0.943115 0.023923
vt 0.694087 0.060460
vt 0.693126 0.018154
vt 0.685434 0.019116
vt 0.688318 0.062383
vt 0.662358 0.059499
vt 0.664281 0.018154
vt 0.628705 0.015270
vt 0.624859 0.056614
vt 0.589284 0.011424
vt 0.586399 0.056614
vt 0.552747 0.013347
vt 0.532556 0.059499
vt 0.518133 0.019116
vt 0.479673 0.024885
vt 0.460443 0.060460
vt 0.442175 0.025846
vt 0.654666 0.117189
vt 0.621013 0.096036
vt 0.584476 0.099882
vt 0.530633 0.106612
vt 0.451790 0.104689
vt 0.583515 0.133534
vt 0.603706 0.138342
vt 0.548901 0.134496
vt 0.509480 0.142188
vt 0.464289 0.152764
vt 0.416214 0.145072
vt 0.645051 0.147957
vt 0.686395 0.154687
vt 0.694087 0.132573
vt 0.720048 0.156610
vt 0.737355 0.126804
vt 0.795044 0.127765
vt 0.851773 0.124881
vt 0.916193 0.116227
vt 0.968114 0.097959
vt 0.944077 0.153726
vt 0.987344 0.140265
vt 0.901771 0.158533
vt 0.867157 0.158533
vt 0.838312 0.157572
vt 0.810428 0.157572
vt 0.780622 0.158533
vt 0.750816 0.157572
vt 0.982536 0.871003
vt 0.954653 0.872926
vt 0.949846 0.854657
vt 0.979652 0.854657
vt 0.979652 0.892156
vt 0.952730 0.891194
vt 0.967152 0.919078
vt 0.943115 0.911386
vt 0.953692 0.937346
vt 0.926770 0.926770
vt 0.946000 0.942154
vt 0.932539 0.947923
vt 0.920039 0.932539
vt 0.916193 0.962345
vt 0.905617 0.946000
vt 0.895040 0.981575
vt 0.888310 0.957538
vt 0.885425 0.981575
vt 0.861388 0.974844
vt 0.871964 0.952730
vt 0.853696 0.971960
vt 0.838312 0.940231
vt 0.821005 0.963306
vt 0.801775 0.953692
vt 0.817159 0.931577
vt 0.789275 0.943115
vt 0.783506 0.931577
vt 0.806582 0.919078
vt 0.778699 0.918116
vt 0.799852 0.900809
vt 0.775814 0.902732
vt 0.770046 0.870041
vt 0.788314 0.855619
vt 0.765238 0.855619
vt 0.695049 0.491211
vt 0.710433 0.490250
vt 0.691203 0.496980
vt 0.729663 0.479673
vt 0.755623 0.459482
vt 0.762354 0.460443
vt 0.781583 0.473904
vt 0.789275 0.473904
vt 0.802736 0.451790
vt 0.542171 0.487365
vt 0.555632 0.452751
vt 0.599860 0.477750
vt 0.583515 0.511403
vt 0.613321 0.421983
vt 0.571016 0.409484
vt 0.622936 0.371024
vt 0.587361 0.358525
vt 0.630628 0.330641
vt 0.598899 0.321988
vt 0.512364 0.431598
vt 0.531594 0.393138
vt 0.548901 0.346025
vt 0.558516 0.313334
vt 0.972921 0.839273
vt 0.938308 0.837350
vt 0.961384 0.825812
vt 0.927731 0.829658
vt 0.950807 0.818120
vt 0.915232 0.820043
vt 0.929654 0.801775
vt 0.983498 0.928693
vt 0.987344 0.932539
vt 0.977729 0.940231
vt 0.990228 0.943115
vt 0.988305 0.954653
vt 0.971960 0.950807
vt 0.978690 0.956576
vt 0.966191 0.959460
vt 0.976767 0.976767
vt 0.957538 0.965230
vt 0.969076 0.986382
vt 0.946000 0.968114
vt 0.960422 0.991190
vt 0.949846 0.987344
vt 0.939269 0.968114
vt 0.929654 0.970037
vt 0.498903 0.863311
vt 0.514287 0.846965
vt 0.513326 0.868118
vt 0.500826 0.814274
vt 0.486404 0.824851
vt 0.473904 0.783506
vt 0.462366 0.795044
vt 0.431598 0.761392
vt 0.423906 0.773892
vt 0.381601 0.753700
vt 0.380639 0.768122
vt 0.335449 0.761392
vt 0.341218 0.775814
vt 0.297950 0.783506
vt 0.310450 0.796967
vt 0.274874 0.810428
vt 0.293143 0.819082
vt 0.266221 0.839273
vt 0.286412 0.842158
vt 0.266221 0.869080
vt 0.286412 0.866195
vt 0.271990 0.898886
vt 0.291220 0.892156
vt 0.283528 0.926770
vt 0.301796 0.917155
vt 0.300835 0.952730
vt 0.319103 0.941192
vt 0.327757 0.974844
vt 0.346025 0.960422
vt 0.367178 0.989267
vt 0.386408 0.970037
vt 0.354679 0.946961
vt 0.389293 0.953692
vt 0.324872 0.921001
vt 0.305642 0.888310
vt 0.300835 0.865234
vt 0.305642 0.835427
vt 0.386408 0.988305
vt 0.321026 0.808505
vt 0.351794 0.792160
vt 0.387370 0.783506
vt 0.421022 0.787352
vt 0.453713 0.804659
vt 0.471981 0.828697
vt 0.482558 0.860426
vt 0.669088 0.643128
vt 0.624859 0.756585
vt 0.632551 0.636397
vt 0.593130 0.635436
vt 0.690241 0.652743
vt 0.643128 0.756585
vt 0.714279 0.669088
vt 0.734470 0.691203
vt 0.590245 0.759469
vt 0.559478 0.646974
vt 0.562362 0.703702
vt 0.840235 0.652743
vt 0.931577 0.706587
vt 0.822928 0.682549
vt 0.864272 0.625821
vt 0.893117 0.612360
vt 0.929654 0.609475
vt 0.958499 0.615244
vt 0.938308 0.705625
vt 0.992151 0.617167
vt 0.982536 0.666204
vt 0.126804 0.866195
vt 0.121035 0.808505
vt 0.143149 0.806582
vt 0.099882 0.817159
vt 0.169110 0.816197
vt 0.189301 0.837350
vt 0.194109 0.864272
vt 0.185455 0.888310
vt 0.170071 0.906578
vt 0.085459 0.829658
vt 0.074883 0.845042
vt 0.070075 0.863311
vt 0.071037 0.882541
vt 0.078729 0.898886
vt 0.091228 0.911386
vt 0.109497 0.920039
vt 0.131611 0.921962
vt 0.151803 0.917155
vt 0.625821 0.143149
vt 0.759469 0.697933
vt 0.780622 0.644089
vt 0.796006 0.682549
vt 0.744085 0.674857
vt 0.746970 0.689280
vt 0.826774 0.656589
vt 0.820043 0.634474
vt 0.830620 0.644089
vt 0.920039 0.319103
vt 0.040269 0.163341
vt 0.042192 0.112381
vt 0.061422 0.120073
vt 0.072960 0.082575
vt 0.046999 0.080652
vt 0.068152 0.059499
vt 0.045076 0.047961
vt 0.009501 0.077767
vt 0.013347 0.056614
vt 0.012385 0.107574
vt 0.040269 0.014308
vt 0.256606 0.337372
vt 0.274874 0.335449
vt 0.267182 0.352756
vt 0.273913 0.357563
vt 0.281605 0.337372
vt 0.287374 0.360448
vt 0.290258 0.343141
vt 0.304681 0.360448
vt 0.557555 0.836389
vt 0.531594 0.836389
vt 0.530633 0.828697
vt 0.545055 0.822928
vt 0.562362 0.803698
vt 0.585438 0.838312
vt 0.576784 0.793121
vt 0.596014 0.787352
vt 0.620052 0.843119
vt 0.612360 0.791198
vt 0.605629 0.883502
vt 0.629667 0.879656
vt 0.584476 0.877733
vt 0.569093 0.868118
vt 0.545055 0.847927
vt 0.530633 0.842158
vt 0.559478 0.860426
vt 0.650820 0.839273
vt 0.657550 0.858503
vt 0.674857 0.821005
vt 0.646974 0.810428
vt 0.253721 0.343141
vt 0.247952 0.337372
vt 0.249875 0.332564
vt 0.257567 0.334487
vt 0.256606 0.354679
vt 0.265259 0.331603
vt 0.260452 0.362371
vt 0.271028 0.330641
vt 0.267182 0.369101
vt 0.278720 0.329680
vt 0.274874 0.370063
vt 0.289297 0.331603
vt 0.297950 0.337372
vt 0.293143 0.367178
vt 0.305642 0.349871
vt 0.305642 0.366217
vt 0.296027 0.586399
vt 0.275836 0.584476
vt 0.283528 0.558516
vt 0.297950 0.560439
vt 0.314296 0.580630
vt 0.313334 0.558516
vt 0.327757 0.576784
vt 0.324872 0.554670
vt 0.350833 0.571977
vt 0.349871 0.548901
vt 0.364294 0.568131
vt 0.360448 0.548901
vt 0.270067 0.551786
vt 0.258529 0.577746
vt 0.257567 0.541209
vt 0.243145 0.565247
vt 0.246991 0.528710
vt 0.231607 0.550824
vt 0.370063 0.568131
vt 0.396023 0.566208
vt 0.387370 0.542171
vt 0.421022 0.553709
vt 0.401792 0.528710
vt 0.436406 0.534479
vt 0.408522 0.517172
vt 0.445059 0.508518
vt 0.414291 0.498903
vt 0.416214 0.486404
vt 0.445059 0.491211
vt 0.222953 0.537363
vt 0.239299 0.517172
vt 0.228722 0.503711
vt 0.210454 0.517172
vt 0.198916 0.508518
vt 0.959460 0.947923
vt 0.973883 0.933500
vt 0.979652 0.938308
vt 0.987344 0.972921
vt 0.991190 0.952730
vt 0.992151 0.962345
vt 0.979652 0.980613
vt 0.948884 0.958499
vt 0.969076 0.985421
vt 0.941192 0.965230
vt 0.957538 0.988305
vt 0.930616 0.974844
vt 0.946000 0.988305
vt 0.935423 0.986382
vt 0.923885 0.982536
vt 0.231607 0.376793
vt 0.208531 0.421022
vt 0.210454 0.358525
vt 0.234491 0.362371
vt 0.210454 0.311411
vt 0.231607 0.338333
vt 0.239299 0.325834
vt 0.232568 0.214300
vt 0.256606 0.318142
vt 0.254683 0.214300
vt 0.275836 0.317180
vt 0.275836 0.213338
vt 0.295066 0.320065
vt 0.297950 0.211415
vt 0.312373 0.327757
vt 0.320065 0.209492
vt 0.342179 0.206608
vt 0.325834 0.338333
vt 0.210454 0.214300
vt 0.188340 0.213338
vt 0.185455 0.326795
vt 0.159495 0.337372
vt 0.176802 0.213338
vt 0.166225 0.206608
vt 0.155649 0.211415
vt 0.132573 0.353717
vt 0.142188 0.209492
vt 0.106612 0.350833
vt 0.120073 0.206608
vt 0.081613 0.347948
vt 0.098920 0.203723
vt 0.056614 0.343141
vt 0.076806 0.200839
vt 0.033538 0.337372
vt 0.054691 0.197955
vt 0.124881 0.416214
vt 0.096997 0.413330
vt 0.070075 0.409484
vt 0.042192 0.403715
vt 0.067191 0.424868
vt 0.039307 0.420060
vt 0.014308 0.397946
vt 0.012385 0.415253
vt 0.095074 0.429675
vt 0.122958 0.432560
vt 0.150841 0.434483
vt 0.153726 0.419099
vt 0.178725 0.436406
vt 0.181609 0.420060
vt 0.158533 0.355640
vt 0.184494 0.357563
vt 0.205646 0.437367
vt 0.233530 0.438329
vt 0.233530 0.422945
vt 0.259490 0.430637
vt 0.236414 0.378716
vt 0.260452 0.380639
vt 0.286412 0.428714
vt 0.286412 0.378716
vt 0.312373 0.426791
vt 0.308527 0.379678
vt 0.333526 0.385447
vt 0.339295 0.423906
vt 0.348910 0.387370
vt 0.363332 0.412368
vt 0.352756 0.351794
vt 0.346987 0.372947
vt 0.335449 0.351794
vt 0.348910 0.304681
vt 0.377755 0.346987
vt 0.363332 0.203723
vt 0.385447 0.200839
vt 0.402753 0.342179
vt 0.407561 0.198916
vt 0.426791 0.337372
vt 0.446982 0.396023
vt 0.417176 0.402753
vt 0.389293 0.408522
vt 0.394100 0.423906
vt 0.367178 0.427752
vt 0.421983 0.418137
vt 0.448905 0.413330
vt 0.385447 0.189301
vt 0.409484 0.185455
vt 0.342179 0.017193
vt 0.326795 0.021039
vt 0.363332 0.193147
vt 0.311411 0.023923
vt 0.341218 0.196032
vt 0.295066 0.025846
vt 0.319103 0.198916
vt 0.279682 0.027769
vt 0.297950 0.200839
vt 0.263336 0.029692
vt 0.275836 0.202762
vt 0.246991 0.029692
vt 0.253721 0.203723
vt 0.231607 0.030654
vt 0.231607 0.204685
vt 0.215261 0.029692
vt 0.210454 0.203723
vt 0.198916 0.029692
vt 0.188340 0.203723
vt 0.171033 0.137380
vt 0.176802 0.202762
vt 0.157572 0.200839
vt 0.143149 0.198916
vt 0.167187 0.025846
vt 0.151803 0.023923
vt 0.121035 0.196032
vt 0.136419 0.021039
vt 0.099882 0.193147
vt 0.121035 0.017193
vt 0.076806 0.189301
vt 0.105651 0.013347
vt 0.053730 0.185455
vt 0.486404 0.744085
vt 0.496019 0.730624
vt 0.523902 0.761392
vt 0.483519 0.760431
vt 0.486404 0.776776
vt 0.496019 0.791198
vt 0.509480 0.800813
vt 0.525825 0.803698
vt 0.542171 0.800813
vt 0.556593 0.791198
vt 0.566208 0.776776
vt 0.569093 0.760431
vt 0.566208 0.744085
vt 0.556593 0.730624
vt 0.542171 0.721009
vt 0.525825 0.718125
vt 0.509480 0.721009
vt 0.662358 0.787352
vt 0.703702 0.731586
vt 0.763315 0.707548
vt 0.649858 0.771007
vt 0.678703 0.803698
vt 0.697933 0.818120
vt 0.718125 0.829658
vt 0.740239 0.837350
vt 0.781583 0.714279
vt 0.763315 0.842158
vt 0.786391 0.844081
vt 0.810428 0.843119
vt 0.833504 0.838312
vt 0.802736 0.710433
vt 0.855619 0.829658
vt 0.875810 0.819082
vt 0.895040 0.804659
vt 0.912347 0.788314
vt 0.818120 0.697933
vt 0.926770 0.770046
vt 0.938308 0.749854
vt 0.883502 0.706587
vt 0.944077 0.733509
vt 0.049884 0.579669
vt 0.071037 0.558516
vt 0.076806 0.590245
vt 0.014308 0.591207
vt 0.031615 0.621013
vt 0.099882 0.613321
vt 0.060460 0.653704
vt 0.126804 0.634474
vt 0.095074 0.680626
vt 0.157572 0.651781
vt 0.132573 0.702741
vt 0.171994 0.719086
vt 0.189301 0.665242
vt 0.222953 0.674857
vt 0.215261 0.730624
vt 0.248914 0.727740
vt 0.255644 0.678703
vt 0.288335 0.684472
vt 0.278720 0.740239
vt 0.322949 0.742162
vt 0.322949 0.686395
vt 0.357563 0.683511
vt 0.366217 0.741201
vt 0.407561 0.733509
vt 0.392177 0.676780
vt 0.424868 0.664281
vt 0.447944 0.717163
vt 0.484481 0.695049
vt 0.455636 0.647935
vt 0.484481 0.628705
vt 0.521018 0.671973
vt 0.552747 0.641205
vt 0.509480 0.607552
vt 0.458520 0.546017
vt 0.475827 0.530633
vt 0.517172 0.576784
vt 0.438329 0.560439
vt 0.416214 0.574862
vt 0.393138 0.586399
vt 0.369101 0.595053
vt 0.344102 0.600822
vt 0.319103 0.603706
vt 0.293143 0.603706
vt 0.267182 0.600822
vt 0.242183 0.596014
vt 0.218146 0.587361
vt 0.194109 0.576784
vt 0.171994 0.564285
vt 0.150841 0.548901
vt 0.131611 0.532556
vt 0.115266 0.515249
vt 0.357563 0.013347
vt 0.056614 0.837350
vt 0.050845 0.867157
vt 0.013347 0.868118
vt 0.021039 0.823889
vt 0.071998 0.812351
vt 0.045076 0.785429
vt 0.096997 0.794083
vt 0.081613 0.759469
vt 0.126804 0.786391
vt 0.124881 0.747931
vt 0.156610 0.791198
vt 0.170071 0.753700
vt 0.182571 0.805621
vt 0.208531 0.775814
vt 0.201800 0.829658
vt 0.237376 0.811390
vt 0.211415 0.858503
vt 0.250837 0.853696
vt 0.208531 0.888310
vt 0.246991 0.898886
vt 0.195070 0.915232
vt 0.226799 0.939269
vt 0.171994 0.935423
vt 0.192186 0.968114
vt 0.154687 0.981575
vt 0.146995 0.944077
vt 0.120073 0.944077
vt 0.118150 0.982536
vt 0.084498 0.974844
vt 0.098920 0.939269
vt 0.073921 0.922924
vt 0.046999 0.949846
vt 0.056614 0.896963
vt 0.022000 0.912347
vt 0.440252 0.459482
vt 0.437367 0.478712
vt 0.408522 0.428714
vt 0.431598 0.439290
vt 0.461405 0.473904
vt 0.538325 0.595053
vt 0.574862 0.607552
vt 0.465251 0.420060
vt 0.452751 0.434483
vt 0.477750 0.441213
vt 0.183532 0.027769
vt 0.580630 0.960422
vt 0.591207 0.930616
vt 0.601783 0.967152
vt 0.566208 0.946000
vt 0.647935 0.919078
vt 0.651781 0.987344
vt 0.692164 0.937346
vt 0.681588 0.989267
vt 0.728701 0.967152
vt 0.731586 0.941192
vt 0.763315 0.938308
vt 0.594091 0.911386
vt 0.641205 0.888310
vt 0.674857 0.886387
vt 0.707548 0.899848
vt 0.746970 0.927731
vt 0.256606 0.355640
vt 0.265259 0.363332
vt 0.252760 0.358525
vt 0.280643 0.365255
vt 0.265259 0.343141
vt 0.288335 0.361409
vt 0.272951 0.336410
vt 0.282566 0.334487
vt 0.299873 0.351794
vt 0.296989 0.336410
vt 0.305642 0.347948
vt 0.307565 0.343141
vt 0.442175 0.887348
vt 0.417176 0.894079
vt 0.422945 0.875810
vt 0.402753 0.881579
vt 0.380639 0.895040
vt 0.388331 0.912347
vt 0.357563 0.899848
vt 0.361409 0.921001
vt 0.345064 0.895040
vt 0.340256 0.916193
vt 0.332564 0.882541
vt 0.321988 0.895040
vt 0.314296 0.874849
vt 0.325834 0.870041
vt 0.368140 0.869080
vt 0.398907 0.871003
vt 0.204685 0.749854
vt 0.224876 0.743124
vt 0.221030 0.763315
vt 0.251798 0.742162
vt 0.236414 0.776776
vt 0.268144 0.751777
vt 0.280643 0.772930
vt 0.271990 0.796967
vt 0.249875 0.792160
vt 0.249875 0.808505
vt 0.050845 0.739278
vt 0.032577 0.731586
vt 0.041230 0.722932
vt 0.050845 0.726778
vt 0.070075 0.731586
vt 0.060460 0.722932
vt 0.077767 0.713317
vt 0.065268 0.713317
vt 0.070075 0.695049
vt 0.060460 0.703702
vt 0.050845 0.687357
vt 0.050845 0.699856
vt 0.032577 0.695049
vt 0.041230 0.703702
vt 0.024885 0.713317
vt 0.037384 0.713317
vt 0.050845 0.713317
vt 0.075844 0.738316
vt 0.050845 0.747931
vt 0.026808 0.738316
vt 0.050845 0.753700
vt 0.022962 0.741201
vt 0.079690 0.741201
vt 0.091228 0.713317
vt 0.085459 0.713317
vt 0.016231 0.713317
vt 0.011424 0.713317
vt 0.026808 0.689280
vt 0.022962 0.685434
vt 0.079690 0.685434
vt 0.075844 0.689280
vt 0.050845 0.673896
vt 0.050845 0.678703
vt 0.273913 0.971960
vt 0.260452 0.977729
vt 0.260452 0.969076
vt 0.267182 0.966191
vt 0.278720 0.959460
vt 0.270067 0.959460
vt 0.273913 0.946000
vt 0.267182 0.951769
vt 0.260452 0.940231
vt 0.260452 0.948884
vt 0.246991 0.946000
vt 0.253721 0.951769
vt 0.242183 0.959460
vt 0.250837 0.959460
vt 0.246991 0.971960
vt 0.253721 0.966191
vt 0.260452 0.959460
vt 0.284489 0.959460
vt 0.277759 0.976767
vt 0.260452 0.983498
vt 0.280643 0.978690
vt 0.260452 0.987344
vt 0.288335 0.959460
vt 0.280643 0.939269
vt 0.277759 0.942154
vt 0.243145 0.976767
vt 0.240260 0.978690
vt 0.236414 0.959460
vt 0.232568 0.959460
vt 0.260452 0.930616
vt 0.260452 0.934462
vt 0.240260 0.939269
vt 0.243145 0.942154
vt 0.984459 0.726778
vt 0.977729 0.738316
vt 0.965230 0.725817
vt 0.969076 0.711394
vt 0.953692 0.751777
vt 0.969076 0.757546
vt 0.946000 0.772930
vt 0.965230 0.773892
vt 0.949846 0.788314
vt 0.967152 0.784468
vt 0.965230 0.806582
vt 0.976767 0.796967
vt 0.989267 0.806582
vt 0.984459 0.819082
vt 0.988305 0.765238
vt 0.958499 0.398907
vt 0.946961 0.392177
vt 0.966191 0.360448
vt 0.937346 0.369101
vt 0.936385 0.348910
vt 0.943115 0.335449
vt 0.963306 0.325834
vt 0.985421 0.324872
vt 0.520056 0.203723
vt 0.521979 0.219107
vt 0.509480 0.199878
vt 0.531594 0.218146
vt 0.527748 0.210454
vt 0.510441 0.193147
vt 0.497942 0.198916
vt 0.492173 0.193147
vt 0.504672 0.220069
vt 0.498903 0.223915
vt 0.521979 0.196993
vt 0.531594 0.204685
vt 0.538325 0.217184
vt 0.442175 0.160456
vt 0.458520 0.171033
vt 0.446021 0.179686
vt 0.440252 0.176802
vt 0.443136 0.196032
vt 0.456597 0.197955
vt 0.455636 0.212377
vt 0.442175 0.211415
vt 0.456597 0.226799
vt 0.442175 0.227761
vt 0.444098 0.244106
vt 0.457559 0.241222
vt 0.446021 0.258529
vt 0.460443 0.254683
vt 0.451790 0.271990
vt 0.467174 0.270067
vt 0.460443 0.178725
vt 0.436406 0.212377
vt 0.436406 0.227761
vt 0.423906 0.228722
vt 0.439290 0.244106
vt 0.426791 0.246029
vt 0.422945 0.212377
vt 0.436406 0.196032
vt 0.423906 0.193147
vt 0.442175 0.259490
vt 0.430637 0.265259
vt 0.440252 0.283528
vt 0.448905 0.274874
vt 0.425829 0.169110
vt 0.456597 0.284489
vt 0.468135 0.275836
vt 0.442175 0.744085
vt 0.432560 0.745047
vt 0.427752 0.739278
vt 0.438329 0.735432
vt 0.448905 0.733509
vt 0.453713 0.740239
vt 0.455636 0.724855
vt 0.462366 0.733509
vt 0.469097 0.717163
vt 0.470058 0.722932
vt 0.482558 0.726778
vt 0.481596 0.716202
vt 0.429675 0.750816
vt 0.421983 0.743124
vt 0.443136 0.756585
vt 0.460443 0.750816
vt 0.473904 0.743124
vt 0.477750 0.178725
vt 0.482558 0.170071
vt 0.487365 0.184494
vt 0.488327 0.165264
vt 0.495057 0.164302
vt 0.497942 0.184494
vt 0.502749 0.164302
vt 0.512364 0.185455
vt 0.506595 0.162379
vt 0.513326 0.161418
vt 0.522941 0.161418
vt 0.471981 0.175840
vt 0.477750 0.166225
vt 0.485442 0.160456
vt 0.493134 0.157572
vt 0.505634 0.155649
vt 0.513326 0.154687
vt 0.501788 0.157572
vt 0.522941 0.154687
vt 0.536402 0.162379
vt 0.543132 0.156610
vt 0.534479 0.190263
vt 0.542171 0.191224
vt 0.158533 0.479673
vt 0.148918 0.474866
vt 0.150841 0.481596
vt 0.157572 0.469097
vt 0.145072 0.466212
vt 0.153726 0.457559
vt 0.142188 0.457559
vt 0.149880 0.453713
vt 0.141226 0.455636
vt 0.133534 0.459482
vt 0.132573 0.465251
vt 0.124881 0.470058
vt 0.126804 0.479673
vt 0.138342 0.475827
vt 0.135457 0.488327
vt 0.144111 0.484481
vt 0.145072 0.495057
vt 0.134496 0.499865
vt 0.126804 0.491211
vt 0.153726 0.489288
vt 0.157572 0.497942
vt 0.148918 0.506595
vt 0.160456 0.505634
vt 0.164302 0.487365
vt 0.167187 0.475827
vt 0.175840 0.484481
vt 0.170071 0.498903
vt 0.177763 0.494096
vt 0.169110 0.504672
vt 0.156610 0.469097
vt 0.163341 0.455636
vt 0.168148 0.463328
vt 0.023923 0.507557
vt 0.016231 0.521979
vt 0.011424 0.511403
vt 0.031615 0.519095
vt 0.023923 0.530633
vt 0.041230 0.503711
vt 0.025846 0.494096
vt 0.045076 0.521018
vt 0.011424 0.498903
vt 0.015270 0.487365
vt 0.023923 0.478712
vt 0.037384 0.487365
vt 0.034500 0.473904
vt 0.050845 0.489288
vt 0.056614 0.513326
vt 0.058537 0.528710
vt 0.047961 0.534479
vt 0.067191 0.521018
vt 0.058537 0.499865
vt 0.066229 0.486404
vt 0.071037 0.496980
vt 0.057576 0.477750
vt 0.035461 0.534479
vt 0.046038 0.473904
vt 0.071037 0.509480
vt 0.125842 0.476789
vt 0.126804 0.468135
vt 0.122958 0.475827
vt 0.122958 0.484481
vt 0.126804 0.488327
vt 0.134496 0.478712
vt 0.139303 0.489288
vt 0.144111 0.480635
vt 0.149880 0.489288
vt 0.147957 0.498903
vt 0.126804 0.496980
vt 0.135457 0.500826
vt 0.146034 0.507557
vt 0.137380 0.506595
vt 0.145072 0.509480
vt 0.153726 0.510441
vt 0.158533 0.483519
vt 0.158533 0.494096
vt 0.168148 0.485442
vt 0.171033 0.496980
vt 0.176802 0.487365
vt 0.175840 0.496019
vt 0.178725 0.488327
vt 0.179686 0.479673
vt 0.166225 0.505634
vt 0.157572 0.505634
vt 0.159495 0.494096
vt 0.152764 0.474866
vt 0.127765 0.488327
vt 0.143149 0.470058
vt 0.154687 0.465251
vt 0.163341 0.473904
vt 0.167187 0.462366
vt 0.156610 0.456597
vt 0.165264 0.457559
vt 0.157572 0.453713
vt 0.148918 0.453713
vt 0.145072 0.457559
vt 0.135457 0.457559
vt 0.131611 0.466212
vt 0.174879 0.466212
vt 0.174879 0.475827
vt 0.057576 0.497942
vt 0.063345 0.483519
vt 0.070075 0.493134
vt 0.047961 0.488327
vt 0.053730 0.475827
vt 0.041230 0.504672
vt 0.056614 0.511403
vt 0.034500 0.487365
vt 0.071998 0.504672
vt 0.069114 0.517172
vt 0.061422 0.526787
vt 0.046999 0.521018
vt 0.051807 0.533517
vt 0.033538 0.520056
vt 0.024885 0.496980
vt 0.020077 0.481596
vt 0.030654 0.474866
vt 0.013347 0.491211
vt 0.023923 0.510441
vt 0.019116 0.524864
vt 0.011424 0.515249
vt 0.028731 0.532556
vt 0.042192 0.473904
vt 0.040269 0.534479
vt 0.010462 0.503711
vt 0.175840 0.472943
vt 0.173917 0.464289
vt 0.177763 0.471981
vt 0.179686 0.480635
vt 0.122958 0.483519
vt 0.052768 0.491211
vt 0.051807 0.474866
vt 0.062383 0.481596
vt 0.040269 0.486404
vt 0.040269 0.472943
vt 0.058537 0.503711
vt 0.028731 0.492173
vt 0.069114 0.491211
vt 0.071998 0.502749
vt 0.070075 0.514287
vt 0.053730 0.516210
vt 0.064306 0.524864
vt 0.042192 0.521979
vt 0.022962 0.504672
vt 0.012385 0.494096
vt 0.018154 0.483519
vt 0.010462 0.505634
vt 0.029692 0.517172
vt 0.030654 0.532556
vt 0.020077 0.526787
vt 0.043153 0.535440
vt 0.028731 0.475827
vt 0.054691 0.531594
vt 0.013347 0.517172
s 1
usemtl BambooShoots_Tex
f 3/1/1 2/2/1 1/3/1
f 4/4/1 3/1/1 1/3/1
f 5/5/1 3/1/1 4/4/1
f 6/6/1 5/5/1 4/4/1
f 7/7/1 5/5/1 6/6/1
f 8/8/1 7/7/1 6/6/1
f 3/1/1 9/9/1 2/2/1
f 9/9/1 10/10/1 2/2/1
f 11/11/1 9/9/1 3/1/1
f 5/5/1 11/11/1 3/1/1
f 12/12/1 11/11/1 5/5/1
f 7/7/1 12/12/1 5/5/1
f 9/9/1 13/13/1 10/10/1
f 13/13/1 14/14/1 10/10/1
f 15/15/1 13/13/1 9/9/1
f 11/11/1 15/15/1 9/9/1
f 17/1/1 16/16/1 1/3/1
f 17/1/1 18/17/1 16/16/1
f 18/17/1 19/10/1 16/16/1
f 20/18/1 18/17/1 17/1/1
f 21/5/1 20/18/1 17/1/1
f 21/5/1 17/1/1 22/4/1
f 22/4/1 17/1/1 1/3/1
f 23/6/1 21/5/1 22/4/1
f 24/7/1 21/5/1 23/6/1
f 25/8/1 24/7/1 23/6/1
f 26/12/1 20/18/1 21/5/1
f 24/7/1 26/12/1 21/5/1
f 18/17/1 27/13/1 19/10/1
f 27/13/1 28/14/1 19/10/1
f 29/15/1 27/13/1 18/17/1
f 20/18/1 29/15/1 18/17/1
f 32/19/2 31/20/3 30/21/4
f 33/22/5 32/19/2 30/21/4
f 32/19/2 33/22/5 34/23/6
f 33/22/5 35/24/7 34/23/6
f 34/23/6 35/24/7 36/25/8
f 35/24/7 37/26/9 36/25/8
f 36/25/8 37/26/9 38/27/10
f 37/26/9 39/28/11 38/27/10
f 40/29/12 33/22/5 30/21/4
f 33/22/5 40/29/12 35/24/7
f 41/30/13 40/29/12 30/21/4
f 41/30/13 42/31/14 40/29/12
f 42/31/14 43/32/15 40/29/12
f 44/33/16 43/32/15 42/31/14
f 45/34/17 44/33/16 42/31/14
f 40/29/12 46/35/18 35/24/7
f 37/26/9 35/24/7 46/35/18
f 47/36/19 37/26/9 46/35/18
f 40/29/12 47/36/19 46/35/18
f 40/29/12 43/32/15 47/36/19
f 47/36/19 39/28/11 37/26/9
f 43/32/15 48/37/20 47/36/19
f 43/32/15 44/33/16 49/38/21
f 48/37/20 43/32/15 49/38/21
f 47/36/19 50/39/22 39/28/11
f 47/36/19 48/37/20 50/39/22
f 48/37/20 51/40/23 50/39/22
f 50/39/22 51/40/23 52/41/24
f 53/42/25 50/39/22 52/41/24
f 39/28/11 50/39/22 53/42/25
f 38/27/10 39/28/11 53/42/25
f 54/43/26 53/42/25 52/41/24
f 55/44/27 54/43/26 52/41/24
f 55/44/27 56/45/28 54/43/26
f 55/44/27 57/46/29 56/45/28
f 57/46/29 58/47/30 56/45/28
f 58/47/30 57/46/29 59/48/31
f 57/46/29 60/49/32 59/48/31
f 59/48/31 61/50/33 58/47/30
f 61/50/33 62/51/34 58/47/30
f 63/52/35 57/46/29 55/44/27
f 52/41/24 63/52/35 55/44/27
f 60/49/32 57/46/29 63/52/35
f 64/53/36 63/52/35 52/41/24
f 51/40/23 64/53/36 52/41/24
f 49/38/21 63/52/35 64/53/36
f 64/53/36 51/40/23 48/37/20
f 48/37/20 49/38/21 64/53/36
f 61/50/33 65/54/37 62/51/34
f 65/54/37 66/55/38 62/51/34
f 65/54/37 67/56/39 66/55/38
f 67/56/39 68/57/40 66/55/38
f 67/56/39 69/58/41 68/57/40
f 69/58/41 67/56/39 70/59/42
f 69/58/41 71/60/43 68/57/40
f 71/60/43 69/58/41 72/61/44
f 69/58/41 73/62/45 72/61/44
f 73/62/45 69/58/41 70/59/42
f 74/63/46 73/62/45 70/59/42
f 70/59/42 67/56/39 74/63/46
f 74/63/46 67/56/39 75/64/47
f 76/65/48 74/63/46 75/64/47
f 76/65/48 75/64/47 77/66/49
f 75/64/47 78/67/50 77/66/49
f 78/67/50 79/68/51 77/66/49
f 78/67/50 80/69/52 79/68/51
f 77/66/49 79/68/51 81/70/53
f 81/70/53 76/65/48 77/66/49
f 79/68/51 82/71/54 81/70/53
f 79/68/51 80/69/52 82/71/54
f 80/69/52 83/72/55 82/71/54
f 84/73/56 83/72/55 80/69/52
f 85/74/57 84/73/56 80/69/52
f 75/64/47 86/75/58 78/67/50
f 86/75/58 85/74/57 80/69/52
f 78/67/50 86/75/58 80/69/52
f 86/75/58 75/64/47 87/76/59
f 88/77/60 86/75/58 87/76/59
f 88/77/60 87/76/59 67/56/39
f 87/76/59 75/64/47 67/56/39
f 89/78/61 88/77/60 67/56/39
f 89/78/61 67/56/39 90/79/62
f 90/79/62 60/49/32 89/78/61
f 59/48/31 60/49/32 90/79/62
f 90/79/62 61/50/33 59/48/31
f 65/54/37 61/50/33 90/79/62
f 90/79/62 67/56/39 65/54/37
f 92/80/63 91/81/64 134/82/65
f 136/83/66 92/80/63 134/82/65
f 91/81/64 93/84/67 134/82/65
f 93/84/67 94/85/68 134/82/65
f 93/84/67 95/86/69 94/85/68
f 95/86/69 133/87/70 94/85/68
f 96/88/71 92/80/63 136/83/66
f 97/89/72 96/88/71 136/83/66
f 98/90/73 96/88/71 97/89/72
f 139/91/74 98/90/73 97/89/72
f 99/92/75 98/90/73 139/91/74
f 140/93/76 99/92/75 139/91/74
f 99/92/75 140/93/76 141/94/77
f 100/95/78 99/92/75 141/94/77
f 91/81/64 92/80/63 101/96/79
f 91/81/64 101/96/79 93/84/67
f 95/86/69 93/84/67 101/96/79
f 92/80/63 102/97/80 101/96/79
f 98/90/73 99/92/75 102/97/80
f 92/80/63 96/88/71 102/97/80
f 96/88/71 98/90/73 102/97/80
f 99/92/75 103/98/81 102/97/80
f 99/92/75 100/95/78 104/99/82
f 103/98/81 99/92/75 104/99/82
f 100/95/78 141/94/77 105/100/83
f 100/95/78 105/100/83 104/99/82
f 106/101/84 104/99/82 105/100/83
f 106/101/84 105/100/83 144/102/85
f 105/100/83 107/103/86 144/102/85
f 141/94/77 107/103/86 105/100/83
f 132/104/87 109/105/88 108/106/89
f 110/107/90 132/104/87 108/106/89
f 110/107/90 108/106/89 111/108/91
f 135/109/92 110/107/90 111/108/91
f 137/110/93 135/109/92 111/108/91
f 112/111/94 137/110/93 111/108/91
f 137/110/93 112/111/94 113/112/95
f 138/113/96 137/110/93 113/112/95
f 109/105/88 114/114/97 108/106/89
f 114/114/97 115/115/98 108/106/89
f 108/106/89 115/115/98 111/108/91
f 116/116/99 112/111/94 111/108/91
f 112/111/94 116/116/99 113/112/95
f 117/117/100 116/116/99 111/108/91
f 115/115/98 117/117/100 111/108/91
f 116/116/99 117/117/100 118/118/101
f 117/117/100 115/115/98 118/118/101
f 119/119/102 116/116/99 118/118/101
f 120/120/103 115/115/98 114/114/97
f 115/115/98 120/120/103 118/118/101
f 119/119/102 121/121/104 116/116/99
f 121/121/104 122/122/105 116/116/99
f 116/116/99 122/122/105 123/123/106
f 124/124/107 116/116/99 123/123/106
f 138/113/96 113/112/95 124/124/107
f 113/112/95 116/116/99 124/124/107
f 125/125/108 124/124/107 123/123/106
f 125/125/108 138/113/96 124/124/107
f 126/126/109 125/125/108 123/123/106
f 126/126/109 123/123/106 127/127/110
f 123/123/106 122/122/105 127/127/110
f 142/128/111 126/126/109 127/127/110
f 143/129/112 142/128/111 127/127/110
f 128/130/113 143/129/112 127/127/110
f 143/129/112 128/130/113 129/131/114
f 144/132/85 143/129/112 129/131/114
f 122/122/105 130/133/115 127/127/110
f 121/121/104 130/133/115 122/122/105
f 128/130/113 130/133/115 129/131/114
f 128/130/113 127/127/110 130/133/115
f 130/133/115 131/134/116 129/131/114
f 130/133/115 121/121/104 131/134/116
f 94/135/68 133/136/70 132/137/87
f 110/138/90 94/135/68 132/137/87
f 134/139/65 94/135/68 110/138/90
f 135/140/92 134/139/65 110/138/90
f 136/141/66 134/139/65 135/140/92
f 137/142/93 136/141/66 135/140/92
f 97/143/72 136/141/66 137/142/93
f 138/144/96 97/143/72 137/142/93
f 97/143/72 138/144/96 125/145/108
f 139/146/74 97/143/72 125/145/108
f 140/147/76 139/146/74 125/145/108
f 126/148/109 140/147/76 125/145/108
f 141/149/77 140/147/76 126/148/109
f 142/150/111 141/149/77 126/148/109
f 107/151/86 141/149/77 142/150/111
f 143/152/112 107/151/86 142/150/111
f 144/153/85 107/151/86 143/152/112
f 147/154/117 146/155/118 145/156/119
f 148/157/120 147/154/117 145/156/119
f 145/156/119 146/155/118 149/158/121
f 146/155/118 150/159/122 149/158/121
f 151/160/123 150/159/122 146/155/118
f 152/161/124 151/160/123 146/155/118
f 151/160/123 153/162/125 150/159/122
f 153/162/125 154/163/126 150/159/122
f 155/164/127 153/162/125 151/160/123
f 156/165/128 155/164/127 151/160/123
f 156/165/128 151/160/123 152/161/124
f 157/166/129 147/154/117 148/157/120
f 158/167/130 147/154/117 157/166/129
f 158/167/130 152/161/124 146/155/118
f 147/154/117 158/167/130 146/155/118
f 159/168/131 158/167/130 157/166/129
f 157/166/129 160/169/132 159/168/131
f 157/166/129 161/170/133 160/169/132
f 161/170/133 157/166/129 148/157/120
f 161/170/133 162/171/134 160/169/132
f 162/171/134 163/172/135 160/169/132
f 163/172/135 164/173/136 160/169/132
f 163/172/135 165/174/137 164/173/136
f 160/169/132 164/173/136 166/175/138
f 160/169/132 166/175/138 159/168/131
f 158/167/130 167/176/139 152/161/124
f 167/176/139 158/167/130 159/168/131
f 166/175/138 167/176/139 159/168/131
f 167/176/139 168/177/140 152/161/124
f 168/177/140 156/165/128 152/161/124
f 183/178/141 164/173/136 165/174/137
f 166/175/138 164/173/136 183/178/141
f 182/179/142 183/178/141 165/174/137
f 185/180/143 166/175/138 183/178/141
f 167/176/139 166/175/138 185/180/143
f 168/177/140 167/176/139 169/181/144
f 169/181/144 167/176/139 185/180/143
f 170/182/145 168/177/140 169/181/144
f 156/165/128 168/177/140 170/182/145
f 171/183/146 156/165/128 170/182/145
f 155/164/127 156/165/128 171/183/146
f 187/184/147 155/164/127 171/183/146
f 172/185/148 155/164/127 187/184/147
f 173/186/149 172/185/148 187/184/147
f 174/187/150 172/185/148 173/186/149
f 175/188/151 174/187/150 173/186/149
f 176/189/152 174/187/150 175/188/151
f 177/190/153 174/187/150 176/189/152
f 172/185/148 174/187/150 177/190/153
f 178/191/154 176/189/152 175/188/151
f 155/164/127 172/185/148 153/162/125
f 172/185/148 179/192/155 153/162/125
f 179/192/155 172/185/148 177/190/153
f 179/192/155 177/190/153 180/193/156
f 179/192/155 180/193/156 154/163/126
f 179/192/155 154/163/126 153/162/125
f 180/193/156 181/194/157 154/163/126
f 150/159/122 154/163/126 181/194/157
f 149/158/121 150/159/122 181/194/157
f 184/195/158 183/196/141 182/197/142
f 185/198/143 183/196/141 184/195/158
f 185/198/143 184/195/158 169/199/144
f 184/195/158 170/200/145 169/199/144
f 184/195/158 186/201/159 170/200/145
f 186/201/159 187/202/147 170/200/145
f 173/203/149 187/202/147 186/201/159
f 173/203/149 186/201/159 188/204/160
f 175/205/151 173/203/149 188/204/160
f 178/206/154 175/205/151 188/204/160
f 187/202/147 171/207/146 170/200/145
f 191/208/161 190/209/162 189/210/163
f 192/211/164 191/208/161 189/210/163
f 193/212/165 189/210/163 190/209/162
f 189/210/163 194/213/166 192/211/164
f 194/213/166 195/214/167 192/211/164
f 191/208/161 192/211/164 196/215/168
f 192/211/164 197/216/169 196/215/168
f 197/216/169 192/211/164 195/214/167
f 196/215/168 197/216/169 198/217/170
f 197/216/169 199/218/171 198/217/170
f 200/219/172 198/217/170 199/218/171
f 201/220/173 200/219/172 199/218/171
f 200/219/172 201/220/173 202/221/174
f 201/220/173 203/222/175 202/221/174
f 202/221/174 203/222/175 204/223/176
f 203/222/175 205/224/177 204/223/176
f 206/225/178 205/224/177 203/222/175
f 207/226/179 206/225/178 203/222/175
f 207/226/179 203/222/175 201/220/173
f 206/225/178 207/226/179 208/227/180
f 195/214/167 194/213/166 208/227/180
f 209/228/181 206/225/178 208/227/180
f 194/213/166 209/228/181 208/227/180
f 210/229/182 197/216/169 195/214/167
f 208/227/180 207/226/179 210/229/182
f 210/229/182 207/226/179 201/220/173
f 201/220/173 199/218/171 210/229/182
f 199/218/171 197/216/169 210/229/182
f 195/214/167 208/227/180 210/229/182
f 205/224/177 211/230/183 204/223/176
f 211/230/183 224/231/184 204/223/176
f 222/232/185 211/230/183 205/224/177
f 212/233/186 222/232/185 205/224/177
f 206/225/178 212/233/186 205/224/177
f 220/234/187 212/233/186 206/225/178
f 209/228/181 220/234/187 206/225/178
f 213/235/188 220/234/187 209/228/181
f 194/213/166 213/235/188 209/228/181
f 194/213/166 189/210/163 213/235/188
f 189/210/163 214/236/189 213/235/188
f 216/237/190 214/236/189 189/210/163
f 244/238/191 216/237/190 189/210/163
f 193/212/165 244/238/191 189/210/163
f 215/239/192 244/238/191 193/212/165
f 218/240/193 217/241/194 216/242/190
f 244/243/191 218/240/193 216/242/190
f 216/242/190 217/241/194 214/244/189
f 214/244/189 217/241/194 213/245/188
f 217/241/194 219/246/195 213/245/188
f 213/245/188 219/246/195 220/247/187
f 220/247/187 219/246/195 212/248/186
f 219/246/195 221/249/196 212/248/186
f 212/248/186 221/249/196 222/250/185
f 222/250/185 221/249/196 211/251/183
f 221/249/196 223/252/197 211/251/183
f 211/251/183 223/252/197 224/253/184
f 227/254/198 226/255/199 225/256/200
f 228/257/201 227/254/198 225/256/200
f 225/256/200 226/255/199 215/258/192
f 229/259/202 227/254/198 228/257/201
f 230/260/203 229/259/202 228/257/201
f 231/261/204 230/260/203 228/257/201
f 232/262/205 230/260/203 231/261/204
f 233/263/206 232/262/205 231/261/204
f 234/264/207 232/262/205 233/263/206
f 235/265/208 234/264/207 233/263/206
f 236/266/209 235/265/208 233/263/206
f 215/258/192 226/255/199 246/267/210
f 244/268/191 215/258/192 246/267/210
f 226/255/199 227/254/198 237/269/211
f 246/267/210 226/255/199 237/269/211
f 227/254/198 229/259/202 238/270/212
f 237/269/211 227/254/198 238/270/212
f 229/259/202 230/260/203 239/271/213
f 238/270/212 229/259/202 239/271/213
f 230/260/203 232/262/205 240/272/214
f 239/271/213 230/260/203 240/272/214
f 232/262/205 234/264/207 241/273/215
f 240/272/214 232/262/205 241/273/215
f 241/273/215 234/264/207 235/265/208
f 242/274/216 241/273/215 235/265/208
f 242/274/216 235/265/208 243/275/217
f 243/275/217 235/265/208 236/266/209
f 246/276/210 245/277/218 244/278/191
f 237/279/211 245/277/218 246/276/210
f 237/279/211 238/280/212 245/277/218
f 238/280/212 239/281/213 245/277/218
f 240/282/214 245/277/218 239/281/213
f 241/283/215 245/277/218 240/282/214
f 242/284/216 245/277/218 241/283/215
f 244/278/191 245/277/218 247/285/219
f 248/286/220 245/277/218 242/284/216
f 250/287/221 371/288/222 249/289/223
f 251/290/224 250/287/221 249/289/223
f 249/289/223 252/291/225 251/290/224
f 251/290/224 252/291/225 253/292/226
f 252/291/225 254/293/227 253/292/226
f 253/292/226 254/293/227 255/294/228
f 376/295/229 253/292/226 255/294/228
f 376/295/229 250/287/221 251/290/224
f 253/292/226 376/295/229 251/290/224
f 382/296/230 376/295/229 255/294/228
f 255/294/228 254/293/227 280/297/231
f 254/293/227 281/298/232 280/297/231
f 281/298/232 254/293/227 256/299/233
f 257/300/234 281/298/232 256/299/233
f 256/299/233 258/301/235 257/300/234
f 258/301/235 504/302/236 257/300/234
f 510/303/237 258/301/235 256/299/233
f 259/304/238 510/303/237 256/299/233
f 260/305/239 259/304/238 256/299/233
f 260/305/239 256/299/233 254/293/227
f 252/291/225 260/305/239 254/293/227
f 261/306/240 259/304/238 260/305/239
f 262/307/241 261/306/240 260/305/239
f 263/308/242 262/307/241 260/305/239
f 509/309/243 262/307/241 263/308/242
f 508/310/244 509/309/243 263/308/242
f 264/311/245 508/310/244 263/308/242
f 507/312/246 508/310/244 264/311/245
f 506/313/247 507/312/246 264/311/245
f 265/314/248 506/313/247 264/311/245
f 505/315/249 506/313/247 265/314/248
f 505/315/249 265/314/248 266/316/250
f 502/317/251 505/315/249 266/316/250
f 502/317/251 266/316/250 267/318/252
f 267/318/252 266/316/250 268/319/253
f 266/316/250 269/320/254 268/319/253
f 270/321/255 502/317/251 267/318/252
f 500/322/256 270/321/255 267/318/252
f 267/318/252 268/319/253 271/323/257
f 268/319/253 272/324/258 271/323/257
f 272/324/258 268/319/253 273/325/259
f 273/325/259 268/319/253 274/326/260
f 274/326/260 275/327/261 273/325/259
f 275/327/261 341/328/262 273/325/259
f 273/325/259 341/328/262 276/329/263
f 276/329/263 272/324/258 273/325/259
f 341/328/262 453/330/264 276/329/263
f 277/331/265 500/322/256 267/318/252
f 271/323/257 277/331/265 267/318/252
f 453/330/264 278/332/266 276/329/263
f 278/332/266 279/333/267 276/329/263
f 279/333/267 272/324/258 276/329/263
f 279/333/267 278/332/266 280/334/231
f 279/333/267 280/334/231 272/324/258
f 278/332/266 517/335/268 280/334/231
f 503/336/269 277/331/265 271/323/257
f 280/334/231 281/337/232 272/324/258
f 272/324/258 281/337/232 257/338/234
f 271/323/257 272/324/258 257/338/234
f 282/339/270 503/336/269 271/323/257
f 257/338/234 282/339/270 271/323/257
f 504/340/236 282/339/270 257/338/234
f 349/341/271 275/327/261 274/326/260
f 274/326/260 283/342/272 349/341/271
f 283/342/272 274/326/260 268/319/253
f 269/320/254 283/342/272 268/319/253
f 283/342/272 269/320/254 284/343/273
f 283/342/272 284/343/273 349/341/271
f 269/320/254 285/344/274 284/343/273
f 284/343/273 285/344/274 286/345/275
f 284/343/273 286/345/275 287/346/276
f 287/346/276 288/347/277 284/343/273
f 349/341/271 284/343/273 288/347/277
f 287/346/276 289/348/278 288/347/277
f 374/349/279 289/348/278 287/346/276
f 290/350/280 374/349/279 287/346/276
f 291/351/281 374/349/279 290/350/280
f 292/352/282 291/351/281 290/350/280
f 290/350/280 293/353/283 292/352/282
f 293/353/283 294/354/284 292/352/282
f 295/355/285 293/353/283 290/350/280
f 287/346/276 295/355/285 290/350/280
f 295/355/285 287/346/276 286/345/275
f 292/352/282 294/354/284 249/289/223
f 294/354/284 252/291/225 249/289/223
f 371/288/222 291/351/281 292/352/282
f 249/289/223 371/288/222 292/352/282
f 296/356/286 295/355/285 286/345/275
f 285/344/274 296/356/286 286/345/275
f 296/356/286 285/344/274 266/316/250
f 295/355/285 296/356/286 266/316/250
f 266/316/250 285/344/274 269/320/254
f 265/314/248 295/355/285 266/316/250
f 293/353/283 295/355/285 265/314/248
f 264/311/245 293/353/283 265/314/248
f 293/353/283 264/311/245 263/308/242
f 294/354/284 293/353/283 263/308/242
f 294/354/284 263/308/242 252/291/225
f 263/308/242 260/305/239 252/291/225
f 299/357/287 298/358/288 297/359/289
f 300/360/290 299/357/287 297/359/289
f 300/360/290 395/361/291 299/357/287
f 395/361/291 301/362/292 299/357/287
f 297/359/289 298/358/288 388/363/293
f 298/358/288 302/364/294 388/363/293
f 388/363/293 302/364/294 303/365/295
f 302/364/294 304/366/296 303/365/295
f 303/365/295 304/366/296 391/367/297
f 304/366/296 305/368/298 391/367/297
f 391/367/297 305/368/298 392/369/299
f 305/368/298 306/370/300 392/369/299
f 392/369/299 306/370/300 307/371/301
f 306/370/300 308/372/302 307/371/301
f 299/357/287 309/373/303 298/358/288
f 309/373/303 310/374/304 298/358/288
f 299/357/287 301/362/292 311/375/305
f 309/373/303 299/357/287 311/375/305
f 311/375/305 301/362/292 312/376/306
f 301/362/292 313/377/307 312/376/306
f 311/375/305 312/376/306 314/378/308
f 312/376/306 315/379/309 314/378/308
f 315/379/309 316/380/310 314/378/308
f 316/380/310 309/373/303 311/375/305
f 314/378/308 316/380/310 311/375/305
f 317/381/311 310/374/304 309/373/303
f 316/380/310 317/381/311 309/373/303
f 312/376/306 318/382/312 315/379/309
f 312/376/306 313/377/307 318/382/312
f 318/382/312 319/383/313 315/379/309
f 313/377/307 320/384/314 318/382/312
f 398/385/315 320/384/314 313/377/307
f 321/386/316 398/385/315 313/377/307
f 321/386/316 313/377/307 301/362/292
f 322/387/317 320/384/314 398/385/315
f 320/384/314 322/387/317 318/382/312
f 323/388/318 322/387/317 398/385/315
f 324/389/319 322/387/317 323/388/318
f 400/390/320 324/389/319 323/388/318
f 325/391/321 324/389/319 400/390/320
f 402/392/322 325/391/321 400/390/320
f 326/393/323 325/391/321 402/392/322
f 404/394/324 326/393/323 402/392/322
f 327/395/325 326/393/323 404/394/324
f 328/396/326 327/395/325 404/394/324
f 308/397/302 327/395/325 328/396/326
f 307/398/301 308/397/302 328/396/326
f 327/395/325 308/397/302 384/399/327
f 326/393/323 327/395/325 384/399/327
f 322/387/317 324/389/319 329/400/328
f 329/400/328 324/389/319 325/391/321
f 318/382/312 322/387/317 329/400/328
f 319/383/313 318/382/312 329/400/328
f 330/401/329 319/383/313 329/400/328
f 331/402/330 319/383/313 330/401/329
f 319/383/313 331/402/330 315/379/309
f 331/402/330 332/403/331 315/379/309
f 316/380/310 315/379/309 332/403/331
f 333/404/332 331/402/330 330/401/329
f 331/402/330 333/404/332 334/405/333
f 333/404/332 335/406/334 334/405/333
f 336/407/335 335/406/334 333/404/332
f 337/408/336 336/407/335 333/404/332
f 333/404/332 330/401/329 337/408/336
f 336/407/335 337/408/336 338/409/337
f 438/410/338 336/407/335 338/409/337
f 439/411/339 438/410/338 338/409/337
f 339/412/340 439/411/339 338/409/337
f 340/413/341 439/411/339 339/412/340
f 339/412/340 341/414/262 340/413/341
f 341/414/262 275/415/261 340/413/341
f 316/380/310 332/403/331 317/381/311
f 332/403/331 342/416/342 317/381/311
f 317/381/311 342/416/342 343/417/343
f 342/416/342 344/418/344 343/417/343
f 343/417/343 344/418/344 345/419/345
f 346/420/346 343/417/343 345/419/345
f 347/421/347 343/417/343 346/420/346
f 317/381/311 343/417/343 347/421/347
f 348/422/348 347/421/347 346/420/346
f 348/422/348 304/366/296 347/421/347
f 304/366/296 302/364/294 347/421/347
f 347/421/347 302/364/294 310/374/304
f 310/374/304 317/381/311 347/421/347
f 302/364/294 298/358/288 310/374/304
f 340/413/341 275/415/261 349/423/271
f 342/416/342 350/424/349 344/418/344
f 351/425/350 350/424/349 342/416/342
f 332/403/331 351/425/350 342/416/342
f 351/425/350 332/403/331 352/426/351
f 350/424/349 353/427/352 344/418/344
f 344/418/344 353/427/352 345/419/345
f 353/427/352 354/428/353 345/419/345
f 345/419/345 354/428/353 355/429/237
f 346/420/346 345/419/345 355/429/237
f 354/428/353 356/430/354 355/429/237
f 355/429/237 356/430/354 357/431/355
f 358/432/356 355/429/237 357/431/355
f 355/429/237 358/432/356 359/433/357
f 360/434/358 355/429/237 359/433/357
f 361/435/359 360/434/358 359/433/357
f 362/436/360 360/434/358 361/435/359
f 363/437/361 362/436/360 361/435/359
f 305/368/298 362/436/360 363/437/361
f 306/370/300 305/368/298 363/437/361
f 358/432/356 357/431/355 364/438/362
f 365/439/363 364/438/362 357/431/355
f 357/431/355 429/440/364 365/439/363
f 429/440/364 428/441/365 365/439/363
f 365/439/363 428/441/365 366/442/366
f 428/441/365 367/443/367 366/442/366
f 366/442/366 367/443/367 368/444/368
f 367/443/367 369/445/369 368/444/368
f 366/442/366 370/446/370 365/439/363
f 368/444/368 370/446/370 366/442/366
f 364/438/362 365/439/363 370/446/370
f 368/444/368 291/447/281 370/446/370
f 291/447/281 371/448/222 370/446/370
f 371/448/222 250/449/221 370/446/370
f 250/449/221 372/450/371 370/446/370
f 372/450/371 364/438/362 370/446/370
f 364/438/362 372/450/371 373/451/372
f 372/450/371 250/449/221 373/451/372
f 374/452/279 291/447/281 368/444/368
f 375/453/373 374/452/279 368/444/368
f 373/451/372 358/432/356 364/438/362
f 250/449/221 376/454/229 373/451/372
f 426/455/374 375/453/373 368/444/368
f 369/445/369 426/455/374 368/444/368
f 374/452/279 375/453/373 289/456/278
f 375/453/373 377/457/375 289/456/278
f 375/453/373 425/458/376 377/457/375
f 426/455/374 425/458/376 375/453/373
f 425/458/376 378/459/377 377/457/375
f 378/459/377 379/460/378 377/457/375
f 379/460/378 457/461/379 377/457/375
f 457/461/379 380/462/380 377/457/375
f 457/461/379 459/463/381 380/462/380
f 380/462/380 459/463/381 340/413/341
f 459/463/381 439/411/339 340/413/341
f 377/457/375 380/462/380 288/464/277
f 289/456/278 377/457/375 288/464/277
f 380/462/380 340/413/341 288/464/277
f 340/413/341 349/423/271 288/464/277
f 376/454/229 382/465/230 381/466/382
f 373/451/372 376/454/229 381/466/382
f 373/451/372 381/466/382 359/433/357
f 358/432/356 373/451/372 359/433/357
f 381/466/382 382/465/230 455/467/383
f 382/465/230 517/468/268 455/467/383
f 381/466/382 455/467/383 383/469/384
f 359/433/357 381/466/382 383/469/384
f 359/433/357 383/469/384 361/435/359
f 383/469/384 454/470/385 361/435/359
f 361/435/359 454/470/385 363/437/361
f 454/470/385 384/471/327 363/437/361
f 363/437/361 384/471/327 306/370/300
f 384/471/327 308/372/302 306/370/300
f 297/472/289 386/473/386 385/474/387
f 300/475/290 297/472/289 385/474/387
f 387/476/388 386/473/386 297/472/289
f 388/477/293 387/476/388 297/472/289
f 388/477/293 303/478/295 387/476/388
f 303/478/295 389/479/389 387/476/388
f 390/480/390 389/479/389 303/478/295
f 391/481/297 390/480/390 303/478/295
f 392/482/299 390/480/390 391/481/297
f 393/483/391 390/480/390 392/482/299
f 307/484/301 393/483/391 392/482/299
f 300/475/290 385/474/387 394/485/392
f 395/486/291 300/475/290 394/485/392
f 321/487/316 395/486/291 394/485/392
f 396/488/393 321/487/316 394/485/392
f 396/488/393 397/489/394 321/487/316
f 397/489/394 398/490/315 321/487/316
f 398/490/315 397/489/394 323/491/318
f 397/489/394 399/492/395 323/491/318
f 323/491/318 399/492/395 400/493/320
f 399/492/395 401/494/396 400/493/320
f 400/493/320 401/494/396 402/495/322
f 401/494/396 403/496/397 402/495/322
f 402/495/322 403/496/397 404/497/324
f 404/497/324 403/496/397 328/498/326
f 403/496/397 393/499/391 328/498/326
f 328/498/326 393/499/391 307/500/301
f 397/489/394 405/501/398 399/492/395
f 397/489/394 396/488/393 405/501/398
f 405/501/398 512/502/399 399/492/395
f 401/494/396 406/503/400 403/496/397
f 406/503/400 401/494/396 399/492/395
f 512/502/399 406/503/400 399/492/395
f 406/503/400 407/504/401 403/496/397
f 403/496/397 407/504/401 393/499/391
f 407/504/401 408/505/402 393/499/391
f 467/506/403 406/503/400 512/502/399
f 407/504/401 406/503/400 467/506/403
f 515/507/404 467/506/403 512/502/399
f 469/508/405 407/504/401 467/506/403
f 469/508/405 471/509/406 407/504/401
f 409/510/407 408/505/402 407/504/401
f 471/509/406 409/510/407 407/504/401
f 409/510/407 418/511/408 408/505/402
f 405/501/398 410/512/409 512/502/399
f 485/513/410 410/512/409 405/501/398
f 411/514/411 485/513/410 405/501/398
f 412/515/412 485/513/410 411/514/411
f 413/516/413 412/515/412 411/514/411
f 413/516/413 411/514/411 385/474/387
f 386/473/386 413/516/413 385/474/387
f 414/517/414 413/516/413 386/473/386
f 387/476/388 414/517/414 386/473/386
f 415/518/415 414/517/414 387/476/388
f 389/479/389 415/518/415 387/476/388
f 416/519/416 415/518/415 389/479/389
f 390/480/390 416/519/416 389/479/389
f 408/520/402 416/519/416 390/480/390
f 393/483/391 408/520/402 390/480/390
f 385/474/387 411/514/411 394/485/392
f 394/485/392 411/514/411 396/488/393
f 396/488/393 411/514/411 405/501/398
f 417/521/417 416/519/416 408/520/402
f 418/522/408 417/521/417 408/520/402
f 417/521/417 419/523/418 416/519/416
f 416/519/416 419/523/418 415/518/415
f 419/523/418 477/524/419 415/518/415
f 477/524/419 420/525/420 415/518/415
f 415/518/415 420/525/420 414/517/414
f 420/525/420 421/526/421 414/517/414
f 421/526/421 481/527/422 414/517/414
f 414/517/414 481/527/422 413/516/413
f 481/527/422 422/528/423 413/516/413
f 422/528/423 412/515/412 413/516/413
f 425/529/424 424/530/425 423/531/426
f 378/532/427 425/529/424 423/531/426
f 425/529/424 426/533/428 424/530/425
f 426/533/428 427/534/429 424/530/425
f 426/533/428 369/535/430 427/534/429
f 369/535/430 461/536/431 427/534/429
f 369/535/430 367/537/432 461/536/431
f 367/537/432 462/538/433 461/536/431
f 367/537/432 428/539/434 462/538/433
f 428/539/434 429/540/435 462/538/433
f 429/540/435 430/541/436 462/538/433
f 429/540/435 444/542/437 430/541/436
f 444/542/437 431/543/438 430/541/436
f 444/542/437 432/544/439 431/543/438
f 432/544/439 463/545/440 431/543/438
f 432/544/439 443/546/441 463/545/440
f 443/546/441 442/547/442 463/545/440
f 442/547/442 433/548/443 463/545/440
f 442/547/442 441/549/444 433/548/443
f 433/548/443 441/549/444 464/550/445
f 441/549/444 434/551/446 464/550/445
f 434/551/446 435/552/447 464/550/445
f 435/552/447 465/553/448 464/550/445
f 435/552/447 436/554/449 465/553/448
f 436/554/449 334/555/450 465/553/448
f 334/555/450 466/556/451 465/553/448
f 334/555/450 335/557/452 466/556/451
f 335/557/452 437/558/453 466/556/451
f 335/557/452 336/559/454 437/558/453
f 336/559/454 438/560/455 437/558/453
f 438/560/455 460/561/456 437/558/453
f 438/560/455 439/562/457 460/561/456
f 436/563/458 435/564/459 352/426/351
f 440/565/460 436/563/458 352/426/351
f 440/565/460 334/405/333 436/563/458
f 352/426/351 435/564/459 434/566/461
f 351/425/350 352/426/351 434/566/461
f 351/425/350 434/566/461 350/424/349
f 434/566/461 441/567/462 350/424/349
f 350/424/349 441/567/462 353/427/352
f 441/567/462 442/568/463 353/427/352
f 442/568/463 443/569/464 353/427/352
f 353/427/352 443/569/464 354/428/353
f 443/569/464 432/570/465 354/428/353
f 432/570/465 444/571/466 354/428/353
f 354/428/353 444/571/466 356/430/354
f 356/430/354 444/571/466 357/431/355
f 444/571/466 429/440/364 357/431/355
f 440/565/460 331/402/330 334/405/333
f 331/402/330 440/565/460 332/403/331
f 440/565/460 352/426/351 332/403/331
f 447/572/467 446/573/468 445/574/469
f 448/575/470 447/572/467 445/574/469
f 326/393/323 447/572/467 448/575/470
f 325/391/321 326/393/323 448/575/470
f 445/574/469 446/573/468 449/576/471
f 446/573/468 450/577/472 449/576/471
f 449/576/471 450/577/472 451/578/473
f 450/577/472 452/579/474 451/578/473
f 451/578/473 452/579/474 453/580/264
f 452/579/474 278/581/266 453/580/264
f 447/572/467 326/393/323 384/399/327
f 446/573/468 447/572/467 384/399/327
f 454/582/385 446/573/468 384/399/327
f 446/573/468 454/582/385 450/577/472
f 454/582/385 383/583/384 450/577/472
f 450/577/472 383/583/384 452/579/474
f 383/583/384 455/584/383 452/579/474
f 452/579/474 455/584/383 278/581/266
f 455/584/383 517/585/268 278/581/266
f 451/578/473 453/580/264 339/412/340
f 451/578/473 339/412/340 449/576/471
f 453/580/264 341/414/262 339/412/340
f 339/412/340 338/409/337 449/576/471
f 449/576/471 338/409/337 445/574/469
f 338/409/337 337/408/336 445/574/469
f 330/401/329 445/574/469 337/408/336
f 445/574/469 330/401/329 448/575/470
f 330/401/329 329/400/328 448/575/470
f 448/575/470 329/400/328 325/391/321
f 379/586/475 423/531/426 456/587/476
f 457/588/477 379/586/475 456/587/476
f 457/588/477 456/587/476 458/589/478
f 459/590/479 457/588/477 458/589/478
f 459/590/479 458/589/478 460/591/456
f 439/592/457 459/590/479 460/591/456
f 379/586/475 378/532/427 423/531/426
f 462/593/433 430/594/436 461/595/431
f 430/594/436 431/596/438 461/595/431
f 461/595/431 431/596/438 463/597/440
f 461/595/431 463/597/440 427/598/429
f 463/597/440 433/599/443 427/598/429
f 427/598/429 433/599/443 424/600/425
f 433/599/443 464/601/445 424/600/425
f 424/600/425 464/601/445 423/602/426
f 464/601/445 465/603/448 423/602/426
f 423/602/426 465/603/448 456/604/476
f 465/603/448 466/605/451 456/604/476
f 456/604/476 466/605/451 437/606/453
f 456/604/476 437/606/453 458/607/478
f 458/607/478 437/606/453 460/608/456
f 395/361/291 321/386/316 301/362/292
f 468/609/480 467/610/481 515/611/482
f 469/612/483 467/610/481 468/609/480
f 470/613/484 469/612/483 468/609/480
f 471/614/485 469/612/483 470/613/484
f 472/615/486 471/614/485 470/613/484
f 409/616/487 471/614/485 472/615/486
f 473/617/488 409/616/487 472/615/486
f 418/618/489 409/616/487 473/617/488
f 474/619/490 418/618/489 473/617/488
f 417/620/491 418/618/489 474/619/490
f 475/621/492 417/620/491 474/619/490
f 419/622/493 417/620/491 475/621/492
f 476/623/494 419/622/493 475/621/492
f 477/624/495 419/622/493 476/623/494
f 478/625/496 477/624/495 476/623/494
f 420/626/497 477/624/495 478/625/496
f 479/627/498 420/626/497 478/625/496
f 421/628/499 420/626/497 479/627/498
f 480/629/500 421/628/499 479/627/498
f 481/630/501 421/628/499 480/629/500
f 482/631/502 481/630/501 480/629/500
f 422/632/503 481/630/501 482/631/502
f 483/633/504 422/632/503 482/631/502
f 412/634/505 422/632/503 483/633/504
f 484/635/506 412/634/505 483/633/504
f 485/636/507 412/634/505 484/635/506
f 486/637/508 485/636/507 484/635/506
f 410/638/509 485/636/507 486/637/508
f 513/639/510 410/638/509 486/637/508
f 486/637/508 487/640/511 513/639/510
f 487/640/511 494/641/512 513/639/510
f 488/642/513 487/640/511 486/637/508
f 484/635/506 488/642/513 486/637/508
f 483/633/504 488/642/513 484/635/506
f 491/643/514 488/642/513 483/633/504
f 482/631/502 491/643/514 483/633/504
f 489/644/515 491/643/514 482/631/502
f 480/629/500 489/644/515 482/631/502
f 492/645/516 489/644/515 480/629/500
f 513/639/510 511/646/517 410/638/509
f 479/627/498 492/645/516 480/629/500
f 478/625/496 492/645/516 479/627/498
f 493/647/518 492/645/516 478/625/496
f 476/623/494 493/647/518 478/625/496
f 490/648/519 493/647/518 476/623/494
f 475/621/492 490/648/519 476/623/494
f 496/649/520 490/648/519 475/621/492
f 474/619/490 496/649/520 475/621/492
f 497/650/521 496/649/520 474/619/490
f 473/617/488 497/650/521 474/619/490
f 498/651/522 497/650/521 473/617/488
f 472/615/486 498/651/522 473/617/488
f 499/652/523 498/651/522 472/615/486
f 470/613/484 499/652/523 472/615/486
f 516/653/524 499/652/523 470/613/484
f 468/609/480 516/653/524 470/613/484
f 491/654/525 495/655/526 488/656/527
f 488/656/527 495/655/526 487/657/528
f 489/658/529 495/659/526 491/654/525
f 492/660/530 495/659/526 489/658/529
f 493/661/531 495/659/526 492/660/530
f 487/657/528 495/662/526 494/663/532
f 495/662/526 514/664/533 494/663/532
f 490/665/534 495/666/526 493/667/531
f 496/668/535 495/666/526 490/665/534
f 497/669/119 495/666/526 496/668/535
f 498/670/536 495/666/526 497/669/119
f 499/671/537 495/672/526 498/670/536
f 499/671/537 516/673/538 495/672/526
f 516/673/538 514/674/533 495/672/526
f 501/675/539 270/676/540 500/677/541
f 501/675/539 502/678/542 270/676/540
f 501/675/539 500/677/541 277/679/543
f 501/675/539 277/679/543 503/680/544
f 501/675/539 503/680/544 282/681/545
f 501/675/539 282/681/545 504/682/546
f 501/675/539 504/682/546 258/683/547
f 501/675/539 505/684/548 502/678/542
f 501/675/539 506/685/549 505/684/548
f 501/675/539 507/686/550 506/685/549
f 501/675/539 508/687/551 507/686/550
f 501/675/539 509/688/552 508/687/551
f 501/675/539 262/689/553 509/688/552
f 501/675/539 261/690/554 262/689/553
f 501/675/539 259/691/555 261/690/554
f 501/675/539 510/692/556 259/691/555
f 501/675/539 258/683/547 510/692/556
f 410/512/409 511/693/557 512/502/399
f 511/694/558 514/695/559 512/696/560
f 494/697/561 514/695/559 511/694/558
f 513/698/562 494/697/561 511/694/558
f 515/699/563 512/696/564 514/695/565
f 515/699/563 514/695/565 516/700/566
f 468/701/567 515/699/563 516/700/566
f 517/702/268 382/296/230 255/294/228
f 280/297/231 517/702/268 255/294/228
f 360/434/358 346/420/346 355/429/237
f 348/422/348 346/420/346 360/434/358
f 362/436/360 348/422/348 360/434/358
f 348/422/348 362/436/360 304/366/296
f 362/436/360 305/368/298 304/366/296
f 528/703/568 519/704/569 518/705/570
f 518/705/570 519/704/569 526/706/571
f 519/704/569 520/707/572 526/706/571
f 526/706/571 520/707/572 523/708/573
f 520/707/572 521/709/574 523/708/573
f 521/709/574 520/707/572 527/710/575
f 524/711/576 521/709/574 527/710/575
f 520/707/572 519/704/569 522/712/577
f 527/710/575 520/707/572 522/712/577
f 522/712/577 519/704/569 528/703/568
f 521/709/574 525/713/578 523/708/573
f 521/709/574 524/711/576 525/713/578
f 525/714/579 524/715/580 523/716/581
f 526/717/582 523/716/581 524/715/580
f 527/718/583 526/717/582 524/715/580
f 518/719/584 526/717/582 527/718/583
f 522/720/585 518/719/584 527/718/583
f 528/721/586 518/719/584 522/720/585
f 531/722/587 530/723/588 529/724/589
f 532/725/590 531/722/587 529/724/591
f 545/726/592 531/722/587 532/725/590
f 531/722/587 545/726/592 533/727/593
f 545/726/592 534/728/594 533/727/593
f 534/728/594 535/729/595 533/727/593
f 533/727/593 535/729/595 536/730/596
f 535/729/595 537/731/597 536/730/596
f 533/727/593 536/730/596 547/732/598
f 547/732/598 536/730/596 548/733/599
f 538/734/600 533/727/593 547/732/598
f 546/735/601 533/727/593 538/734/600
f 530/723/588 531/722/587 539/736/602
f 544/737/603 530/723/588 539/736/602
f 540/738/604 539/736/602 531/722/587
f 540/738/604 531/722/587 533/727/593
f 546/735/601 540/738/604 533/727/593
f 548/733/599 536/730/596 541/739/605
f 548/733/599 541/739/605 549/740/606
f 542/741/607 549/740/606 541/739/605
f 542/741/607 541/739/605 543/742/608
f 541/739/605 536/730/596 543/742/608
f 536/730/596 537/731/597 543/742/608
f 532/743/609 529/744/610 544/745/610
f 539/746/611 532/743/609 544/745/610
f 545/747/612 532/743/609 539/746/611
f 540/748/613 545/747/612 539/746/611
f 545/747/612 540/748/613 534/749/614
f 540/748/613 546/750/615 534/749/614
f 535/751/616 534/749/614 546/750/615
f 538/752/617 535/751/616 546/750/615
f 535/751/616 538/752/617 537/753/618
f 538/752/617 547/754/619 537/753/618
f 548/755/620 537/753/618 547/754/619
f 537/753/618 548/755/620 543/756/621
f 549/757/622 543/756/621 548/755/620
f 542/758/623 543/756/621 549/757/622
f 551/759/624 582/760/625 550/761/626
f 568/762/627 551/759/624 550/761/626
f 552/763/628 551/759/624 568/762/627
f 569/764/629 552/763/628 568/762/627
f 579/765/630 552/763/628 569/764/629
f 553/766/631 579/765/630 569/764/629
f 577/767/632 579/765/630 553/766/631
f 554/768/633 577/767/632 553/766/631
f 576/769/634 577/767/632 554/768/633
f 555/770/635 576/769/634 554/768/633
f 550/761/626 582/760/625 556/771/636
f 582/760/625 557/772/637 556/771/636
f 556/771/636 557/772/637 571/773/638
f 557/772/637 585/774/639 571/773/638
f 571/773/638 585/774/639 572/775/640
f 585/774/639 588/776/641 572/775/640
f 558/777/642 576/769/634 555/770/635
f 559/778/643 558/777/642 555/770/635
f 567/779/644 559/778/643 555/770/635
f 560/780/645 559/778/643 567/779/644
f 561/781/646 560/780/645 567/779/644
f 622/782/647 560/780/645 561/781/646
f 570/783/648 622/782/647 561/781/646
f 623/784/649 622/782/647 570/783/648
f 562/785/650 623/784/649 570/783/648
f 623/784/649 562/785/650 565/786/651
f 563/787/652 623/784/649 565/786/651
f 572/775/640 588/776/641 564/788/653
f 573/789/654 572/775/640 564/788/653
f 573/789/654 564/788/653 565/790/651
f 564/788/653 566/791/655 565/790/651
f 566/791/655 563/792/652 565/790/651
f 567/793/644 555/794/635 554/795/633
f 567/793/644 554/795/633 568/796/627
f 554/795/633 553/797/631 568/796/627
f 553/797/631 569/798/629 568/796/627
f 550/799/626 567/793/644 568/796/627
f 561/800/646 567/793/644 550/799/626
f 556/801/636 561/800/646 550/799/626
f 570/802/648 561/800/646 556/801/636
f 571/803/638 570/802/648 556/801/636
f 570/802/648 571/803/638 562/804/650
f 571/803/638 572/805/640 562/804/650
f 562/804/650 572/805/640 573/806/654
f 565/807/651 562/804/650 573/806/654
f 576/808/656 575/809/657 574/810/658
f 577/811/659 576/808/656 574/810/658
f 577/811/659 574/810/658 578/812/660
f 579/813/661 577/811/659 578/812/660
f 552/814/662 579/813/661 578/812/660
f 580/815/663 552/814/662 578/812/660
f 551/816/664 552/814/662 580/815/663
f 581/817/665 551/816/664 580/815/663
f 582/818/666 551/816/664 581/817/665
f 583/819/667 582/818/666 581/817/665
f 557/820/668 582/818/666 583/819/667
f 584/821/669 557/820/668 583/819/667
f 585/822/670 557/820/668 584/821/669
f 586/823/671 585/822/670 584/821/669
f 585/822/670 586/823/671 587/824/672
f 588/825/673 585/822/670 587/824/672
f 589/826/674 580/815/663 578/812/660
f 589/826/674 578/812/660 590/827/675
f 578/812/660 591/828/676 590/827/675
f 590/827/675 591/828/676 592/829/677
f 593/830/678 590/827/675 592/829/677
f 593/830/678 592/829/677 594/831/679
f 594/831/679 592/829/677 595/832/680
f 592/829/677 596/833/681 595/832/680
f 596/833/681 597/834/682 595/832/680
f 597/834/682 596/833/681 598/835/683
f 599/836/684 597/834/682 598/835/683
f 599/836/684 598/835/683 600/837/685
f 601/838/686 599/836/684 600/837/685
f 601/838/686 600/837/685 602/839/687
f 603/840/688 601/838/686 602/839/687
f 603/840/688 602/839/687 632/841/689
f 604/842/690 603/840/688 632/841/689
f 598/835/683 596/833/681 605/843/691
f 606/844/692 598/835/683 605/843/691
f 600/837/685 598/835/683 606/844/692
f 602/839/687 600/837/685 607/845/693
f 607/845/693 600/837/685 606/844/692
f 608/846/694 602/839/687 607/845/693
f 632/841/689 602/839/687 608/846/694
f 608/846/694 607/845/693 609/847/695
f 719/848/696 608/846/694 609/847/695
f 633/849/697 608/846/694 719/848/696
f 633/849/697 632/841/689 608/846/694
f 610/850/698 633/849/697 719/848/696
f 607/845/693 606/844/692 611/851/683
f 609/847/695 607/845/693 611/851/683
f 606/844/692 605/843/691 612/852/699
f 611/851/683 606/844/692 612/852/699
f 612/852/699 605/843/691 718/853/700
f 605/843/691 613/854/701 718/853/700
f 718/853/700 613/854/701 614/855/702
f 613/854/701 615/856/703 614/855/702
f 613/854/701 616/857/704 615/856/703
f 616/857/704 617/858/705 615/856/703
f 614/855/702 615/856/703 618/859/706
f 615/856/703 575/809/657 618/859/706
f 615/856/703 617/858/705 575/809/657
f 618/859/706 575/809/657 619/860/707
f 575/809/657 620/861/708 619/860/707
f 619/860/707 620/861/708 621/862/709
f 620/861/708 558/863/710 621/862/709
f 558/863/710 620/861/708 575/809/657
f 558/863/710 559/864/711 621/862/709
f 621/862/709 559/864/711 717/865/712
f 559/864/711 560/866/713 717/865/712
f 717/865/712 560/866/713 716/867/714
f 560/866/713 622/868/715 716/867/714
f 716/867/714 622/868/715 623/869/716
f 624/870/717 716/867/714 623/869/716
f 624/870/717 623/869/716 563/871/718
f 625/872/719 624/870/717 563/871/718
f 626/873/720 625/872/719 563/871/718
f 566/874/721 626/873/720 563/871/718
f 564/875/722 626/873/720 566/874/721
f 626/873/720 564/875/722 627/876/723
f 564/875/722 588/825/673 627/876/723
f 628/877/724 626/873/720 627/876/723
f 629/878/725 628/877/724 627/876/723
f 629/878/725 630/879/726 628/877/724
f 630/879/726 631/880/727 628/877/724
f 630/879/726 604/881/690 631/880/727
f 604/881/690 632/882/689 631/880/727
f 631/880/727 632/882/689 633/883/697
f 634/884/728 631/880/727 633/883/697
f 628/877/724 631/880/727 634/884/728
f 635/885/729 625/872/719 626/873/720
f 628/877/724 635/885/729 626/873/720
f 635/885/729 628/877/724 634/884/728
f 625/872/719 635/885/729 714/886/730
f 715/887/731 625/872/719 714/886/730
f 635/885/729 634/884/728 636/888/732
f 714/886/730 635/885/729 636/888/732
f 634/884/728 633/883/697 610/889/698
f 636/888/732 634/884/728 610/889/698
f 630/879/726 637/890/732 604/881/690
f 637/890/732 638/891/698 604/881/690
f 638/891/698 637/890/732 670/892/727
f 670/892/727 637/890/732 639/893/730
f 637/890/732 640/894/733 639/893/730
f 640/894/733 637/890/732 630/879/726
f 639/893/730 640/894/733 641/895/734
f 640/894/733 642/896/735 641/895/734
f 641/895/734 642/896/735 643/897/736
f 642/896/735 644/898/737 643/897/736
f 643/897/736 644/898/737 645/899/714
f 644/898/737 646/900/738 645/899/714
f 645/899/714 646/900/738 669/901/739
f 646/900/738 647/902/740 669/901/739
f 669/901/739 647/902/740 668/903/741
f 647/902/740 648/904/742 668/903/741
f 668/903/741 648/904/742 649/905/743
f 648/904/742 650/906/744 649/905/743
f 649/905/743 650/906/744 667/907/745
f 650/906/744 651/908/746 667/907/745
f 667/907/745 651/908/746 652/909/747
f 651/908/746 653/910/748 652/909/747
f 652/909/747 653/910/748 654/911/749
f 653/910/748 655/912/750 654/911/749
f 655/912/750 594/831/679 654/911/749
f 594/831/679 656/913/751 654/911/749
f 656/913/751 657/914/752 654/911/749
f 657/914/752 658/915/753 654/911/749
f 658/915/753 657/914/752 659/916/754
f 657/914/752 660/917/755 659/916/754
f 659/916/754 660/917/755 661/918/756
f 660/917/755 662/919/695 661/918/756
f 661/918/756 662/919/695 663/920/757
f 662/919/695 664/921/758 663/920/757
f 663/920/757 664/921/758 671/922/759
f 664/921/758 638/923/698 671/922/759
f 655/912/750 653/910/748 593/830/678
f 593/830/678 594/831/679 655/912/750
f 653/910/748 590/827/675 593/830/678
f 590/827/675 653/910/748 589/826/674
f 653/910/748 651/908/746 589/826/674
f 597/834/682 657/914/752 656/913/751
f 660/917/755 657/914/752 597/834/682
f 599/836/684 660/917/755 597/834/682
f 662/919/695 660/917/755 599/836/684
f 601/838/686 662/919/695 599/836/684
f 664/921/758 662/919/695 601/838/686
f 603/840/688 664/921/758 601/838/686
f 638/923/698 664/921/758 603/840/688
f 604/842/690 638/923/698 603/840/688
f 589/826/674 651/908/746 580/815/663
f 651/908/746 650/906/744 580/815/663
f 580/815/663 650/906/744 581/817/665
f 650/906/744 648/904/742 581/817/665
f 581/817/665 648/904/742 583/819/667
f 648/904/742 647/902/740 583/819/667
f 583/819/667 647/902/740 584/821/669
f 647/902/740 646/900/738 584/821/669
f 584/821/669 646/900/738 586/823/671
f 646/900/738 644/898/737 586/823/671
f 586/823/671 644/898/737 587/824/672
f 644/898/737 642/896/735 587/824/672
f 587/824/672 642/896/735 629/878/725
f 642/896/735 640/894/733 629/878/725
f 629/878/725 640/894/733 630/879/726
f 587/824/672 629/878/725 627/876/723
f 588/825/673 587/824/672 627/876/723
f 666/924/760 658/925/761 665/926/762
f 652/927/763 666/924/760 665/926/762
f 667/928/764 652/927/763 665/926/762
f 649/929/765 667/928/764 665/926/762
f 668/930/766 649/929/765 665/926/762
f 669/931/767 668/930/766 665/926/762
f 645/932/768 669/931/767 665/926/762
f 643/933/769 645/932/768 665/926/762
f 641/934/770 643/933/769 665/926/762
f 639/935/771 641/934/770 665/926/762
f 670/936/772 639/935/771 665/926/762
f 671/937/773 670/936/772 665/926/762
f 663/938/774 671/937/773 665/926/762
f 661/939/775 663/938/774 665/926/762
f 659/940/776 661/939/775 665/926/762
f 658/925/761 659/940/776 665/926/762
f 726/941/777 684/942/778 672/943/779
f 726/941/777 731/944/780 684/942/778
f 673/945/781 726/941/777 672/943/779
f 674/946/782 673/945/781 672/943/779
f 725/947/783 674/946/782 672/943/779
f 724/948/784 725/947/783 672/949/779
f 675/950/785 724/948/784 672/949/779
f 676/951/786 675/950/785 672/949/779
f 677/952/787 676/951/786 672/949/779
f 722/953/788 677/952/787 672/954/779
f 678/955/789 722/953/788 672/954/779
f 679/956/790 678/955/789 672/954/779
f 680/957/791 679/956/790 672/954/779
f 681/958/792 680/957/791 672/959/779
f 681/958/792 672/959/779 682/960/793
f 672/959/779 683/961/794 682/960/793
f 684/962/778 683/961/794 672/959/779
f 684/962/778 685/963/795 683/961/794
f 687/964/796 713/965/797 686/966/798
f 688/967/799 687/964/796 686/966/798
f 729/968/800 688/967/799 686/966/798
f 686/966/798 689/969/801 729/968/800
f 689/969/801 690/970/802 729/968/800
f 689/969/801 691/971/803 690/970/802
f 691/971/803 692/972/804 690/970/802
f 691/971/803 693/973/805 692/972/804
f 693/973/805 694/974/806 692/972/804
f 694/974/806 693/973/805 720/975/807
f 693/973/805 695/976/808 720/975/807
f 695/976/808 696/977/809 720/975/807
f 696/977/809 721/978/810 720/975/807
f 721/978/810 696/977/809 697/979/811
f 696/977/809 698/980/812 697/979/811
f 698/980/812 699/981/813 697/979/811
f 699/981/813 723/982/814 697/979/811
f 723/982/814 699/981/813 700/983/815
f 699/981/813 701/984/816 700/983/815
f 701/984/816 702/985/817 700/983/815
f 702/985/817 703/986/818 700/983/815
f 703/986/818 702/985/817 704/987/819
f 702/985/817 705/988/820 704/987/819
f 705/988/820 706/989/821 704/987/819
f 706/989/821 707/990/822 704/987/819
f 707/990/822 706/989/821 708/991/823
f 706/989/821 709/992/824 708/991/823
f 709/992/824 710/993/825 708/991/823
f 710/993/825 711/994/826 708/991/823
f 711/994/826 710/993/825 727/995/827
f 710/993/825 712/996/828 727/995/827
f 636/997/732 712/996/828 710/993/825
f 636/997/732 610/998/698 712/996/828
f 610/998/698 713/999/797 712/996/828
f 714/1000/730 636/997/732 710/993/825
f 714/1000/730 710/993/825 709/992/824
f 715/1001/731 714/1000/730 709/992/824
f 715/1001/731 709/992/824 706/989/821
f 624/1002/717 715/1001/731 706/989/821
f 624/1002/717 706/989/821 705/988/820
f 716/1003/714 624/1002/717 705/988/820
f 716/1003/714 705/988/820 702/985/817
f 717/1004/712 716/1003/714 702/985/817
f 717/1004/712 702/985/817 701/984/816
f 621/1005/709 717/1004/712 701/984/816
f 621/1005/709 701/984/816 699/981/813
f 619/1006/707 621/1005/709 699/981/813
f 619/1006/707 699/981/813 698/980/812
f 618/1007/706 619/1006/707 698/980/812
f 618/1007/706 698/980/812 696/977/809
f 614/1008/702 618/1007/706 696/977/809
f 614/1008/702 696/977/809 695/976/808
f 718/1009/700 614/1008/702 695/976/808
f 718/1009/700 695/976/808 693/973/805
f 612/1010/699 718/1009/700 693/973/805
f 612/1010/699 693/973/805 691/971/803
f 611/1011/683 612/1010/699 691/971/803
f 611/1011/683 691/971/803 689/969/801
f 609/1012/695 611/1011/683 689/969/801
f 609/1012/695 689/969/801 686/966/798
f 719/1013/696 609/1012/695 686/966/798
f 719/1013/696 686/966/798 610/1014/698
f 686/966/798 713/965/797 610/1014/698
f 671/1015/759 638/891/698 670/892/727
f 679/1016/790 680/1017/791 694/1018/829
f 720/1019/830 679/1016/790 694/1018/829
f 678/1020/789 679/1016/790 720/1019/830
f 721/1021/831 678/1020/789 720/1019/830
f 722/1022/788 678/1020/789 721/1021/831
f 697/1023/831 722/1022/788 721/1021/831
f 677/1024/787 722/1022/788 697/1023/831
f 723/1025/832 677/1024/787 697/1023/831
f 676/1026/786 677/1024/787 723/1025/832
f 700/1027/833 676/1026/786 723/1025/832
f 675/1028/785 676/1026/786 700/1027/833
f 703/1029/834 675/1028/785 700/1027/833
f 724/1030/784 675/1028/785 703/1029/834
f 704/1031/835 724/1030/784 703/1029/834
f 725/1032/783 724/1030/784 704/1031/835
f 707/1033/836 725/1032/783 704/1031/835
f 674/1034/782 725/1032/783 707/1033/836
f 708/1035/837 674/1034/782 707/1033/836
f 673/1036/781 674/1034/782 708/1035/837
f 711/1037/838 673/1036/781 708/1035/837
f 726/1038/777 673/1036/781 711/1037/838
f 727/1039/839 726/1038/777 711/1037/838
f 727/1039/839 728/1040/840 726/1038/777
f 728/1040/840 731/1041/780 726/1038/777
f 685/1042/795 688/1043/841 729/1044/842
f 683/1045/794 685/1042/795 729/1044/842
f 682/1046/793 683/1045/794 729/1044/842
f 690/1047/843 682/1046/793 729/1044/842
f 681/1048/792 682/1046/793 690/1047/843
f 692/1049/844 681/1048/792 690/1047/843
f 680/1017/791 681/1048/792 692/1049/844
f 694/1018/829 680/1017/791 692/1049/844
f 624/870/717 625/872/719 715/887/731
f 596/833/681 616/857/704 613/854/701
f 605/843/691 596/833/681 613/854/701
f 616/857/704 596/833/681 592/829/677
f 617/858/705 616/857/704 592/829/677
f 591/828/676 617/858/705 592/829/677
f 574/810/658 617/858/705 591/828/676
f 617/858/705 574/810/658 575/809/657
f 578/812/660 574/810/658 591/828/676
f 576/808/656 558/863/710 575/809/657
f 687/1050/845 685/1051/199 684/1052/333
f 713/1053/846 687/1050/845 684/1052/333
f 685/1051/199 687/1050/845 688/1054/847
f 730/1055/848 728/1056/849 727/995/827
f 712/996/828 730/1055/848 727/995/827
f 713/999/797 730/1055/848 712/996/828
f 731/1057/850 730/1058/851 713/1053/852
f 684/1052/852 731/1057/850 713/1053/852
f 730/1058/851 731/1057/850 728/1059/853
f 595/832/680 656/913/751 594/831/679
f 595/832/680 597/834/682 656/913/751
f 658/915/753 666/1060/700 654/911/749
f 666/1060/700 652/909/747 654/911/749
f 747/1061/854 733/1062/855 732/1063/856
f 747/1061/854 734/1064/857 733/1062/855
f 732/1063/856 733/1062/855 735/1065/858
f 745/1066/859 732/1063/856 735/1065/858
f 745/1066/859 735/1065/858 736/1067/860
f 737/1068/861 745/1066/859 736/1067/860
f 738/1069/862 737/1068/861 736/1067/860
f 739/1070/863 738/1069/862 736/1067/860
f 740/1071/864 738/1069/862 739/1070/863
f 734/1064/857 741/1072/865 733/1062/855
f 733/1062/855 741/1072/865 735/1065/858
f 741/1072/865 746/1073/866 735/1065/858
f 735/1065/858 746/1073/866 736/1067/860
f 746/1073/866 742/1074/867 736/1067/860
f 742/1074/867 743/1075/868 736/1067/860
f 736/1067/860 743/1075/868 739/1070/863
f 743/1075/868 744/1076/869 739/1070/863
f 744/1076/869 740/1071/864 739/1070/863
f 744/1077/870 738/1078/870 740/1079/871
f 738/1078/870 744/1077/870 737/1080/872
f 744/1077/870 743/1081/873 737/1080/872
f 745/1082/874 737/1080/872 743/1081/873
f 742/1083/875 745/1082/874 743/1081/873
f 745/1082/874 742/1083/875 746/1084/876
f 745/1082/874 746/1084/876 732/1085/877
f 746/1084/876 741/1086/877 732/1085/877
f 741/1086/877 747/1087/878 732/1085/877
f 741/1086/877 734/1088/879 747/1087/878
f 766/1089/880 764/1090/881 748/1091/882
f 748/1091/882 764/1090/881 749/1092/883
f 749/1092/883 764/1090/881 750/1093/884
f 764/1090/881 763/1094/885 750/1093/884
f 750/1093/884 763/1094/885 751/1095/886
f 763/1094/885 752/1096/887 751/1095/886
f 751/1095/886 752/1096/887 753/1097/888
f 752/1096/887 754/1098/889 753/1097/888
f 753/1097/888 754/1098/889 755/1099/890
f 754/1098/889 756/1100/891 755/1099/890
f 755/1099/890 756/1100/891 761/1101/892
f 757/1102/893 755/1099/890 761/1101/892
f 755/1099/890 757/1102/893 758/1103/894
f 751/1095/886 753/1097/888 758/1103/894
f 753/1097/888 755/1099/890 758/1103/894
f 750/1093/884 751/1095/886 758/1103/894
f 750/1093/884 758/1103/894 759/1104/895
f 749/1092/883 750/1093/884 759/1104/895
f 748/1091/882 749/1092/883 759/1104/895
f 761/1105/892 756/1106/891 760/1107/896
f 756/1106/891 754/1108/889 760/1107/896
f 754/1108/889 762/1109/897 760/1107/896
f 754/1108/889 752/1110/887 762/1109/897
f 752/1110/887 763/1111/885 762/1109/897
f 763/1111/885 764/1112/881 762/1109/897
f 764/1112/881 765/1113/898 762/1109/897
f 764/1112/881 766/1114/880 765/1113/898
f 769/1115/899 768/1116/900 767/1117/901
f 770/1118/902 769/1115/899 767/1117/901
f 771/1119/903 769/1115/899 770/1118/902
f 772/1120/904 771/1119/903 770/1118/902
f 773/1121/905 771/1119/903 772/1120/904
f 774/1122/906 773/1121/905 772/1120/904
f 775/1123/907 773/1121/905 774/1122/906
f 776/1124/908 775/1123/907 774/1122/906
f 777/1125/909 775/1123/907 776/1124/908
f 778/1126/910 777/1125/909 776/1124/908
f 779/1127/911 777/1125/909 778/1126/910
f 780/1128/912 779/1127/911 778/1126/910
f 781/1129/913 779/1127/911 780/1128/912
f 782/1130/914 781/1129/913 780/1128/912
f 768/1116/900 781/1129/913 782/1130/914
f 767/1117/901 768/1116/900 782/1130/914
f 767/1117/901 783/1131/915 770/1118/902
f 770/1118/902 783/1131/915 772/1120/904
f 772/1120/904 783/1131/915 774/1122/906
f 774/1122/906 783/1131/915 776/1124/908
f 776/1124/908 783/1131/915 778/1126/910
f 778/1126/910 783/1131/915 780/1128/912
f 780/1128/912 783/1131/915 782/1130/914
f 782/1130/914 783/1131/915 767/1117/901
f 769/1115/899 771/1119/903 784/1132/916
f 785/1133/917 769/1115/899 784/1132/916
f 768/1116/900 769/1115/899 785/1133/917
f 786/1134/918 768/1116/900 785/1133/917
f 781/1129/913 768/1116/900 786/1134/918
f 785/1133/917 787/1135/919 786/1134/918
f 787/1135/919 788/1136/920 786/1134/918
f 789/1137/921 787/1135/919 785/1133/917
f 784/1132/916 789/1137/921 785/1133/917
f 790/1138/922 789/1137/921 784/1132/916
f 791/1139/923 790/1138/922 784/1132/916
f 784/1132/916 771/1119/903 791/1139/923
f 771/1119/903 773/1121/905 791/1139/923
f 792/1140/924 781/1129/913 786/1134/918
f 786/1134/918 788/1136/920 792/1140/924
f 788/1136/920 793/1141/925 792/1140/924
f 792/1140/924 793/1141/925 794/1142/926
f 794/1142/926 779/1127/911 792/1140/924
f 779/1127/911 781/1129/913 792/1140/924
f 793/1141/925 795/1143/927 794/1142/926
f 796/1144/928 790/1138/922 791/1139/923
f 797/1145/929 796/1144/928 791/1139/923
f 791/1139/923 773/1121/905 797/1145/929
f 773/1121/905 775/1123/907 797/1145/929
f 798/1146/930 796/1144/928 797/1145/929
f 799/1147/931 798/1146/930 797/1145/929
f 797/1145/929 775/1123/907 799/1147/931
f 795/1143/927 798/1146/930 799/1147/931
f 794/1142/926 795/1143/927 799/1147/931
f 775/1123/907 777/1125/909 799/1147/931
f 777/1125/909 779/1127/911 794/1142/926
f 799/1147/931 777/1125/909 794/1142/926
f 802/1148/932 801/1149/933 800/1150/934
f 803/1151/935 802/1148/932 800/1150/934
f 804/1152/936 802/1148/932 803/1151/935
f 805/1153/937 804/1152/936 803/1151/935
f 806/1154/938 804/1152/936 805/1153/937
f 807/1155/939 806/1154/938 805/1153/937
f 808/1156/940 806/1154/938 807/1155/939
f 809/1157/941 808/1156/940 807/1155/939
f 810/1158/942 808/1156/940 809/1157/941
f 811/1159/943 810/1158/942 809/1157/941
f 812/1160/944 810/1158/942 811/1159/943
f 813/1161/945 812/1160/944 811/1159/943
f 814/1162/946 812/1160/944 813/1161/945
f 815/1163/947 814/1162/946 813/1161/945
f 801/1149/933 814/1162/946 815/1163/947
f 800/1150/934 801/1149/933 815/1163/947
f 800/1150/934 816/1164/948 803/1151/935
f 803/1151/935 816/1164/948 805/1153/937
f 805/1153/937 816/1164/948 807/1155/939
f 807/1155/939 816/1164/948 809/1157/941
f 809/1157/941 816/1164/948 811/1159/943
f 811/1159/943 816/1164/948 813/1161/945
f 813/1161/945 816/1164/948 815/1163/947
f 815/1163/947 816/1164/948 800/1150/934
f 802/1148/932 804/1152/936 817/1165/949
f 818/1166/950 802/1148/932 817/1165/949
f 801/1149/933 802/1148/932 818/1166/950
f 819/1167/951 801/1149/933 818/1166/950
f 814/1162/946 801/1149/933 819/1167/951
f 818/1166/950 820/1168/952 819/1167/951
f 820/1168/952 821/1169/953 819/1167/951
f 822/1170/954 820/1168/952 818/1166/950
f 817/1165/949 822/1170/954 818/1166/950
f 823/1171/955 822/1170/954 817/1165/949
f 824/1172/956 823/1171/955 817/1165/949
f 817/1165/949 804/1152/936 824/1172/956
f 804/1152/936 806/1154/938 824/1172/956
f 825/1173/957 814/1162/946 819/1167/951
f 819/1167/951 821/1169/953 825/1173/957
f 821/1169/953 826/1174/958 825/1173/957
f 825/1173/957 826/1174/958 827/1175/959
f 827/1175/959 812/1160/944 825/1173/957
f 812/1160/944 814/1162/946 825/1173/957
f 826/1174/958 828/1176/960 827/1175/959
f 829/1177/961 823/1171/955 824/1172/956
f 830/1178/962 829/1177/961 824/1172/956
f 824/1172/956 806/1154/938 830/1178/962
f 806/1154/938 808/1156/940 830/1178/962
f 831/1179/963 829/1177/961 830/1178/962
f 832/1180/964 831/1179/963 830/1178/962
f 830/1178/962 808/1156/940 832/1180/964
f 828/1176/960 831/1179/963 832/1180/964
f 827/1175/959 828/1176/960 832/1180/964
f 808/1156/940 810/1158/942 832/1180/964
f 810/1158/942 812/1160/944 827/1175/959
f 832/1180/964 810/1158/942 827/1175/959
f 834/1181/541 833/1182/965 845/1183/966
f 835/1184/967 834/1181/541 845/1183/966
f 845/1183/966 833/1182/965 846/1185/968
f 833/1182/965 836/1186/969 846/1185/968
f 846/1185/968 836/1186/969 847/1187/970
f 836/1186/969 837/1188/971 847/1187/970
f 847/1187/970 837/1188/971 848/1189/972
f 837/1188/971 838/1190/973 848/1189/972
f 848/1189/972 838/1190/973 839/1191/974
f 838/1190/973 840/1192/975 839/1191/974
f 839/1191/974 840/1192/975 841/1193/976
f 842/1194/977 839/1191/974 841/1193/976
f 841/1193/976 840/1192/975 843/1195/978
f 840/1192/975 838/1190/973 843/1195/978
f 838/1190/973 837/1188/971 843/1195/978
f 833/1182/965 834/1181/541 843/1195/978
f 836/1186/969 833/1182/965 843/1195/978
f 837/1188/971 836/1186/969 843/1195/978
f 835/1196/967 845/1197/966 844/1198/979
f 845/1197/966 846/1199/968 844/1198/979
f 846/1199/968 847/1200/970 844/1198/979
f 847/1200/970 848/1201/972 844/1198/979
f 848/1201/972 839/1202/974 844/1198/979
f 839/1202/974 842/1203/977 844/1198/979
f 851/1204/980 850/1205/981 849/1206/982
f 852/1207/983 850/1205/981 851/1204/980
f 853/1208/984 852/1207/983 851/1204/980
f 849/1206/982 854/1209/985 851/1204/980
f 854/1209/985 849/1206/982 855/1210/986
f 849/1206/982 850/1205/981 855/1210/986
f 856/1211/987 854/1209/985 855/1210/986
f 855/1210/986 857/1212/988 856/1211/987
f 850/1205/981 857/1212/988 855/1210/986
f 857/1212/988 858/1213/989 856/1211/987
f 854/1209/985 859/1214/990 851/1204/980
f 851/1204/980 859/1214/990 853/1208/984
f 859/1214/990 860/1215/991 853/1208/984
f 853/1208/984 860/1215/991 861/1216/992
f 852/1207/983 853/1208/984 861/1216/992
f 864/1217/993 863/1218/994 862/1219/995
f 865/1220/996 864/1217/993 862/1219/995
f 865/1220/996 862/1219/995 866/1221/997
f 867/1222/998 866/1221/997 862/1219/995
f 867/1222/998 868/1223/999 866/1221/997
f 868/1223/999 869/1224/1000 866/1221/997
f 868/1223/999 870/1225/1001 869/1224/1000
f 870/1225/1001 871/1226/1002 869/1224/1000
f 871/1226/1002 870/1225/1001 872/1227/1003
f 870/1225/1001 873/1228/1004 872/1227/1003
f 872/1227/1003 873/1228/1004 874/1229/1005
f 873/1228/1004 875/1230/1006 874/1229/1005
f 874/1229/1005 875/1230/1006 876/1231/1007
f 875/1230/1006 877/1232/1008 876/1231/1007
f 863/1233/994 867/1222/998 862/1219/995
f 878/1234/1009 869/1224/1000 871/1226/1002
f 869/1224/1000 878/1234/1009 866/1221/997
f 879/1235/1010 878/1234/1009 871/1226/1002
f 879/1235/1010 871/1226/1002 872/1227/1003
f 879/1235/1010 880/1236/1011 878/1234/1009
f 880/1236/1011 879/1235/1010 881/1237/1012
f 881/1237/1012 879/1235/1010 872/1227/1003
f 882/1238/1013 880/1236/1011 881/1237/1012
f 880/1236/1011 883/1239/1014 878/1234/1009
f 878/1234/1009 883/1239/1014 884/1240/1015
f 883/1239/1014 885/1241/1016 884/1240/1015
f 882/1238/1013 881/1237/1012 886/1242/133
f 872/1227/1003 874/1229/1005 886/1242/133
f 881/1237/1012 872/1227/1003 886/1242/133
f 887/1243/974 882/1238/1013 886/1242/133
f 887/1243/974 886/1242/133 888/1244/1017
f 886/1242/133 889/1245/1018 888/1244/1017
f 884/1240/1015 885/1241/1016 865/1220/996
f 885/1241/1016 864/1246/993 865/1220/996
f 886/1242/133 874/1229/1005 889/1245/1018
f 874/1229/1005 876/1231/1007 889/1245/1018
f 884/1240/1015 865/1220/996 866/1221/997
f 878/1234/1009 884/1240/1015 866/1221/997
f 888/1247/1017 889/1245/1018 876/1231/1007
f 877/1248/1008 888/1247/1017 876/1231/1007
f 892/1249/1019 891/1250/1020 890/1251/1021
f 893/1252/1022 892/1249/1019 890/1251/1021
f 893/1252/1022 894/1253/1023 892/1249/1019
f 894/1253/1023 895/1254/1024 892/1249/1019
f 894/1253/1023 896/1255/1025 895/1254/1024
f 896/1255/1025 897/1256/1026 895/1254/1024
f 897/1256/1026 896/1255/1025 898/1257/1027
f 899/1258/1028 897/1256/1026 898/1257/1027
f 900/1259/1029 899/1258/1028 898/1257/1027
f 901/1260/1030 900/1259/1029 898/1257/1027
f 890/1251/1021 891/1250/1020 902/1261/1031
f 902/1261/1031 891/1250/1020 892/1249/1019
f 903/1262/1032 890/1251/1021 902/1261/1031
f 904/1263/1033 902/1261/1031 892/1249/1019
f 892/1249/1019 895/1254/1024 905/1264/1034
f 904/1263/1033 892/1249/1019 905/1264/1034
f 905/1264/1034 895/1254/1024 897/1256/1026
f 906/1265/1035 905/1264/1034 897/1256/1026
f 906/1265/1035 897/1256/1026 899/1258/1028
f 900/1259/1029 906/1265/1035 899/1258/1028
f 909/1266/1036 908/1267/1037 907/1268/1038
f 908/1267/1037 910/1269/1039 907/1268/1038
f 910/1269/1039 911/1270/1040 907/1268/1038
f 907/1268/1038 911/1270/1040 912/1271/1041
f 911/1270/1040 913/1272/1042 912/1271/1041
f 912/1271/1041 913/1272/1042 914/1273/1043
f 913/1272/1042 915/1274/1044 914/1273/1043
f 915/1274/1044 916/1275/1045 914/1273/1043
f 916/1275/1045 917/1276/1046 914/1273/1043
f 909/1266/1036 918/1277/1047 908/1267/1037
f 918/1277/1047 919/1278/1048 908/1267/1037
f 908/1267/1037 919/1278/1048 910/1269/1039
f 919/1278/1048 920/1279/1049 910/1269/1039
f 910/1269/1039 920/1279/1049 911/1270/1040
f 920/1279/1049 921/1280/1050 911/1270/1040
f 915/1274/1044 922/1281/1051 916/1275/1045
f 922/1281/1051 923/1282/1052 916/1275/1045
f 916/1275/1045 923/1282/1052 917/1276/1046
f 924/1283/1053 922/1281/1051 915/1274/1044
f 913/1272/1042 924/1283/1053 915/1274/1044
f 924/1283/1053 913/1272/1042 911/1270/1040
f 921/1280/1050 924/1283/1053 911/1270/1040
f 923/1282/1052 925/1284/1054 917/1276/1046
f 926/1285/1055 917/1276/1046 925/1284/1054
f 927/1286/1056 926/1285/1055 925/1284/1054
f 928/1287/1057 926/1285/1055 927/1286/1056
f 928/1287/1057 914/1273/1043 917/1276/1046
f 926/1285/1055 928/1287/1057 917/1276/1046
f 929/1288/1058 928/1287/1057 927/1286/1056
f 932/1289/1059 931/1290/1060 930/1291/1061
f 932/1289/1059 933/1292/1062 931/1290/1060
f 933/1292/1062 934/1293/1063 931/1290/1060
f 933/1292/1062 935/1294/1064 934/1293/1063
f 935/1294/1064 936/1295/1065 934/1293/1063
f 935/1294/1064 937/1296/1066 936/1295/1065
f 937/1296/1066 938/1297/1067 936/1295/1065
f 939/1295/1068 938/1297/1067 937/1296/1066
f 939/1295/1068 940/1298/1069 938/1297/1067
f 936/1295/1065 938/1297/1067 940/1298/1069
f 939/1295/1068 941/1299/1070 940/1298/1069
f 941/1299/1070 942/1300/1071 940/1298/1069
f 941/1299/1070 943/1301/1072 942/1300/1071
f 941/1299/1070 944/1302/1073 943/1301/1072
f 943/1301/1072 944/1302/1073 945/1303/1074
f 944/1302/1073 946/1304/1075 945/1303/1074
f 947/1305/1076 945/1303/1074 946/1304/1075
f 947/1305/1076 948/1306/1077 945/1303/1074
f 948/1306/1077 949/1307/1078 945/1303/1074
f 943/1301/1072 945/1303/1074 949/1307/1078
f 947/1305/1076 946/1304/1075 950/1308/1079
f 947/1305/1076 950/1308/1079 951/1309/1080
f 952/1310/1081 948/1306/1077 947/1305/1076
f 952/1310/1081 947/1305/1076 951/1309/1080
f 952/1310/1081 951/1309/1080 953/1311/1082
f 951/1309/1080 950/1308/1079 954/1312/1083
f 954/1312/1083 950/1308/1079 955/1289/1084
f 950/1308/1079 956/1291/1085 955/1289/1084
f 954/1312/1083 955/1289/1084 957/1313/1086
f 958/1314/1087 954/1312/1083 957/1313/1086
f 959/1315/1088 951/1309/1080 954/1312/1083
f 959/1315/1088 954/1312/1083 958/1314/1087
f 953/1311/1082 951/1309/1080 959/1315/1088
f 959/1315/1088 958/1314/1087 960/1316/1089
f 959/1315/1088 960/1316/1089 961/1317/1090
f 953/1311/1082 959/1315/1088 961/1317/1090
f 955/1289/1084 956/1291/1085 962/1290/1091
f 963/1318/1092 955/1289/1084 962/1290/1091
f 957/1313/1086 955/1289/1084 963/1318/1092
f 963/1318/1092 962/1290/1091 964/1293/394
f 964/1293/394 962/1290/1091 944/1302/1073
f 944/1302/1073 962/1290/1091 946/1304/1075
f 941/1299/1070 964/1293/394 944/1302/1073
f 939/1295/1068 964/1293/394 941/1299/1070
f 965/1294/273 963/1318/1092 964/1293/394
f 965/1294/273 964/1293/394 939/1295/1068
f 965/1294/273 939/1295/1068 937/1296/1066
f 965/1294/273 937/1296/1066 966/1319/1093
f 935/1294/1064 966/1319/1093 937/1296/1066
f 933/1292/1062 967/1320/1094 935/1294/1064
f 933/1292/1062 968/1313/1095 967/1320/1094
f 932/1289/1059 968/1313/1095 933/1292/1062
f 969/1304/1096 930/1291/1061 931/1290/1060
f 970/1302/1097 969/1304/1096 931/1290/1060
f 970/1302/1097 931/1290/1060 934/1293/1063
f 971/1299/1098 970/1302/1097 934/1293/1063
f 971/1299/1098 934/1293/1063 936/1295/1065
f 971/1299/1098 936/1295/1065 940/1298/1069
f 971/1299/1098 940/1298/1069 942/1300/1071
f 972/1301/1099 970/1302/1097 971/1299/1098
f 972/1301/1099 971/1299/1098 942/1300/1071
f 975/1321/1100 974/1322/1101 973/1323/1102
f 976/1324/1103 974/1322/1101 975/1321/1100
f 977/1325/1104 974/1322/1101 976/1324/1103
f 978/1326/1105 976/1324/1103 975/1321/1100
f 978/1326/1105 975/1321/1100 979/1327/1106
f 978/1326/1105 980/1328/1107 976/1324/1103
f 981/1329/1108 975/1321/1100 973/1323/1102
f 981/1329/1108 979/1327/1106 975/1321/1100
f 982/1330/1109 979/1327/1106 981/1329/1108
f 982/1330/1109 983/1331/1110 979/1327/1106
f 979/1327/1106 983/1331/1110 984/1332/1111
f 978/1326/1105 979/1327/1106 984/1332/1111
f 984/1332/1111 983/1331/1110 985/1333/1112
f 978/1326/1105 984/1332/1111 986/1334/1113
f 978/1326/1105 987/1335/1114 980/1328/1107
f 987/1335/1114 988/1336/1115 980/1328/1107
f 980/1328/1107 988/1336/1115 989/1337/1116
f 990/1338/1117 988/1336/1115 987/1335/1114
f 978/1326/1105 991/1339/1118 987/1335/1114
f 978/1326/1105 986/1334/1113 991/1339/1118
f 986/1334/1113 992/1340/1119 991/1339/1118
f 991/1339/1118 992/1340/1119 993/1341/1120
f 994/1342/1121 992/1340/1119 986/1334/1113
f 995/1343/845 980/1328/1107 989/1337/1116
f 995/1343/845 976/1324/1103 980/1328/1107
f 977/1325/1104 976/1324/1103 995/1343/845
f 996/1344/1122 984/1332/1111 985/1333/1112
f 996/1344/1122 986/1334/1113 984/1332/1111
f 994/1342/1121 986/1334/1113 996/1344/1122
f 997/1345/1123 991/1339/1118 993/1341/1120
f 997/1345/1123 987/1335/1114 991/1339/1118
f 990/1338/1117 987/1335/1114 997/1345/1123
f 1000/1346/1124 999/1347/1125 998/1348/1126
f 1000/1346/1124 998/1348/1126 1001/1349/1127
f 1001/1349/1127 998/1348/1126 1002/1346/1128
f 1002/1346/1128 998/1348/1126 999/1347/1125
f 1003/1350/1129 1001/1349/1127 1002/1346/1128
f 1003/1350/1129 1002/1346/1128 1004/1351/1130
f 1005/1352/1131 1003/1350/1129 1004/1351/1130
f 1005/1352/1131 1004/1351/1130 1006/1353/1132
f 1005/1352/1131 1006/1353/1132 1007/1354/1133
f 1006/1353/1132 1008/1291/1134 1007/1354/1133
f 1005/1352/1131 1007/1354/1133 1009/1355/1135
f 1010/1356/1136 1001/1349/1127 1003/1350/1129
f 1011/1357/1137 1010/1356/1136 1003/1350/1129
f 1011/1357/1137 1003/1350/1129 1005/1352/1131
f 1011/1357/1137 1005/1352/1131 1009/1355/1135
f 1011/1357/1137 1009/1355/1135 1012/1358/1138
f 1013/1359/1139 1010/1356/1136 1011/1357/1137
f 1013/1359/1139 1011/1357/1137 1012/1358/1138
f 1013/1359/1139 1012/1358/1138 1014/1360/1140
f 1015/1358/1141 1013/1359/1139 1014/1360/1140
f 1016/1361/1142 1015/1358/1141 1014/1360/1140
f 1012/1358/1138 1016/1361/1142 1014/1360/1140
f 1007/1354/1133 1008/1291/1134 1017/1362/1143
f 1018/1363/1144 1007/1354/1133 1017/1362/1143
f 1009/1355/1135 1007/1354/1133 1018/1363/1144
f 1018/1363/1144 1017/1362/1143 1019/1364/1145
f 1020/1365/1146 1018/1363/1144 1019/1364/1145
f 1020/1365/1146 1019/1364/1145 1021/1366/1147
f 1020/1365/1146 1021/1366/1147 1022/1367/1148
f 1021/1366/1147 1023/1368/1149 1022/1367/1148
f 1021/1366/1147 1024/1369/1150 1023/1368/1149
f 1020/1365/1146 1022/1367/1148 1025/1370/1151
f 1026/1371/1152 1018/1363/1144 1020/1365/1146
f 1026/1371/1152 1020/1365/1146 1025/1370/1151
f 1026/1371/1152 1025/1370/1151 1016/1361/1142
f 1012/1358/1138 1026/1371/1152 1016/1361/1142
f 1026/1371/1152 1009/1355/1135 1018/1363/1144
f 1012/1358/1138 1009/1355/1135 1026/1371/1152
f 1022/1367/1148 1023/1368/1149 1027/1366/1153
f 1027/1366/1153 1023/1368/1149 1024/1369/1150
f 1028/1365/1154 1022/1367/1148 1027/1366/1153
f 1025/1370/1151 1022/1367/1148 1028/1365/1154
f 1028/1365/1154 1027/1366/1153 1029/1364/1155
f 1030/1372/1156 1028/1365/1154 1029/1364/1155
f 1030/1372/1156 1029/1364/1155 1031/1362/1157
f 1030/1372/1156 1031/1362/1157 1032/1354/1158
f 1031/1362/1157 1033/1291/1159 1032/1354/1158
f 1031/1362/1157 1034/1373/1160 1033/1291/1159
f 1030/1372/1156 1032/1354/1158 1035/1355/1161
f 1036/1371/1162 1025/1370/1151 1028/1365/1154
f 1036/1371/1162 1028/1365/1154 1030/1372/1156
f 1036/1371/1162 1030/1372/1156 1035/1355/1161
f 1036/1371/1162 1035/1355/1161 1015/1358/1141
f 1016/1361/1142 1025/1370/1151 1036/1371/1162
f 1016/1361/1142 1036/1371/1162 1015/1358/1141
f 1032/1354/1158 1033/1291/1159 1037/1353/1163
f 1037/1353/1163 1033/1291/1159 1034/1373/1160
f 1038/1352/1164 1032/1354/1158 1037/1353/1163
f 1035/1355/1161 1032/1354/1158 1038/1352/1164
f 1038/1352/1164 1037/1353/1163 1039/1351/1165
f 1040/1374/1166 1038/1352/1164 1039/1351/1165
f 1040/1374/1166 1039/1351/1165 1000/1346/1124
f 1040/1374/1166 1000/1346/1124 1001/1349/1127
f 1040/1374/1166 1001/1349/1127 1010/1356/1136
f 1041/1357/1167 1035/1355/1161 1038/1352/1164
f 1041/1357/1167 1038/1352/1164 1040/1374/1166
f 1041/1357/1167 1040/1374/1166 1010/1356/1136
f 1015/1358/1141 1035/1355/1161 1041/1357/1167
f 1041/1357/1167 1010/1356/1136 1013/1359/1139
f 1015/1358/1141 1041/1357/1167 1013/1359/1139
f 1042/1375/1168 1037/1353/1163 1034/1373/1160
f 1039/1351/1165 1037/1353/1163 1042/1375/1168
f 1042/1375/1168 1034/1373/1160 1043/1376/1169
f 1044/1377/1170 1043/1376/1169 1034/1373/1160
f 1044/1377/1170 1045/1378/1171 1043/1376/1169
f 1045/1378/1171 1046/1379/1172 1043/1376/1169
f 1045/1378/1171 1047/1380/1173 1046/1379/1172
f 1047/1380/1173 1048/1381/1174 1046/1379/1172
f 1049/1379/1175 1048/1381/1174 1047/1380/1173
f 1049/1379/1175 1050/1382/1176 1048/1381/1174
f 1046/1379/1172 1048/1381/1174 1050/1382/1176
f 1049/1379/1175 1051/1383/1177 1050/1382/1176
f 1051/1383/1177 1052/1384/1178 1050/1382/1176
f 1051/1383/1177 1053/1385/1179 1052/1384/1178
f 1053/1385/1179 999/1347/1125 1052/1384/1178
f 1053/1385/1179 1002/1346/1128 999/1347/1125
f 1053/1385/1179 1004/1351/1130 1002/1346/1128
f 1053/1385/1179 1054/1375/1180 1004/1351/1130
f 1051/1383/1177 1054/1375/1180 1053/1385/1179
f 1054/1375/1180 1006/1353/1132 1004/1351/1130
f 1054/1375/1180 1055/1373/1181 1006/1353/1132
f 1055/1373/1181 1008/1291/1134 1006/1353/1132
f 1056/1376/1182 1055/1373/1181 1054/1375/1180
f 1051/1383/1177 1056/1376/1182 1054/1375/1180
f 1049/1379/1175 1056/1376/1182 1051/1383/1177
f 1017/1362/1143 1008/1291/1134 1055/1373/1181
f 1057/1377/1183 1017/1362/1143 1055/1373/1181
f 1057/1377/1183 1055/1373/1181 1056/1376/1182
f 1058/1378/1184 1057/1377/1183 1056/1376/1182
f 1058/1378/1184 1056/1376/1182 1049/1379/1175
f 1058/1378/1184 1049/1379/1175 1047/1380/1173
f 1058/1378/1184 1047/1380/1173 1059/1386/1185
f 1019/1364/1145 1017/1362/1143 1057/1377/1183
f 1060/1387/1186 1019/1364/1145 1057/1377/1183
f 1060/1387/1186 1057/1377/1183 1058/1378/1184
f 1060/1387/1186 1058/1378/1184 1059/1386/1185
f 1060/1387/1186 1059/1386/1185 1024/1369/1150
f 1021/1366/1147 1019/1364/1145 1060/1387/1186
f 1021/1366/1147 1060/1387/1186 1024/1369/1150
f 1061/1387/1187 1024/1369/1150 1059/1386/1185
f 1061/1387/1187 1027/1366/1153 1024/1369/1150
f 1045/1378/1171 1061/1387/1187 1059/1386/1185
f 1045/1378/1171 1059/1386/1185 1047/1380/1173
f 1029/1364/1155 1027/1366/1153 1061/1387/1187
f 1044/1377/1170 1029/1364/1155 1061/1387/1187
f 1044/1377/1170 1061/1387/1187 1045/1378/1171
f 1031/1362/1157 1029/1364/1155 1044/1377/1170
f 1031/1362/1157 1044/1377/1170 1034/1373/1160
f 1062/1383/1188 1042/1375/1168 1043/1376/1169
f 1062/1383/1188 1043/1376/1169 1046/1379/1172
f 1062/1383/1188 1046/1379/1172 1050/1382/1176
f 1062/1383/1188 1050/1382/1176 1052/1384/1178
f 1063/1385/1189 1042/1375/1168 1062/1383/1188
f 1063/1385/1189 1062/1383/1188 1052/1384/1178
f 1063/1385/1189 1039/1351/1165 1042/1375/1168
f 1063/1385/1189 1052/1384/1178 999/1347/1125
f 1000/1346/1124 1039/1351/1165 1063/1385/1189
f 1000/1346/1124 1063/1385/1189 999/1347/1125
f 1066/1388/1190 1065/1389/1191 1064/1390/1192
f 1067/1391/1193 1065/1389/1191 1066/1388/1190
f 1068/1392/1194 1065/1389/1191 1067/1391/1193
f 1069/1393/1195 1067/1391/1193 1066/1388/1190
f 1069/1393/1195 1066/1388/1190 1070/1394/1196
f 1069/1393/1195 1071/1395/1197 1067/1391/1193
f 1072/1396/1198 1066/1388/1190 1064/1390/1192
f 1072/1396/1198 1070/1394/1196 1066/1388/1190
f 1073/1397/1199 1070/1394/1196 1072/1396/1198
f 1073/1397/1199 1074/1398/1200 1070/1394/1196
f 1070/1394/1196 1074/1398/1200 1075/1399/1201
f 1069/1393/1195 1070/1394/1196 1075/1399/1201
f 1075/1399/1201 1074/1398/1200 1076/1400/1202
f 1069/1393/1195 1075/1399/1201 1077/1401/1203
f 1069/1393/1195 1078/1402/1204 1071/1395/1197
f 1078/1402/1204 1079/1403/1205 1071/1395/1197
f 1071/1395/1197 1079/1403/1205 1080/1404/1206
f 1081/1405/1207 1079/1403/1205 1078/1402/1204
f 1069/1393/1195 1082/1406/1208 1078/1402/1204
f 1069/1393/1195 1077/1401/1203 1082/1406/1208
f 1077/1401/1203 1083/1407/1209 1082/1406/1208
f 1082/1406/1208 1083/1407/1209 1084/1408/1210
f 1085/1409/1211 1083/1407/1209 1077/1401/1203
f 1086/1410/1212 1071/1395/1197 1080/1404/1206
f 1086/1410/1212 1067/1391/1193 1071/1395/1197
f 1068/1392/1194 1067/1391/1193 1086/1410/1212
f 1087/1411/1213 1075/1399/1201 1076/1400/1202
f 1087/1411/1213 1077/1401/1203 1075/1399/1201
f 1085/1409/1211 1077/1401/1203 1087/1411/1213
f 1088/1412/1214 1082/1406/1208 1084/1408/1210
f 1088/1412/1214 1078/1402/1204 1082/1406/1208
f 1081/1405/1207 1078/1402/1204 1088/1412/1214
f 1091/1413/1215 1090/1414/1216 1089/1415/1217
f 1091/1413/1215 1089/1415/1217 1092/1416/1218
f 1093/1314/1219 1091/1413/1215 1092/1416/1218
f 1093/1314/1219 1094/1313/1220 1091/1413/1215
f 1093/1314/1219 1095/1312/1221 1094/1313/1220
f 1095/1312/1221 1096/1289/1222 1094/1313/1220
f 1095/1312/1221 1097/1308/1223 1096/1289/1222
f 1097/1308/1223 1098/1291/1224 1096/1289/1222
f 1099/1304/1225 1098/1291/1224 1097/1308/1223
f 1100/1305/1226 1099/1304/1225 1097/1308/1223
f 1100/1305/1226 1101/1303/1227 1099/1304/1225
f 1100/1305/1226 1102/1306/1228 1101/1303/1227
f 1102/1306/1228 1103/1307/1229 1101/1303/1227
f 1100/1305/1226 1097/1308/1223 1104/1309/1230
f 1104/1309/1230 1097/1308/1223 1095/1312/1221
f 1105/1310/1231 1102/1306/1228 1100/1305/1226
f 1105/1310/1231 1100/1305/1226 1104/1309/1230
f 1105/1310/1231 1104/1309/1230 1106/1311/1232
f 1093/1314/1219 1092/1416/1218 1107/1316/1233
f 1108/1315/1234 1104/1309/1230 1095/1312/1221
f 1108/1315/1234 1095/1312/1221 1093/1314/1219
f 1108/1315/1234 1093/1314/1219 1107/1316/1233
f 1106/1311/1232 1104/1309/1230 1108/1315/1234
f 1109/1290/1235 1098/1291/1224 1099/1304/1225
f 1096/1289/1222 1098/1291/1224 1109/1290/1235
f 1110/1302/1236 1109/1290/1235 1099/1304/1225
f 1110/1302/1236 1099/1304/1225 1101/1303/1227
f 1111/1301/1237 1110/1302/1236 1101/1303/1227
f 1111/1301/1237 1101/1303/1227 1103/1307/1229
f 1111/1301/1237 1103/1307/1229 1112/1417/1238
f 1111/1301/1237 1112/1417/1238 1113/1300/1239
f 1114/1293/1240 1109/1290/1235 1110/1302/1236
f 1115/1299/1241 1114/1293/1240 1110/1302/1236
f 1115/1299/1241 1110/1302/1236 1111/1301/1237
f 1115/1299/1241 1111/1301/1237 1113/1300/1239
f 1115/1299/1241 1113/1300/1239 1116/1298/1242
f 1117/1295/1243 1114/1293/1240 1115/1299/1241
f 1117/1295/1243 1115/1299/1241 1116/1298/1242
f 1117/1295/1243 1116/1298/1242 1118/1297/1244
f 1117/1295/1243 1118/1297/1244 1119/1296/1245
f 1120/1318/1246 1109/1290/1235 1114/1293/1240
f 1120/1318/1246 1096/1289/1222 1109/1290/1235
f 1121/1294/1247 1120/1318/1246 1114/1293/1240
f 1121/1294/1247 1114/1293/1240 1117/1295/1243
f 1121/1294/1247 1117/1295/1243 1119/1296/1245
f 1121/1294/1247 1119/1296/1245 1122/1319/1248
f 1094/1313/1220 1096/1289/1222 1120/1318/1246
f 1123/1320/1249 1094/1313/1220 1120/1318/1246
f 1123/1320/1249 1120/1318/1246 1121/1294/1247
f 1123/1320/1249 1121/1294/1247 1122/1319/1248
f 1123/1320/1249 1122/1319/1248 1090/1414/1216
f 1091/1413/1215 1094/1313/1220 1123/1320/1249
f 1091/1413/1215 1123/1320/1249 1090/1414/1216
f 1124/1320/1250 1090/1414/1216 1122/1319/1248
f 1124/1320/1250 1125/1413/1251 1090/1414/1216
f 1125/1413/1251 1089/1415/1217 1090/1414/1216
f 1092/1416/1218 1089/1415/1217 1125/1413/1251
f 1126/1314/1252 1092/1416/1218 1125/1413/1251
f 1107/1316/1233 1092/1416/1218 1126/1314/1252
f 1129/1418/1253 1128/1419/1254 1127/1420/1255
f 1130/1421/1256 1128/1419/1254 1129/1418/1253
f 1131/1422/1257 1128/1419/1254 1130/1421/1256
f 1132/1393/1258 1130/1421/1256 1129/1418/1253
f 1132/1393/1258 1129/1418/1253 1133/1423/1259
f 1132/1393/1258 1134/1424/1260 1130/1421/1256
f 1135/1425/1261 1129/1418/1253 1127/1420/1255
f 1135/1425/1261 1133/1423/1259 1129/1418/1253
f 1136/1426/1262 1133/1423/1259 1135/1425/1261
f 1136/1426/1262 1137/1427/1263 1133/1423/1259
f 1133/1423/1259 1137/1427/1263 1138/1428/1264
f 1132/1393/1258 1133/1423/1259 1138/1428/1264
f 1138/1428/1264 1137/1427/1263 1139/1429/1265
f 1132/1393/1258 1138/1428/1264 1140/1430/1266
f 1132/1393/1258 1141/1431/1267 1134/1424/1260
f 1141/1431/1267 1142/1432/1268 1134/1424/1260
f 1134/1424/1260 1142/1432/1268 1143/1433/1269
f 1144/1434/1270 1142/1432/1268 1141/1431/1267
f 1132/1393/1258 1145/1435/1271 1141/1431/1267
f 1132/1393/1258 1140/1430/1266 1145/1435/1271
f 1140/1430/1266 1146/1436/1272 1145/1435/1271
f 1145/1435/1271 1146/1436/1272 1147/1437/1273
f 1148/1438/1274 1146/1436/1272 1140/1430/1266
f 1149/1439/1275 1134/1424/1260 1143/1433/1269
f 1149/1439/1275 1130/1421/1256 1134/1424/1260
f 1131/1422/1257 1130/1421/1256 1149/1439/1275
f 1150/1440/1276 1138/1428/1264 1139/1429/1265
f 1150/1440/1276 1140/1430/1266 1138/1428/1264
f 1148/1438/1274 1140/1430/1266 1150/1440/1276
f 1151/1441/1277 1145/1435/1271 1147/1437/1273
f 1151/1441/1277 1141/1431/1267 1145/1435/1271
f 1144/1434/1270 1141/1431/1267 1151/1441/1277
