# Blender v3.6.2 OBJ File: ''
# www.blender.org
mtllib Peashooter.mtl
o Unit_Peashooter_Mdl
v 0.023943 0.073859 -0.021384
v 0.029321 0.079195 -0.012543
v 0.041171 0.077773 -0.023397
v 0.033754 0.071926 -0.033581
v 0.076395 0.106825 -0.047258
v 0.023998 0.101234 -0.093711
v 0.109846 0.112339 -0.078212
v 0.044212 0.121802 -0.156915
v 0.109342 0.091313 0.006838
v 0.049498 0.069692 -0.015663
v 0.037037 0.072056 -0.006993
v 0.029321 0.079195 -0.012543
v 0.176333 0.109347 -0.005769
v 0.225346 0.102747 -0.032209
v 0.145429 0.101315 -0.114724
v 0.070865 0.121456 -0.202792
v 0.179710 0.091635 -0.148337
v 0.259285 0.092731 -0.076145
v 0.115363 0.111972 -0.232538
v 0.295265 0.039784 -0.205584
v 0.250944 0.052722 -0.218491
v 0.240165 0.046867 -0.264624
v 0.313291 0.047672 -0.276935
v 0.033102 0.059310 -0.005606
v 0.020271 0.060925 -0.019349
v 0.045577 0.053710 -0.014763
v 0.030127 0.055627 -0.032162
v 0.071582 0.060413 -0.051637
v 0.099684 0.064434 -0.003350
v 0.123353 0.057345 -0.099661
v 0.162288 0.079679 -0.012840
v 0.028163 0.071428 -0.084930
v 0.046162 0.090550 -0.145462
v 0.075946 0.089863 -0.193648
v 0.213362 0.072986 -0.041437
v 0.117534 0.081466 -0.223632
v 0.193897 0.034736 -0.168338
v 0.247162 0.064118 -0.083124
v 0.230133 0.028061 -0.259280
v 0.286726 0.020752 -0.198285
v 0.253760 0.009575 -0.226194
v 0.299220 0.014906 -0.267663
v 0.312311 0.022731 -0.278966
v 0.020271 0.060925 -0.019349
v 0.023943 0.073859 -0.021384
v 0.030127 0.055627 -0.032162
v 0.033754 0.071926 -0.033581
v 0.028163 0.071428 -0.084930
v 0.023998 0.101234 -0.093711
v 0.044212 0.121802 -0.156915
v 0.046162 0.090550 -0.145462
v 0.070865 0.121456 -0.202792
v 0.075946 0.089863 -0.193648
v 0.115363 0.111972 -0.232538
v 0.117534 0.081466 -0.223632
v 0.240165 0.046867 -0.264624
v 0.230133 0.028061 -0.259280
v 0.312311 0.022731 -0.278966
v 0.313291 0.047672 -0.276935
v 0.286726 0.020752 -0.198285
v 0.295265 0.039784 -0.205584
v 0.259285 0.092731 -0.076145
v 0.247162 0.064118 -0.083124
v 0.225346 0.102747 -0.032209
v 0.213362 0.072986 -0.041437
v 0.176333 0.109347 -0.005769
v 0.162288 0.079679 -0.012840
v 0.109342 0.091313 0.006838
v 0.099684 0.064434 -0.003350
v 0.045577 0.053710 -0.014763
v 0.049498 0.069692 -0.015663
v 0.033102 0.059310 -0.005606
v 0.037037 0.072056 -0.006993
v 0.050693 0.074694 0.037389
v 0.038485 0.084848 0.024001
v 0.040287 0.080240 0.043472
v 0.030144 0.092862 0.032116
v 0.023089 0.086307 0.039247
v 0.032880 0.076553 0.053613
v 0.278849 0.051376 0.209430
v 0.267768 0.056556 0.195021
v 0.225172 0.060097 0.206733
v 0.211644 0.062219 0.219859
v 0.177638 0.074808 0.187934
v 0.263106 0.078818 0.161046
v 0.260918 0.094366 0.133607
v 0.255873 0.091651 0.114387
v 0.151288 0.099593 0.158173
v 0.247355 0.097334 0.094609
v 0.228942 0.106152 0.072999
v 0.197524 0.110128 0.053183
v 0.108908 0.109606 0.116284
v 0.162345 0.105687 0.038011
v 0.131676 0.097676 0.026436
v 0.232505 0.052967 0.240202
v 0.294857 0.041143 0.257041
v 0.300306 0.048936 0.305462
v 0.184310 0.055659 0.284953
v 0.251375 0.040732 0.301869
v 0.145762 0.077315 0.276496
v 0.126057 0.089085 0.270050
v 0.101228 0.092804 0.260251
v 0.080855 0.103840 0.247265
v 0.060924 0.113393 0.226497
v 0.041710 0.118495 0.194028
v 0.026780 0.113740 0.160383
v 0.016478 0.103939 0.131004
v 0.065409 0.098793 0.072142
v 0.020128 0.092922 0.093582
v 0.032880 0.076553 0.053613
v 0.093022 0.089608 0.027096
v 0.040287 0.080240 0.043472
v 0.050693 0.074694 0.037389
v 0.020009 0.072696 0.037720
v 0.034921 0.069661 0.022987
v 0.029086 0.059737 0.051070
v 0.047459 0.057681 0.034191
v 0.072494 0.061341 0.077610
v 0.020799 0.067453 0.089025
v 0.088525 0.064199 0.027222
v 0.138883 0.076970 0.034914
v 0.025046 0.083224 0.138002
v 0.138634 0.050877 0.146570
v 0.053134 0.089027 0.198022
v 0.199911 0.082002 0.064860
v 0.090699 0.071739 0.239007
v 0.236573 0.066649 0.105047
v 0.256320 0.063404 0.144495
v 0.139259 0.057560 0.264015
v 0.195516 0.030708 0.202565
v 0.260330 0.054169 0.161707
v 0.230022 0.010688 0.237787
v 0.189131 0.030354 0.278486
v 0.253988 0.016938 0.299763
v 0.228326 0.026922 0.206697
v 0.263106 0.078818 0.161046
v 0.225172 0.060097 0.206733
v 0.267165 0.034804 0.197071
v 0.267768 0.056556 0.195021
v 0.273757 0.027591 0.211100
v 0.273166 0.010163 0.279009
v 0.303957 0.026458 0.308814
v 0.293375 0.017240 0.259715
v 0.273757 0.027591 0.211100
v 0.267165 0.034804 0.197071
v 0.267768 0.056556 0.195021
v 0.278849 0.051376 0.209430
v 0.293375 0.017240 0.259715
v 0.294857 0.041143 0.257041
v 0.303957 0.026458 0.308814
v 0.300306 0.048936 0.305462
v 0.253988 0.016938 0.299763
v 0.251375 0.040732 0.301869
v 0.189131 0.030354 0.278486
v 0.184310 0.055659 0.284953
v 0.139259 0.057560 0.264015
v 0.145762 0.077315 0.276496
v 0.126057 0.089085 0.270050
v 0.090699 0.071739 0.239007
v 0.101228 0.092804 0.260251
v 0.080855 0.103840 0.247265
v 0.053134 0.089027 0.198022
v 0.060924 0.113393 0.226497
v 0.041710 0.118495 0.194028
v 0.025046 0.083224 0.138002
v 0.026780 0.113740 0.160383
v 0.016478 0.103939 0.131004
v 0.020799 0.067453 0.089025
v 0.020128 0.092922 0.093582
v 0.032880 0.076553 0.053613
v 0.029086 0.059737 0.051070
v 0.023089 0.086307 0.039247
v 0.020009 0.072696 0.037720
v 0.263106 0.078818 0.161046
v 0.260330 0.054169 0.161707
v 0.260918 0.094366 0.133607
v 0.256320 0.063404 0.144495
v 0.255873 0.091651 0.114387
v 0.236573 0.066649 0.105047
v 0.247355 0.097334 0.094609
v 0.228942 0.106152 0.072999
v 0.199911 0.082002 0.064860
v 0.197524 0.110128 0.053183
v 0.162345 0.105687 0.038011
v 0.138883 0.076970 0.034914
v 0.131676 0.097676 0.026436
v 0.093022 0.089608 0.027096
v 0.088525 0.064199 0.027222
v 0.050693 0.074694 0.037389
v 0.047459 0.057681 0.034191
v 0.034921 0.069661 0.022987
v 0.038485 0.084848 0.024001
v -0.038485 0.084848 0.024001
v -0.050693 0.074694 0.037389
v -0.040287 0.080240 0.043472
v -0.030144 0.092862 0.032116
v -0.023089 0.086307 0.039247
v -0.032880 0.076553 0.053613
v -0.225172 0.060097 0.206733
v -0.267768 0.056556 0.195021
v -0.278849 0.051376 0.209430
v -0.211644 0.062219 0.219859
v -0.177638 0.074808 0.187934
v -0.263106 0.078819 0.161046
v -0.260918 0.094366 0.133607
v -0.255873 0.091652 0.114387
v -0.151288 0.099593 0.158173
v -0.247355 0.097334 0.094609
v -0.228942 0.106152 0.072999
v -0.197524 0.110128 0.053183
v -0.108908 0.109606 0.116284
v -0.162345 0.105687 0.038011
v -0.131676 0.097676 0.026436
v -0.232505 0.052967 0.240202
v -0.294857 0.041143 0.257041
v -0.300306 0.048936 0.305462
v -0.184310 0.055659 0.284953
v -0.251375 0.040732 0.301869
v -0.145762 0.077315 0.276496
v -0.126057 0.089085 0.270050
v -0.101228 0.092804 0.260251
v -0.080855 0.103840 0.247265
v -0.060924 0.113393 0.226497
v -0.041710 0.118495 0.194028
v -0.026780 0.113740 0.160383
v -0.016478 0.103939 0.131004
v -0.065408 0.098793 0.072142
v -0.020128 0.092922 0.093582
v -0.032880 0.076553 0.053613
v -0.093022 0.089608 0.027096
v -0.040287 0.080240 0.043472
v -0.050693 0.074694 0.037389
v -0.034921 0.069661 0.022987
v -0.020009 0.072696 0.037720
v -0.029086 0.059737 0.051070
v -0.047459 0.057681 0.034191
v -0.072494 0.061341 0.077610
v -0.020799 0.067453 0.089025
v -0.088525 0.064199 0.027222
v -0.138883 0.076970 0.034914
v -0.025046 0.083224 0.138002
v -0.138634 0.050877 0.146570
v -0.053134 0.089027 0.198022
v -0.199911 0.082002 0.064860
v -0.090699 0.071739 0.239007
v -0.236573 0.066649 0.105047
v -0.256320 0.063404 0.144495
v -0.139259 0.057560 0.264015
v -0.195516 0.030708 0.202565
v -0.260330 0.054169 0.161707
v -0.230022 0.010688 0.237787
v -0.189131 0.030354 0.278486
v -0.253988 0.016938 0.299763
v -0.228326 0.026922 0.206697
v -0.263106 0.078819 0.161046
v -0.225172 0.060097 0.206733
v -0.267165 0.034804 0.197071
v -0.267768 0.056556 0.195021
v -0.273757 0.027591 0.211100
v -0.273166 0.010163 0.279009
v -0.303957 0.026458 0.308814
v -0.293375 0.017240 0.259715
v -0.267165 0.034804 0.197071
v -0.273757 0.027591 0.211100
v -0.267768 0.056556 0.195021
v -0.278849 0.051376 0.209430
v -0.293375 0.017240 0.259715
v -0.294857 0.041143 0.257041
v -0.303957 0.026458 0.308814
v -0.300306 0.048936 0.305462
v -0.253988 0.016938 0.299763
v -0.251375 0.040732 0.301869
v -0.189131 0.030354 0.278486
v -0.184310 0.055659 0.284953
v -0.139259 0.057560 0.264015
v -0.145762 0.077315 0.276496
v -0.126057 0.089085 0.270050
v -0.090699 0.071739 0.239007
v -0.101228 0.092804 0.260251
v -0.080855 0.103840 0.247265
v -0.053134 0.089027 0.198022
v -0.060924 0.113393 0.226497
v -0.041710 0.118495 0.194028
v -0.025046 0.083224 0.138002
v -0.026780 0.113740 0.160383
v -0.016478 0.103939 0.131004
v -0.020799 0.067453 0.089025
v -0.020128 0.092922 0.093582
v -0.032880 0.076553 0.053613
v -0.029086 0.059737 0.051070
v -0.023089 0.086307 0.039247
v -0.020009 0.072696 0.037720
v -0.260330 0.054169 0.161707
v -0.263106 0.078819 0.161046
v -0.260918 0.094366 0.133607
v -0.256320 0.063404 0.144495
v -0.255873 0.091652 0.114387
v -0.236573 0.066649 0.105047
v -0.247355 0.097334 0.094609
v -0.228942 0.106152 0.072999
v -0.199911 0.082002 0.064860
v -0.197524 0.110128 0.053183
v -0.162345 0.105687 0.038011
v -0.138883 0.076970 0.034914
v -0.131676 0.097676 0.026436
v -0.093022 0.089608 0.027096
v -0.088525 0.064199 0.027222
v -0.050693 0.074694 0.037389
v -0.047459 0.057681 0.034191
v -0.034921 0.069661 0.022987
v -0.038485 0.084848 0.024001
v -0.029321 0.079195 -0.012543
v -0.023943 0.073859 -0.021384
v -0.041171 0.077773 -0.023397
v -0.033754 0.071926 -0.033581
v -0.076395 0.106825 -0.047258
v -0.023998 0.101234 -0.093711
v -0.109846 0.112339 -0.078212
v -0.044212 0.121803 -0.156915
v -0.109342 0.091313 0.006838
v -0.049498 0.069692 -0.015663
v -0.037037 0.072056 -0.006993
v -0.029321 0.079195 -0.012543
v -0.176333 0.109347 -0.005769
v -0.225346 0.102747 -0.032209
v -0.145429 0.101315 -0.114724
v -0.070865 0.121456 -0.202792
v -0.179710 0.091635 -0.148337
v -0.259285 0.092731 -0.076145
v -0.115363 0.111972 -0.232538
v -0.295265 0.039784 -0.205584
v -0.250944 0.052722 -0.218491
v -0.240165 0.046867 -0.264624
v -0.313291 0.047672 -0.276935
v -0.020271 0.060925 -0.019349
v -0.033102 0.059310 -0.005606
v -0.045577 0.053710 -0.014763
v -0.030127 0.055627 -0.032162
v -0.071582 0.060413 -0.051637
v -0.099684 0.064434 -0.003351
v -0.123353 0.057345 -0.099661
v -0.162288 0.079679 -0.012840
v -0.028163 0.071428 -0.084930
v -0.046162 0.090550 -0.145462
v -0.075946 0.089863 -0.193648
v -0.213362 0.072986 -0.041437
v -0.115363 0.082479 -0.232538
v -0.193897 0.034736 -0.168338
v -0.247162 0.064118 -0.083124
v -0.230133 0.028061 -0.259280
v -0.286726 0.020752 -0.198285
v -0.253760 0.009575 -0.226194
v -0.299220 0.014906 -0.267663
v -0.312311 0.022731 -0.278966
v -0.023943 0.073859 -0.021384
v -0.020271 0.060925 -0.019349
v -0.030127 0.055627 -0.032162
v -0.033754 0.071926 -0.033581
v -0.028163 0.071428 -0.084930
v -0.023998 0.101234 -0.093711
v -0.044212 0.121803 -0.156915
v -0.046162 0.090550 -0.145462
v -0.070865 0.121456 -0.202792
v -0.075946 0.089863 -0.193648
v -0.115363 0.111972 -0.232538
v -0.115363 0.082479 -0.232538
v -0.240165 0.046867 -0.264624
v -0.230133 0.028061 -0.259280
v -0.312311 0.022731 -0.278966
v -0.313291 0.047672 -0.276935
v -0.286726 0.020752 -0.198285
v -0.295265 0.039784 -0.205584
v -0.259285 0.092731 -0.076145
v -0.247162 0.064118 -0.083124
v -0.225346 0.102747 -0.032209
v -0.213362 0.072986 -0.041437
v -0.176333 0.109347 -0.005769
v -0.162288 0.079679 -0.012840
v -0.109342 0.091313 0.006838
v -0.099684 0.064434 -0.003351
v -0.045577 0.053710 -0.014763
v -0.049498 0.069692 -0.015663
v -0.033102 0.059310 -0.005606
v -0.037037 0.072056 -0.006993
v 0.085314 0.589000 0.187039
v 0.100732 0.580464 0.180707
v 0.107855 0.596227 0.184355
v 0.116851 0.579274 0.170662
v 0.093053 0.602623 0.190566
v 0.069010 0.606963 0.190317
v 0.078293 0.613400 0.194154
v 0.060394 0.632321 0.186829
v 0.074754 0.633989 0.191026
v 0.074355 0.653098 0.185432
v 0.058491 0.652937 0.180726
v 0.062859 0.671310 0.171079
v 0.098426 0.629679 0.186966
v 0.114755 0.624915 0.180241
v 0.122473 0.593554 0.175246
v 0.077269 0.670548 0.176564
v 0.074765 0.690530 0.156329
v 0.083755 0.687020 0.164697
v 0.094708 0.699502 0.140928
v 0.101914 0.667697 0.171603
v 0.100475 0.649356 0.180888
v 0.100826 0.690513 0.154592
v 0.117808 0.645130 0.173615
v 0.118922 0.664182 0.164024
v 0.117166 0.688680 0.145732
v 0.112291 0.699024 0.130217
v 0.128476 0.689271 0.123171
v 0.133964 0.657941 0.154705
v 0.132100 0.681165 0.138071
v 0.144737 0.669457 0.119479
v 0.133130 0.639160 0.163761
v 0.150047 0.629328 0.145818
v 0.129636 0.619904 0.170657
v 0.149922 0.648286 0.138338
v 0.145652 0.668436 0.132009
v 0.152390 0.643685 0.124140
v 0.153659 0.622225 0.130047
v 0.148147 0.603752 0.140655
v 0.145605 0.611452 0.154116
v 0.135404 0.586017 0.155883
v 0.137083 0.594884 0.163581
v -0.100732 0.580464 0.180707
v -0.085314 0.589000 0.187039
v -0.107855 0.596227 0.184355
v -0.116851 0.579274 0.170662
v -0.093053 0.602623 0.190566
v -0.069010 0.606963 0.190317
v -0.078293 0.613400 0.194154
v -0.060394 0.632321 0.186829
v -0.074754 0.633989 0.191026
v -0.074355 0.653098 0.185432
v -0.058492 0.652937 0.180725
v -0.062859 0.671310 0.171079
v -0.098426 0.629679 0.186966
v -0.114755 0.624915 0.180241
v -0.122473 0.593554 0.175246
v -0.077269 0.670548 0.176564
v -0.074766 0.690530 0.156329
v -0.083755 0.687020 0.164697
v -0.094708 0.699502 0.140928
v -0.101914 0.667697 0.171603
v -0.100475 0.649356 0.180888
v -0.100826 0.690513 0.154592
v -0.117809 0.645130 0.173615
v -0.118922 0.664182 0.164024
v -0.117166 0.688680 0.145732
v -0.112291 0.699024 0.130217
v -0.128476 0.689271 0.123171
v -0.133964 0.657941 0.154705
v -0.132101 0.681165 0.138071
v -0.144737 0.669457 0.119479
v -0.133131 0.639160 0.163761
v -0.150047 0.629328 0.145818
v -0.129636 0.619904 0.170657
v -0.149922 0.648286 0.138337
v -0.145652 0.668436 0.132008
v -0.152390 0.643685 0.124140
v -0.153659 0.622225 0.130046
v -0.148147 0.603752 0.140655
v -0.145606 0.611452 0.154116
v -0.135404 0.586017 0.155883
v -0.137083 0.594884 0.163581
v -0.043172 0.350715 -0.044683
v 0.000000 0.346880 -0.060381
v -0.000000 0.318911 -0.064947
v 0.043172 0.350715 -0.044683
v -0.048781 0.323702 -0.045449
v -0.061054 0.352407 -0.001512
v 0.048781 0.323702 -0.045449
v 0.061054 0.352407 -0.001512
v -0.068987 0.324629 0.001622
v -0.043172 0.350737 0.041660
v -0.000000 0.293683 -0.019827
v 0.068987 0.324629 0.001622
v 0.043172 0.350737 0.041660
v -0.048781 0.325556 0.048693
v 0.000000 0.347283 0.056571
v -0.021198 0.293957 -0.011051
v 0.048781 0.325556 0.048693
v -0.000000 0.325940 0.068190
v -0.029979 0.294618 0.010138
v -0.021198 0.295278 0.031325
v -0.000000 0.295552 0.040102
v 0.021198 0.295278 0.031325
v 0.029979 0.294618 0.010138
v 0.021198 0.293957 -0.011051
v -0.000000 0.221548 -0.013062
v -0.024605 0.221704 -0.002871
v -0.034797 0.222079 0.021731
v -0.024605 0.222455 0.046334
v -0.000000 0.222610 0.056524
v 0.024605 0.222455 0.046334
v 0.034797 0.222079 0.021731
v 0.024605 0.221704 -0.002871
v -0.000000 0.180276 -0.016698
v -0.028412 0.180456 -0.004930
v -0.040180 0.180890 0.023478
v 0.028412 0.180456 -0.004931
v 0.040180 0.180890 0.023478
v -0.000000 0.139389 -0.026492
v -0.028412 0.181323 0.051886
v 0.028412 0.181323 0.051886
v -0.032921 0.139597 -0.012857
v 0.032921 0.139597 -0.012857
v -0.000000 0.181503 0.063654
v -0.046557 0.140100 0.020059
v -0.000000 0.102963 -0.036200
v 0.046557 0.140100 0.020059
v -0.032921 0.140602 0.052977
v -0.035864 0.103189 -0.021365
v 0.035864 0.103189 -0.021365
v 0.032921 0.140602 0.052977
v -0.000000 0.140810 0.066611
v -0.050719 0.103736 0.014449
v -0.000000 0.074848 -0.040492
v 0.050719 0.103736 0.014449
v -0.035864 0.104283 0.050262
v -0.035909 0.075075 -0.025639
v 0.035909 0.075075 -0.025639
v 0.035864 0.104283 0.050262
v -0.000000 0.104509 0.065097
v -0.050783 0.075623 0.010220
v -0.000000 0.057841 -0.037712
v 0.050783 0.075623 0.010220
v -0.035909 0.076170 0.046079
v -0.032644 0.058045 -0.024358
v 0.032644 0.058045 -0.024358
v 0.035909 0.076170 0.046079
v -0.000000 0.076397 0.060933
v -0.046166 0.058537 0.007883
v -0.000000 0.045522 -0.020384
v 0.046166 0.058537 0.007883
v -0.032644 0.059030 0.040124
v -0.020426 0.045647 -0.012207
v -0.000000 0.042007 0.006323
v 0.020426 0.045647 -0.012207
v -0.028887 0.045948 0.007533
v 0.032644 0.059030 0.040124
v 0.028887 0.045948 0.007533
v -0.000000 0.059233 0.053479
v -0.020426 0.046249 0.027274
v 0.020426 0.046249 0.027274
v -0.000000 0.046374 0.035451
v -0.000000 0.381080 0.345055
v -0.000000 0.406182 0.353474
v -0.030324 0.384979 0.345340
v 0.030324 0.384979 0.345340
v -0.024320 0.409210 0.353669
v -0.067928 0.400239 0.346407
v -0.054681 0.421098 0.354413
v -0.099002 0.426208 0.348211
v 0.024320 0.409210 0.353669
v 0.067928 0.400239 0.346407
v 0.054680 0.421098 0.354413
v 0.099002 0.426208 0.348211
v -0.030629 0.437392 0.338862
v -0.080259 0.441520 0.355668
v -0.120235 0.460535 0.350492
v 0.030629 0.437392 0.338862
v 0.080258 0.441520 0.355668
v 0.120235 0.460535 0.350492
v -0.074371 0.474970 0.341077
v -0.098739 0.468812 0.357321
v -0.131359 0.502366 0.353369
v -0.000000 0.432223 0.332985
v 0.074371 0.474970 0.341077
v 0.098739 0.468812 0.357321
v 0.131359 0.502366 0.353369
v -0.109410 0.503085 0.359356
v -0.120937 0.564773 0.357937
v 0.109410 0.503085 0.359356
v 0.120937 0.564772 0.357937
v -0.084338 0.510797 0.338793
v -0.022762 0.540115 0.263062
v -0.102609 0.556288 0.362446
v -0.086108 0.609193 0.361112
v 0.084338 0.510797 0.338793
v 0.022762 0.540115 0.263062
v 0.102609 0.556287 0.362446
v 0.086107 0.609193 0.361112
v -0.079021 0.551035 0.346536
v -0.074998 0.595151 0.364654
v -0.048904 0.632933 0.362787
v -0.054975 0.581882 0.348142
v -0.027677 0.597588 0.349316
v -0.042871 0.617081 0.365843
v -0.000000 0.625197 0.366288
v -0.000000 0.641482 0.363378
v 0.048903 0.632933 0.362787
v 0.074998 0.595151 0.364654
v -0.000000 0.602945 0.347698
v 0.042871 0.617081 0.365843
v 0.027677 0.597587 0.349316
v 0.054975 0.581881 0.348141
v 0.079021 0.551035 0.346536
v -0.000000 0.540113 0.262964
v -0.020889 0.488661 0.259266
v 0.020888 0.488661 0.259266
v -0.000000 0.488648 0.259129
v -0.000000 0.666865 -0.241571
v -0.025299 0.676516 -0.235897
v -0.000000 0.683157 -0.254324
v 0.025298 0.676518 -0.235912
v -0.020080 0.690528 -0.250094
v -0.000000 0.717562 -0.238373
v -0.040322 0.715326 -0.218078
v 0.020080 0.690603 -0.250193
v 0.040322 0.715340 -0.218074
v -0.031582 0.722536 -0.235723
v -0.020992 0.743528 -0.204111
v 0.031582 0.722536 -0.235723
v 0.020991 0.743523 -0.204107
v -0.017412 0.742810 -0.225100
v -0.000000 0.746633 -0.201705
v 0.017412 0.742810 -0.225101
v -0.000000 0.747138 -0.222491
v -0.099002 0.426208 0.348211
v -0.120235 0.460535 0.350492
v -0.125570 0.461274 0.321617
v -0.131359 0.502366 0.353369
v -0.103777 0.424987 0.318148
v -0.067928 0.400239 0.346407
v -0.071604 0.398131 0.315529
v -0.030324 0.384979 0.345340
v -0.031205 0.382407 0.314604
v -0.000000 0.381080 0.345055
v -0.081116 0.446575 0.284421
v -0.096433 0.473279 0.286789
v -0.041044 0.418255 0.281484
v 0.000000 0.407833 0.280402
v -0.000000 0.378675 0.315806
v 0.031203 0.382406 0.314604
v 0.030324 0.384979 0.345340
v 0.071605 0.398131 0.315529
v 0.067928 0.400239 0.346407
v 0.041044 0.418255 0.281484
v 0.103777 0.424987 0.318149
v 0.099002 0.426208 0.348211
v 0.081116 0.446575 0.284421
v 0.125569 0.461274 0.321617
v 0.120235 0.460535 0.350492
v 0.131359 0.502366 0.353369
v 0.039178 0.423565 0.228429
v 0.096433 0.473279 0.286789
v 0.079922 0.448671 0.226799
v 0.136267 0.504835 0.325431
v 0.101053 0.506393 0.289495
v 0.124304 0.569959 0.330936
v 0.120937 0.564772 0.357937
v 0.097990 0.473204 0.225337
v 0.091167 0.548416 0.292502
v 0.099808 0.537405 0.221934
v 0.105167 0.504084 0.223657
v 0.088368 0.615317 0.334596
v 0.086107 0.609193 0.361112
v 0.048903 0.632933 0.362787
v 0.062300 0.580189 0.294762
v 0.050149 0.639607 0.336576
v 0.032767 0.595074 0.296331
v -0.000000 0.648031 0.337762
v -0.000000 0.641482 0.363378
v -0.048904 0.632933 0.362787
v 0.000000 0.600887 0.297027
v 0.053749 0.582591 0.237089
v -0.050149 0.639607 0.336576
v -0.088370 0.615316 0.334596
v -0.086108 0.609193 0.361112
v -0.120937 0.564773 0.357937
v 0.026151 0.598023 0.240120
v 0.025477 0.619779 0.222302
v -0.032767 0.595074 0.296331
v -0.000000 0.602823 0.241551
v -0.124303 0.569958 0.330936
v -0.062300 0.580189 0.294762
v -0.136267 0.504835 0.325431
v -0.091157 0.548436 0.292503
v -0.097574 0.539675 0.224262
v -0.101053 0.506393 0.289495
v -0.026151 0.598023 0.240120
v -0.025551 0.619651 0.222354
v -0.053749 0.582591 0.237089
v -0.105167 0.504084 0.223657
v -0.000000 0.623726 0.224089
v -0.097990 0.473204 0.225337
v -0.000000 0.684731 0.193467
v -0.079922 0.448671 0.226799
v -0.039178 0.423565 0.228429
v -0.000000 0.414155 0.228913
v -0.000000 0.403419 0.198923
v -0.042043 0.412047 0.196173
v -0.000000 0.358596 0.103077
v 0.042041 0.412052 0.196184
v -0.100250 0.426780 0.166987
v 0.100250 0.426780 0.166987
v -0.052072 0.365911 0.099628
v 0.052072 0.365911 0.099628
v -0.148592 0.448541 0.136761
v -0.128210 0.392841 0.074484
v -0.179042 0.490366 0.129876
v -0.175573 0.438839 0.072959
v -0.178030 0.528014 0.143153
v -0.134806 0.386495 0.026612
v -0.055412 0.348876 0.029139
v -0.181018 0.434736 0.022487
v -0.202957 0.485644 0.067164
v -0.206138 0.481560 0.016920
v -0.179947 0.432666 -0.029024
v -0.211720 0.549727 0.077035
v -0.134646 0.385428 -0.024472
v -0.222031 0.542547 0.008012
v -0.183935 0.581390 0.126443
v -0.212968 0.610473 0.057115
v -0.158088 0.554963 0.156088
v -0.203200 0.479087 -0.036178
v -0.170276 0.437467 -0.080159
v -0.217119 0.541333 -0.046289
v -0.189998 0.481690 -0.090415
v -0.128767 0.392763 -0.074374
v -0.151437 0.446153 -0.126338
v -0.055467 0.347444 -0.024443
v -0.000000 0.338300 -0.024789
v -0.053402 0.361914 -0.087146
v -0.116482 0.417521 -0.133028
v -0.000000 0.341005 0.029805
v 0.055412 0.348876 0.029139
v -0.050257 0.393920 -0.146138
v -0.117012 0.444874 -0.160599
v -0.000000 0.355073 -0.089955
v -0.121630 0.482825 -0.185145
v -0.054229 0.432116 -0.182681
v -0.000000 0.388442 -0.149720
v -0.165485 0.486207 -0.140535
v -0.202396 0.542615 -0.103089
v 0.053402 0.361914 -0.087146
v 0.050257 0.393920 -0.146138
v 0.055467 0.347444 -0.024443
v -0.000000 0.427229 -0.188874
v -0.055596 0.478445 -0.210440
v 0.054229 0.432116 -0.182681
v -0.127026 0.543756 -0.205869
v -0.174391 0.544170 -0.156553
v -0.056898 0.542030 -0.232554
v -0.000000 0.540880 -0.240129
v -0.000000 0.475270 -0.217668
v 0.055596 0.478445 -0.210440
v -0.123853 0.609555 -0.214801
v -0.172326 0.608471 -0.165073
v -0.059751 0.611295 -0.239862
v -0.201814 0.610946 -0.111067
v -0.110779 0.671508 -0.206845
v -0.217657 0.612774 -0.053559
v -0.157090 0.669845 -0.160807
v -0.222132 0.611026 -0.000267
v -0.184765 0.675191 -0.110442
v -0.200533 0.678353 -0.055205
v -0.205183 0.676843 -0.003087
v -0.197813 0.673005 0.047349
v -0.183686 0.716941 -0.003445
v -0.179765 0.717920 -0.055280
v -0.190182 0.617061 0.108371
v -0.142987 0.702383 -0.155028
v -0.165950 0.712081 -0.108801
v -0.106880 0.702157 -0.191554
v -0.110349 0.736917 -0.156692
v -0.125407 0.755515 -0.110654
v -0.040322 0.715326 -0.218078
v -0.025299 0.676516 -0.235897
v -0.020992 0.743528 -0.204111
v -0.000000 0.666865 -0.241571
v -0.052277 0.787100 -0.116390
v -0.000000 0.746633 -0.201705
v -0.133886 0.765510 -0.057616
v -0.000000 0.602588 -0.248110
v 0.059751 0.611296 -0.239862
v 0.025298 0.676518 -0.235912
v 0.056897 0.542030 -0.232554
v 0.110779 0.671510 -0.206845
v 0.040322 0.715340 -0.218074
v 0.121628 0.482818 -0.185142
v 0.123853 0.609554 -0.214800
v 0.117012 0.444874 -0.160599
v 0.116482 0.417521 -0.133028
v 0.151437 0.446153 -0.126338
v 0.128767 0.392763 -0.074374
v 0.127025 0.543756 -0.205869
v 0.134646 0.385428 -0.024472
v 0.165485 0.486207 -0.140535
v 0.174391 0.544170 -0.156553
v 0.170275 0.437467 -0.080159
v 0.134806 0.386495 0.026612
v 0.172326 0.608471 -0.165071
v 0.189998 0.481690 -0.090415
v 0.202396 0.542615 -0.103089
v 0.179947 0.432666 -0.029024
v 0.128210 0.392841 0.074484
v 0.203200 0.479087 -0.036178
v 0.217119 0.541333 -0.046289
v 0.201813 0.610945 -0.111067
v 0.181018 0.434736 0.022487
v 0.206138 0.481560 0.016920
v 0.148540 0.448550 0.136845
v 0.175573 0.438839 0.072959
v 0.178991 0.490360 0.129945
v 0.202957 0.485644 0.067164
v 0.222031 0.542547 0.008012
v 0.177970 0.527996 0.143224
v 0.211719 0.549727 0.077035
v 0.217656 0.612774 -0.053558
v 0.183935 0.581390 0.126443
v 0.212968 0.610471 0.057115
v 0.152270 0.558033 0.159356
v 0.222132 0.611026 -0.000267
v 0.184765 0.675191 -0.110442
v 0.200533 0.678353 -0.055205
v 0.205183 0.676843 -0.003087
v 0.157090 0.669845 -0.160807
v 0.106880 0.702158 -0.191554
v 0.142986 0.702383 -0.155028
v 0.110347 0.736918 -0.156692
v 0.020991 0.743523 -0.204107
v 0.165950 0.712081 -0.108801
v 0.179765 0.717920 -0.055280
v 0.183686 0.716941 -0.003445
v 0.052276 0.787100 -0.116391
v 0.125407 0.755515 -0.110654
v 0.133887 0.765510 -0.057615
v -0.000000 0.792543 -0.117744
v 0.197813 0.673005 0.047349
v 0.055858 0.799201 -0.059519
v -0.055859 0.799201 -0.059519
v -0.000000 0.804961 -0.060163
v 0.055481 0.800489 -0.002877
v 0.133947 0.767088 -0.002851
v -0.055481 0.800489 -0.002877
v -0.000000 0.806516 -0.001800
v -0.133948 0.767087 -0.002850
v 0.178294 0.709382 0.047010
v 0.058832 0.791026 0.047228
v -0.058823 0.791029 0.047219
v -0.178294 0.709382 0.047010
v 0.128715 0.753715 0.071305
v -0.000000 0.797356 0.049459
v -0.128715 0.753715 0.071302
v -0.165772 0.697709 0.096911
v 0.165772 0.697709 0.096911
v 0.057119 0.768193 0.104068
v -0.057122 0.768194 0.104066
v -0.179417 0.667436 0.097398
v -0.000000 0.774680 0.105162
v -0.151368 0.629682 0.130232
v -0.148113 0.653821 0.125260
v -0.147264 0.608897 0.140455
v -0.130892 0.586493 0.160455
v -0.140319 0.671454 0.125337
v -0.096829 0.589342 0.184031
v -0.131227 0.734760 0.111228
v -0.122681 0.690165 0.132299
v -0.091486 0.568374 0.200137
v -0.078552 0.607367 0.188815
v -0.096962 0.736968 0.137890
v -0.100924 0.693590 0.146000
v -0.066367 0.593276 0.206503
v -0.069639 0.628409 0.188318
v -0.071738 0.718333 0.162747
v -0.083446 0.685109 0.161040
v -0.052097 0.623428 0.205025
v -0.068915 0.658302 0.179510
v -0.050406 0.672110 0.192169
v -0.043155 0.732088 0.158443
v -0.023310 0.682950 0.194337
v -0.000000 0.736885 0.155319
v 0.043163 0.732086 0.158445
v 0.023309 0.682945 0.194337
v 0.050405 0.672109 0.192169
v 0.071738 0.718333 0.162747
v 0.051835 0.626149 0.204419
v 0.096962 0.736968 0.137890
v 0.066367 0.593276 0.206504
v 0.131227 0.734760 0.111228
v 0.093356 0.567648 0.199124
v 0.068915 0.658302 0.179510
v 0.069623 0.628481 0.188308
v 0.083446 0.685109 0.161040
v 0.078552 0.607367 0.188815
v 0.100923 0.693590 0.146000
v 0.096840 0.589335 0.184025
v 0.122681 0.690166 0.132300
v 0.130886 0.586490 0.160461
v 0.140319 0.671454 0.125337
v 0.147264 0.608897 0.140455
v 0.148113 0.653821 0.125260
v 0.190182 0.617058 0.108371
v 0.151368 0.629682 0.130232
v 0.179417 0.667436 0.097398
v 0.001380 0.007532 0.002600
v 0.004905 0.007532 -0.000925
v 0.001380 0.008316 -0.000925
v -0.002144 0.007532 -0.000925
v 0.001380 0.007532 -0.004449
v 0.006183 0.004799 0.003878
v 0.006183 0.004799 -0.005727
v 0.008913 0.003524 -0.000925
v -0.003422 0.004799 0.003878
v 0.001380 0.003524 0.006608
v -0.003422 0.004799 -0.005727
v 0.001380 0.003524 -0.008457
v -0.006152 0.003524 -0.000925
v 0.008911 0.000000 0.002604
v 0.004909 0.000000 0.006606
v 0.008911 -0.000000 -0.004453
v 0.004909 -0.000000 -0.008455
v 0.009697 -0.000000 -0.000925
v 0.008913 -0.003524 -0.000925
v 0.006183 -0.004799 0.003878
v 0.006183 -0.004799 -0.005727
v 0.004905 -0.007532 -0.000925
v -0.002148 -0.000000 -0.008455
v 0.001380 -0.000000 -0.009241
v 0.001380 -0.003524 -0.008457
v -0.006150 -0.000000 -0.004453
v 0.001380 -0.007532 -0.004449
v -0.003422 -0.004799 -0.005727
v 0.001380 -0.007532 0.002600
v 0.001380 -0.008316 -0.000925
v -0.002144 -0.007532 -0.000925
v -0.006152 -0.003524 -0.000925
v -0.006936 -0.000000 -0.000925
v -0.006150 0.000000 0.002604
v -0.003422 -0.004799 0.003878
v 0.001380 -0.003524 0.006608
v -0.002148 0.000000 0.006606
v 0.001380 0.000000 0.007392
vt 0.027344 0.601074
vt 0.025391 0.609863
vt 0.041016 0.609863
vt 0.041016 0.596191
vt 0.091797 0.612793
vt 0.085938 0.553223
vt 0.136719 0.611816
vt 0.142578 0.521973
vt 0.085938 0.667969
vt 0.041016 0.624023
vt 0.027344 0.619141
vt 0.025391 0.609863
vt 0.136719 0.696777
vt 0.191406 0.705078
vt 0.193359 0.608887
vt 0.193359 0.513184
vt 0.238281 0.608887
vt 0.238281 0.701172
vt 0.244141 0.517090
vt 0.361328 0.651855
vt 0.337891 0.610840
vt 0.361328 0.569824
vt 0.404297 0.611816
vt 0.974609 0.936035
vt 0.974609 0.928223
vt 0.966797 0.936035
vt 0.966797 0.926758
vt 0.949219 0.932129
vt 0.953125 0.953125
vt 0.921875 0.931152
vt 0.935547 0.966797
vt 0.953125 0.911133
vt 0.935547 0.895020
vt 0.912109 0.887207
vt 0.912109 0.974121
vt 0.892578 0.890137
vt 0.884766 0.930176
vt 0.892578 0.968750
vt 0.849609 0.912109
vt 0.847656 0.946777
vt 0.851562 0.929199
vt 0.828125 0.929199
vt 0.818359 0.929199
vt 0.017578 0.591797
vt 0.027344 0.601074
vt 0.031250 0.583984
vt 0.041016 0.596191
vt 0.060547 0.546875
vt 0.085938 0.553223
vt 0.142578 0.521973
vt 0.119141 0.503906
vt 0.193359 0.513184
vt 0.187500 0.483887
vt 0.244141 0.517090
vt 0.253906 0.492920
vt 0.361328 0.569824
vt 0.367188 0.550781
vt 0.425781 0.611816
vt 0.404297 0.611816
vt 0.365234 0.670898
vt 0.361328 0.651855
vt 0.238281 0.701172
vt 0.251953 0.725098
vt 0.191406 0.705078
vt 0.187500 0.733887
vt 0.136719 0.696777
vt 0.115234 0.716797
vt 0.085938 0.667969
vt 0.058594 0.673828
vt 0.027344 0.636230
vt 0.041016 0.624023
vt 0.017578 0.626953
vt 0.027344 0.619141
vt 0.140625 0.842773
vt 0.123047 0.847168
vt 0.136719 0.855957
vt 0.115234 0.856934
vt 0.123047 0.863770
vt 0.136719 0.869141
vt 0.431641 0.820801
vt 0.417969 0.813965
vt 0.390625 0.847168
vt 0.388672 0.863770
vt 0.337891 0.860840
vt 0.378906 0.786133
vt 0.353516 0.774902
vt 0.332031 0.769043
vt 0.292969 0.858887
vt 0.306641 0.765137
vt 0.285156 0.763184
vt 0.255859 0.769043
vt 0.238281 0.859863
vt 0.224609 0.777832
vt 0.199219 0.789062
vt 0.416016 0.869141
vt 0.472656 0.846191
vt 0.490234 0.877930
vt 0.404297 0.931152
vt 0.464844 0.905762
vt 0.369141 0.942871
vt 0.347656 0.947754
vt 0.324219 0.952148
vt 0.300781 0.954102
vt 0.277344 0.955078
vt 0.246094 0.946777
vt 0.216797 0.937988
vt 0.193359 0.925781
vt 0.177734 0.858887
vt 0.166016 0.901855
vt 0.136719 0.869141
vt 0.171875 0.812012
vt 0.136719 0.855957
vt 0.140625 0.842773
vt 0.949219 0.939941
vt 0.949219 0.935059
vt 0.943359 0.939941
vt 0.943359 0.934082
vt 0.929688 0.937012
vt 0.939453 0.949219
vt 0.939453 0.925781
vt 0.929688 0.916992
vt 0.929688 0.957031
vt 0.906250 0.934082
vt 0.912109 0.961914
vt 0.919922 0.908203
vt 0.898438 0.958984
vt 0.906250 0.905762
vt 0.896484 0.907227
vt 0.886719 0.954102
vt 0.888672 0.930176
vt 0.888672 0.907227
vt 0.875000 0.929199
vt 0.875000 0.944824
vt 0.861328 0.940918
vt 0.884766 0.920898
vt 0.888672 0.899902
vt 0.878906 0.913086
vt 0.871094 0.917969
vt 0.871094 0.915039
vt 0.869141 0.919922
vt 0.861328 0.934082
vt 0.851562 0.937988
vt 0.859375 0.928223
vt 0.451172 0.806152
vt 0.437500 0.798828
vt 0.417969 0.813965
vt 0.431641 0.820801
vt 0.490234 0.834961
vt 0.472656 0.846191
vt 0.511719 0.880859
vt 0.490234 0.877930
vt 0.478516 0.920898
vt 0.464844 0.905762
vt 0.421875 0.945801
vt 0.404297 0.931152
vt 0.373047 0.964844
vt 0.369141 0.942871
vt 0.347656 0.947754
vt 0.316406 0.980957
vt 0.324219 0.952148
vt 0.300781 0.954102
vt 0.250000 0.977051
vt 0.277344 0.955078
vt 0.246094 0.946777
vt 0.183594 0.944824
vt 0.216797 0.937988
vt 0.193359 0.925781
vt 0.148438 0.908203
vt 0.166016 0.901855
vt 0.136719 0.869141
vt 0.128906 0.883789
vt 0.123047 0.863770
vt 0.119141 0.874023
vt 0.378906 0.786133
vt 0.392578 0.769043
vt 0.353516 0.774902
vt 0.376953 0.762207
vt 0.332031 0.769043
vt 0.328125 0.739746
vt 0.306641 0.765137
vt 0.285156 0.763184
vt 0.261719 0.739746
vt 0.255859 0.769043
vt 0.224609 0.777832
vt 0.191406 0.769043
vt 0.199219 0.789062
vt 0.171875 0.812012
vt 0.150391 0.803223
vt 0.140625 0.842773
vt 0.128906 0.828125
vt 0.119141 0.834961
vt 0.123047 0.847168
vt 0.123047 0.847168
vt 0.140625 0.842773
vt 0.136719 0.855957
vt 0.115234 0.856934
vt 0.123047 0.863770
vt 0.136719 0.869141
vt 0.390625 0.847168
vt 0.417969 0.813965
vt 0.431641 0.820801
vt 0.388672 0.863770
vt 0.337891 0.860840
vt 0.378906 0.786133
vt 0.353516 0.774902
vt 0.332031 0.769043
vt 0.292969 0.858887
vt 0.306641 0.765137
vt 0.285156 0.763184
vt 0.255859 0.769043
vt 0.238281 0.859863
vt 0.224609 0.777832
vt 0.199219 0.789062
vt 0.416016 0.869141
vt 0.472656 0.846191
vt 0.490234 0.877930
vt 0.404297 0.931152
vt 0.464844 0.905762
vt 0.369141 0.942871
vt 0.347656 0.947754
vt 0.324219 0.952148
vt 0.300781 0.954102
vt 0.277344 0.955078
vt 0.246094 0.946777
vt 0.216797 0.937988
vt 0.193359 0.925781
vt 0.177734 0.858887
vt 0.166016 0.901855
vt 0.136719 0.869141
vt 0.171875 0.812012
vt 0.136719 0.855957
vt 0.140625 0.842773
vt 0.949219 0.935059
vt 0.949219 0.939941
vt 0.943359 0.939941
vt 0.943359 0.934082
vt 0.929688 0.937012
vt 0.939453 0.949219
vt 0.939453 0.925781
vt 0.929688 0.916992
vt 0.929688 0.957031
vt 0.906250 0.934082
vt 0.912109 0.961914
vt 0.919922 0.908203
vt 0.898438 0.958984
vt 0.906250 0.905762
vt 0.896484 0.907227
vt 0.886719 0.954102
vt 0.888672 0.930176
vt 0.888672 0.907227
vt 0.875000 0.929199
vt 0.875000 0.944824
vt 0.861328 0.940918
vt 0.884766 0.920898
vt 0.888672 0.899902
vt 0.878906 0.913086
vt 0.871094 0.917969
vt 0.871094 0.915039
vt 0.869141 0.919922
vt 0.861328 0.934082
vt 0.851562 0.937988
vt 0.859375 0.928223
vt 0.437500 0.798828
vt 0.451172 0.806152
vt 0.417969 0.813965
vt 0.431641 0.820801
vt 0.490234 0.834961
vt 0.472656 0.846191
vt 0.511719 0.880859
vt 0.490234 0.877930
vt 0.478516 0.920898
vt 0.464844 0.905762
vt 0.421875 0.945801
vt 0.404297 0.931152
vt 0.373047 0.964844
vt 0.369141 0.942871
vt 0.347656 0.947754
vt 0.316406 0.980957
vt 0.324219 0.952148
vt 0.300781 0.954102
vt 0.250000 0.977051
vt 0.277344 0.955078
vt 0.246094 0.946777
vt 0.183594 0.944824
vt 0.216797 0.937988
vt 0.193359 0.925781
vt 0.148438 0.908203
vt 0.166016 0.901855
vt 0.136719 0.869141
vt 0.128906 0.883789
vt 0.123047 0.863770
vt 0.119141 0.874023
vt 0.392578 0.769043
vt 0.378906 0.786133
vt 0.353516 0.774902
vt 0.376953 0.762207
vt 0.332031 0.769043
vt 0.328125 0.739746
vt 0.306641 0.765137
vt 0.285156 0.763184
vt 0.261719 0.739746
vt 0.255859 0.769043
vt 0.224609 0.777832
vt 0.191406 0.769043
vt 0.199219 0.789062
vt 0.171875 0.812012
vt 0.150391 0.803223
vt 0.140625 0.842773
vt 0.128906 0.828125
vt 0.119141 0.834961
vt 0.123047 0.847168
vt 0.025391 0.609863
vt 0.027344 0.601074
vt 0.041016 0.609863
vt 0.041016 0.596191
vt 0.091797 0.612793
vt 0.085938 0.553223
vt 0.136719 0.611816
vt 0.142578 0.521973
vt 0.085938 0.667969
vt 0.041016 0.624023
vt 0.027344 0.619141
vt 0.025391 0.609863
vt 0.136719 0.696777
vt 0.191406 0.705078
vt 0.193359 0.608887
vt 0.193359 0.513184
vt 0.238281 0.608887
vt 0.238281 0.701172
vt 0.244141 0.517090
vt 0.361328 0.651855
vt 0.337891 0.610840
vt 0.361328 0.569824
vt 0.404297 0.611816
vt 0.974609 0.928223
vt 0.974609 0.936035
vt 0.966797 0.936035
vt 0.966797 0.926758
vt 0.949219 0.932129
vt 0.953125 0.953125
vt 0.921875 0.931152
vt 0.935547 0.966797
vt 0.953125 0.911133
vt 0.935547 0.895020
vt 0.912109 0.887207
vt 0.912109 0.974121
vt 0.892578 0.890137
vt 0.884766 0.930176
vt 0.892578 0.968750
vt 0.849609 0.912109
vt 0.847656 0.946777
vt 0.851562 0.929199
vt 0.828125 0.929199
vt 0.818359 0.929199
vt 0.027344 0.601074
vt 0.017578 0.591797
vt 0.031250 0.583984
vt 0.041016 0.596191
vt 0.060547 0.546875
vt 0.085938 0.553223
vt 0.142578 0.521973
vt 0.119141 0.503906
vt 0.193359 0.513184
vt 0.187500 0.483887
vt 0.244141 0.517090
vt 0.253906 0.492920
vt 0.361328 0.569824
vt 0.367188 0.550781
vt 0.425781 0.611816
vt 0.404297 0.611816
vt 0.365234 0.670898
vt 0.361328 0.651855
vt 0.238281 0.701172
vt 0.251953 0.725098
vt 0.191406 0.705078
vt 0.187500 0.733887
vt 0.136719 0.696777
vt 0.115234 0.716797
vt 0.085938 0.667969
vt 0.058594 0.673828
vt 0.027344 0.636230
vt 0.041016 0.624023
vt 0.017578 0.626953
vt 0.027344 0.619141
vt 0.865234 0.459961
vt 0.888672 0.456055
vt 0.888672 0.479980
vt 0.916016 0.460938
vt 0.871094 0.481934
vt 0.837891 0.477051
vt 0.849609 0.490967
vt 0.818359 0.508789
vt 0.841797 0.514160
vt 0.837891 0.537109
vt 0.814453 0.537109
vt 0.818359 0.564941
vt 0.871094 0.515137
vt 0.888672 0.514160
vt 0.912109 0.481934
vt 0.837891 0.561035
vt 0.833984 0.598145
vt 0.847656 0.583984
vt 0.863281 0.618164
vt 0.869141 0.562012
vt 0.869141 0.538086
vt 0.869141 0.595215
vt 0.888672 0.539062
vt 0.888672 0.562988
vt 0.888672 0.599121
vt 0.888672 0.624023
vt 0.916016 0.619141
vt 0.912109 0.562012
vt 0.912109 0.596191
vt 0.947266 0.600098
vt 0.912109 0.539062
vt 0.943359 0.538086
vt 0.912109 0.515137
vt 0.939453 0.562012
vt 0.933594 0.585938
vt 0.962891 0.566895
vt 0.966797 0.537109
vt 0.962891 0.507812
vt 0.939453 0.514160
vt 0.943359 0.478027
vt 0.933594 0.490967
vt 0.892578 0.456055
vt 0.916016 0.460938
vt 0.892578 0.479980
vt 0.869141 0.459961
vt 0.912109 0.481934
vt 0.943359 0.478027
vt 0.935547 0.491943
vt 0.962891 0.511230
vt 0.943359 0.515137
vt 0.943359 0.538086
vt 0.966797 0.539062
vt 0.962891 0.566895
vt 0.912109 0.515137
vt 0.892578 0.514160
vt 0.871094 0.481934
vt 0.943359 0.562012
vt 0.947266 0.599121
vt 0.935547 0.585938
vt 0.916016 0.619141
vt 0.912109 0.562012
vt 0.912109 0.539062
vt 0.912109 0.596191
vt 0.892578 0.539062
vt 0.892578 0.562988
vt 0.888672 0.599121
vt 0.888672 0.624023
vt 0.863281 0.618164
vt 0.871094 0.562012
vt 0.869141 0.595215
vt 0.833984 0.598145
vt 0.871094 0.538086
vt 0.837891 0.537109
vt 0.871094 0.515137
vt 0.837891 0.561035
vt 0.847656 0.584961
vt 0.818359 0.564941
vt 0.814453 0.535156
vt 0.818359 0.506836
vt 0.841797 0.513184
vt 0.837891 0.477051
vt 0.851562 0.489990
vt 0.017578 0.054993
vt 0.037109 0.016983
vt 0.060547 0.024994
vt 0.017578 0.054993
vt 0.041016 0.063965
vt 0.013672 0.101990
vt 0.041016 0.063965
vt 0.013672 0.101990
vt 0.037109 0.102966
vt 0.017578 0.146973
vt 0.091797 0.065002
vt 0.037109 0.102966
vt 0.017578 0.146973
vt 0.046875 0.140991
vt 0.039062 0.186035
vt 0.085938 0.085999
vt 0.046875 0.140991
vt 0.064453 0.178955
vt 0.082031 0.107971
vt 0.085938 0.130005
vt 0.089844 0.151001
vt 0.085938 0.130005
vt 0.082031 0.107971
vt 0.085938 0.085999
vt 0.150391 0.067993
vt 0.150391 0.091003
vt 0.150391 0.114990
vt 0.150391 0.139038
vt 0.150391 0.161987
vt 0.150391 0.139038
vt 0.150391 0.114990
vt 0.150391 0.091003
vt 0.187500 0.059998
vt 0.187500 0.088013
vt 0.187500 0.115967
vt 0.187500 0.088013
vt 0.187500 0.115967
vt 0.228516 0.050995
vt 0.187500 0.145020
vt 0.187500 0.145020
vt 0.224609 0.081970
vt 0.224609 0.081970
vt 0.185547 0.171997
vt 0.224609 0.115967
vt 0.267578 0.046997
vt 0.224609 0.115967
vt 0.222656 0.147949
vt 0.259766 0.078979
vt 0.259766 0.078979
vt 0.222656 0.147949
vt 0.224609 0.178955
vt 0.251953 0.114014
vt 0.298828 0.053986
vt 0.251953 0.114014
vt 0.253906 0.147949
vt 0.281250 0.080994
vt 0.281250 0.080994
vt 0.253906 0.147949
vt 0.261719 0.179932
vt 0.273438 0.112000
vt 0.314453 0.063965
vt 0.273438 0.112000
vt 0.277344 0.145020
vt 0.298828 0.085999
vt 0.298828 0.085999
vt 0.277344 0.145020
vt 0.289062 0.173950
vt 0.289062 0.112000
vt 0.326172 0.083984
vt 0.289062 0.112000
vt 0.292969 0.140015
vt 0.314453 0.096008
vt 0.332031 0.114014
vt 0.314453 0.096008
vt 0.306641 0.112976
vt 0.292969 0.140015
vt 0.306641 0.112976
vt 0.304688 0.163940
vt 0.310547 0.131958
vt 0.310547 0.131958
vt 0.320312 0.145996
vt 0.111328 0.187012
vt 0.119141 0.208008
vt 0.085938 0.199951
vt 0.085938 0.199951
vt 0.101562 0.218994
vt 0.062500 0.223022
vt 0.080078 0.239014
vt 0.042969 0.251953
vt 0.101562 0.218994
vt 0.062500 0.223022
vt 0.080078 0.239014
vt 0.042969 0.251953
vt 0.107422 0.249023
vt 0.064453 0.261963
vt 0.027344 0.282959
vt 0.107422 0.250000
vt 0.064453 0.261963
vt 0.027344 0.282959
vt 0.082031 0.290039
vt 0.052734 0.289062
vt 0.025391 0.319092
vt 0.132812 0.234985
vt 0.080078 0.291992
vt 0.052734 0.289062
vt 0.025391 0.319092
vt 0.044922 0.320068
vt 0.027344 0.372070
vt 0.044922 0.320068
vt 0.027344 0.372070
vt 0.074219 0.326904
vt 0.158203 0.348877
vt 0.046875 0.365967
vt 0.050781 0.415039
vt 0.074219 0.326904
vt 0.158203 0.348877
vt 0.046875 0.366943
vt 0.050781 0.415039
vt 0.074219 0.364014
vt 0.064453 0.406006
vt 0.076172 0.444092
vt 0.085938 0.395996
vt 0.103516 0.416992
vt 0.082031 0.434082
vt 0.115234 0.456055
vt 0.107422 0.469971
vt 0.076172 0.444092
vt 0.064453 0.406006
vt 0.126953 0.433105
vt 0.082031 0.434082
vt 0.103516 0.417969
vt 0.085938 0.396973
vt 0.074219 0.364990
vt 0.179688 0.354004
vt 0.164062 0.309082
vt 0.164062 0.309082
vt 0.179688 0.302979
vt 0.888672 0.039978
vt 0.871094 0.057983
vt 0.873047 0.027985
vt 0.871094 0.057983
vt 0.861328 0.042999
vt 0.835938 0.021988
vt 0.828125 0.070007
vt 0.861328 0.042999
vt 0.828125 0.070007
vt 0.832031 0.050995
vt 0.800781 0.053986
vt 0.832031 0.050995
vt 0.800781 0.053986
vt 0.812500 0.039978
vt 0.787109 0.037994
vt 0.812500 0.039978
vt 0.804688 0.026993
vt 0.937500 0.176025
vt 0.939453 0.208984
vt 0.916016 0.213989
vt 0.947266 0.244019
vt 0.910156 0.181030
vt 0.933594 0.140991
vt 0.906250 0.146973
vt 0.925781 0.106018
vt 0.900391 0.110962
vt 0.921875 0.078979
vt 0.865234 0.187988
vt 0.871094 0.219971
vt 0.863281 0.139038
vt 0.859375 0.098999
vt 0.896484 0.083984
vt 0.900391 0.110962
vt 0.925781 0.106018
vt 0.906250 0.146973
vt 0.933594 0.140991
vt 0.863281 0.139038
vt 0.910156 0.181030
vt 0.937500 0.176025
vt 0.865234 0.187988
vt 0.916016 0.213989
vt 0.939453 0.208984
vt 0.947266 0.244019
vt 0.814453 0.136963
vt 0.871094 0.219971
vt 0.814453 0.186035
vt 0.921875 0.249023
vt 0.875000 0.254883
vt 0.933594 0.301025
vt 0.958984 0.295898
vt 0.812500 0.218994
vt 0.884766 0.300049
vt 0.814453 0.292969
vt 0.812500 0.254883
vt 0.939453 0.345947
vt 0.966797 0.343018
vt 0.966797 0.383057
vt 0.888672 0.343994
vt 0.943359 0.383057
vt 0.892578 0.376953
vt 0.939453 0.426025
vt 0.966797 0.427979
vt 0.966797 0.383057
vt 0.892578 0.406982
vt 0.835938 0.361084
vt 0.943359 0.383057
vt 0.939453 0.345947
vt 0.966797 0.343018
vt 0.958984 0.295898
vt 0.841797 0.392090
vt 0.824219 0.413086
vt 0.892578 0.376953
vt 0.851562 0.415039
vt 0.933594 0.301025
vt 0.888672 0.343994
vt 0.921875 0.250000
vt 0.884766 0.301025
vt 0.814453 0.296875
vt 0.875000 0.254883
vt 0.841797 0.392090
vt 0.824219 0.413086
vt 0.835938 0.361084
vt 0.812500 0.254883
vt 0.837891 0.433105
vt 0.812500 0.218994
vt 0.796875 0.488037
vt 0.814453 0.186035
vt 0.814453 0.136963
vt 0.818359 0.098999
vt 0.794922 0.086975
vt 0.785156 0.125977
vt 0.697266 0.040985
vt 0.785156 0.125977
vt 0.750000 0.171021
vt 0.750000 0.171021
vt 0.683594 0.088013
vt 0.683594 0.088013
vt 0.712891 0.204956
vt 0.656250 0.150024
vt 0.703125 0.245972
vt 0.652344 0.202026
vt 0.712891 0.277100
vt 0.613281 0.146973
vt 0.611328 0.075012
vt 0.611328 0.197998
vt 0.646484 0.243042
vt 0.605469 0.238037
vt 0.568359 0.194946
vt 0.652344 0.291992
vt 0.568359 0.145020
vt 0.597656 0.283936
vt 0.693359 0.320068
vt 0.628906 0.337891
vt 0.734375 0.302002
vt 0.562500 0.234009
vt 0.523438 0.196045
vt 0.550781 0.281006
vt 0.517578 0.233032
vt 0.523438 0.149048
vt 0.482422 0.197021
vt 0.560547 0.073975
vt 0.554688 0.023987
vt 0.498047 0.085999
vt 0.468750 0.162964
vt 0.615234 0.023987
vt 0.611328 0.075012
vt 0.435547 0.114014
vt 0.443359 0.186035
vt 0.478516 0.039978
vt 0.421875 0.218994
vt 0.398438 0.151001
vt 0.410156 0.075989
vt 0.472656 0.231934
vt 0.503906 0.280029
vt 0.498047 0.085999
vt 0.435547 0.114014
vt 0.560547 0.073975
vt 0.361328 0.117981
vt 0.367188 0.194946
vt 0.398438 0.151001
vt 0.402344 0.270996
vt 0.458984 0.277100
vt 0.341797 0.258057
vt 0.291016 0.244019
vt 0.322266 0.170044
vt 0.367188 0.194946
vt 0.390625 0.326904
vt 0.447266 0.327881
vt 0.335938 0.329102
vt 0.498047 0.331055
vt 0.388672 0.383057
vt 0.541016 0.333984
vt 0.441406 0.377930
vt 0.585938 0.334961
vt 0.490234 0.382080
vt 0.535156 0.385010
vt 0.578125 0.385986
vt 0.615234 0.386963
vt 0.572266 0.420898
vt 0.527344 0.418945
vt 0.675781 0.347900
vt 0.441406 0.407959
vt 0.486328 0.414062
vt 0.398438 0.413086
vt 0.429688 0.446045
vt 0.472656 0.459961
vt 0.341797 0.441895
vt 0.310547 0.396973
vt 0.349609 0.480957
vt 0.287109 0.384033
vt 0.445312 0.520996
vt 0.343750 0.500977
vt 0.517578 0.469971
vt 0.281250 0.314941
vt 0.335938 0.326904
vt 0.310547 0.396973
vt 0.341797 0.258057
vt 0.388672 0.383057
vt 0.341797 0.441895
vt 0.421875 0.218994
vt 0.390625 0.326904
vt 0.443359 0.186035
vt 0.468750 0.162964
vt 0.482422 0.197021
vt 0.523438 0.149048
vt 0.402344 0.270996
vt 0.568359 0.145020
vt 0.472656 0.231934
vt 0.458984 0.277100
vt 0.523438 0.196045
vt 0.613281 0.146973
vt 0.447266 0.327881
vt 0.517578 0.233032
vt 0.503906 0.280029
vt 0.568359 0.194946
vt 0.656250 0.150024
vt 0.562500 0.234009
vt 0.550781 0.281006
vt 0.496094 0.331055
vt 0.611328 0.197998
vt 0.605469 0.238037
vt 0.712891 0.204956
vt 0.652344 0.202026
vt 0.703125 0.245972
vt 0.646484 0.243042
vt 0.597656 0.283936
vt 0.712891 0.277100
vt 0.652344 0.291992
vt 0.541016 0.333984
vt 0.693359 0.320068
vt 0.628906 0.337891
vt 0.738281 0.305908
vt 0.585938 0.334961
vt 0.490234 0.382080
vt 0.535156 0.385010
vt 0.578125 0.385986
vt 0.441406 0.377930
vt 0.398438 0.413086
vt 0.441406 0.407959
vt 0.429688 0.445068
vt 0.351562 0.481934
vt 0.486328 0.414062
vt 0.527344 0.418945
vt 0.572266 0.420898
vt 0.445312 0.520996
vt 0.472656 0.459961
vt 0.517578 0.469971
vt 0.425781 0.562988
vt 0.615234 0.386963
vt 0.500000 0.538086
vt 0.500000 0.538086
vt 0.490234 0.586914
vt 0.558594 0.546875
vt 0.564453 0.476074
vt 0.558594 0.546875
vt 0.554688 0.596191
vt 0.564453 0.476074
vt 0.611328 0.419922
vt 0.609375 0.540039
vt 0.605469 0.540039
vt 0.611328 0.419922
vt 0.628906 0.471924
vt 0.615234 0.591797
vt 0.628906 0.475098
vt 0.656250 0.416016
vt 0.656250 0.416016
vt 0.666016 0.524902
vt 0.666016 0.524902
vt 0.662109 0.388916
vt 0.679688 0.572754
vt 0.708984 0.369873
vt 0.699219 0.389893
vt 0.722656 0.353027
vt 0.750000 0.335938
vt 0.693359 0.406982
vt 0.777344 0.348877
vt 0.666016 0.456055
vt 0.699219 0.427979
vt 0.796875 0.331055
vt 0.785156 0.373047
vt 0.693359 0.472900
vt 0.716797 0.438965
vt 0.804688 0.366943
vt 0.777344 0.395996
vt 0.726562 0.471924
vt 0.734375 0.439941
vt 0.800781 0.402100
vt 0.763672 0.423096
vt 0.773438 0.445068
vt 0.726562 0.502930
vt 0.785156 0.471924
vt 0.746094 0.537109
vt 0.724609 0.503906
vt 0.785156 0.471924
vt 0.773438 0.445068
vt 0.726562 0.471924
vt 0.800781 0.403076
vt 0.693359 0.472900
vt 0.804688 0.366943
vt 0.666016 0.457031
vt 0.796875 0.329102
vt 0.763672 0.423096
vt 0.781250 0.395996
vt 0.734375 0.439941
vt 0.785156 0.373047
vt 0.716797 0.438965
vt 0.777344 0.347900
vt 0.699219 0.427979
vt 0.748047 0.335938
vt 0.693359 0.406982
vt 0.722656 0.353027
vt 0.699219 0.389893
vt 0.675781 0.347900
vt 0.708984 0.369873
vt 0.662109 0.388916
vt 4.667969 2.240234
vt 4.667969 2.240234
vt 4.667969 2.240234
vt 4.667969 2.240234
vt 4.667969 2.240234
vt 4.667969 2.240234
vt 4.667969 2.240234
vt 4.667969 2.240234
vt 4.667969 2.240234
vt 4.667969 2.240234
vt 4.667969 2.240234
vt 4.667969 2.240234
vt 4.667969 2.240234
vt 4.667969 2.240234
vt 4.667969 2.240234
vt 4.667969 2.240234
vt 4.667969 2.240234
vt 4.667969 2.240234
vt 4.667969 2.240234
vt 4.667969 2.240234
vt 4.667969 2.240234
vt 4.667969 2.240234
vt 4.667969 2.240234
vt 4.667969 2.240234
vt 4.667969 2.240234
vt 4.667969 2.240234
vt 4.667969 2.240234
vt 4.667969 2.240234
vt 4.667969 2.240234
vt 4.667969 2.240234
vt 4.667969 2.240234
vt 4.667969 2.240234
vt 4.667969 2.240234
vt 4.667969 2.240234
vt 4.667969 2.240234
vt 4.667969 2.240234
vt 4.667969 2.240234
vt 4.667969 2.240234
vn -0.2465 0.8988 -0.3625
vn -0.4212 0.7948 0.4369
vn -0.5032 0.7910 0.3479
vn -0.2259 0.9326 0.2814
vn -0.2195 0.9514 0.2158
vn 0.0233 0.9975 0.0667
vn 0.0896 0.9940 0.0626
vn -0.1720 0.9397 0.2955
vn -0.3481 0.7625 0.5454
vn 0.4409 0.8072 0.3924
vn 0.0493 0.9988 -0.0012
vn 0.1235 0.9843 -0.1262
vn 0.1742 0.9832 -0.0545
vn 0.2265 0.9738 0.0175
vn 0.2833 0.9476 -0.1477
vn 0.2038 0.9557 -0.2124
vn 0.3362 0.9399 -0.0596
vn 0.2732 0.9397 -0.2058
vn 0.3251 0.9269 -0.1876
vn 0.3420 0.9301 -0.1343
vn 0.1028 0.9944 0.0237
vn 0.0492 -0.8216 0.5679
vn -0.6665 -0.7143 -0.2133
vn 0.0027 -0.8721 0.4893
vn -0.6124 -0.7750 -0.1561
vn 0.0067 -0.9964 -0.0847
vn 0.1276 -0.9032 0.4098
vn -0.1298 -0.9914 0.0195
vn 0.2062 -0.8425 0.4977
vn -0.4852 -0.8373 -0.2520
vn -0.5488 -0.7666 -0.3335
vn -0.5059 -0.8048 -0.3103
vn 0.1672 -0.8847 0.4352
vn -0.4673 -0.7805 -0.4154
vn -0.2322 -0.9677 0.0980
vn 0.2746 -0.8753 0.3981
vn -0.4605 -0.7476 -0.4786
vn 0.3459 -0.8514 0.3944
vn -0.2020 -0.9768 0.0709
vn 0.0624 -0.9825 -0.1756
vn 0.5123 -0.6548 -0.5557
vn -0.6665 -0.7144 -0.2133
vn -0.7642 0.1159 -0.6345
vn -0.6123 -0.7750 -0.1562
vn -0.9996 0.0268 0.0115
vn -0.9507 -0.1662 -0.2618
vn -0.8628 -0.2392 -0.4455
vn -0.7214 -0.2762 -0.6351
vn -0.4601 -0.2424 -0.8541
vn -0.4673 -0.7804 -0.4154
vn -0.2986 -0.1313 -0.9453
vn -0.4605 -0.7475 -0.4786
vn 0.5122 -0.6548 -0.5557
vn 0.7074 -0.1871 -0.6816
vn 0.3459 -0.8514 0.3943
vn 0.8931 -0.2866 0.3466
vn 0.7680 -0.4005 0.4998
vn 0.5268 -0.4257 0.7357
vn 0.1671 -0.8847 0.4352
vn 0.3491 -0.3940 0.8502
vn 0.2062 -0.8425 0.4976
vn 0.1522 -0.3352 0.9298
vn -0.1519 -0.1288 0.9800
vn 0.5606 -0.0877 0.8234
vn 0.6401 0.7589 0.1203
vn 0.6400 0.7589 0.1203
vn 0.4370 0.8265 0.3550
vn 0.4381 0.8263 0.3538
vn 0.1369 0.7975 0.5876
vn 0.1849 0.9809 0.0600
vn 0.1731 0.9677 0.1832
vn 0.1521 0.9476 0.2809
vn 0.3124 0.9349 0.1684
vn 0.3111 0.9108 0.2716
vn 0.1077 0.8746 0.4727
vn -0.1060 0.9762 0.1890
vn 0.1702 0.9257 0.3377
vn 0.2159 0.9573 0.1924
vn 0.2144 0.9155 0.3405
vn 0.1017 0.9821 0.1586
vn 0.0531 0.9938 0.0977
vn 0.0303 0.9992 -0.0266
vn -0.1097 0.9839 -0.1410
vn -0.1313 0.9764 -0.1715
vn 0.1713 0.9734 0.1522
vn 0.1909 0.9815 -0.0177
vn 0.1004 0.9904 0.0953
vn 0.2293 0.9475 0.2227
vn 0.0238 0.9820 0.1876
vn 0.3524 0.9259 0.1364
vn 0.2891 0.9564 0.0421
vn 0.3864 0.8972 0.2140
vn 0.3796 0.8940 0.2379
vn 0.2065 0.9754 0.0766
vn 0.1518 0.9883 0.0176
vn -0.0679 0.9813 -0.1803
vn -0.1031 0.9719 -0.2114
vn -0.1618 0.9577 -0.2381
vn -0.3038 0.8961 -0.3235
vn -0.3740 0.8521 -0.3661
vn -0.2346 0.8998 -0.3678
vn -0.3312 0.8471 -0.4157
vn -0.2916 0.8394 -0.4586
vn -0.8352 -0.5445 0.0774
vn 0.0459 -0.6542 -0.7550
vn -0.5903 -0.8067 -0.0276
vn -0.0505 -0.8441 -0.5337
vn -0.0581 -0.9983 -0.0005
vn -0.6420 -0.7571 0.1211
vn 0.1161 -0.7724 -0.6244
vn 0.1775 -0.9176 -0.3557
vn -0.4128 -0.8865 0.2090
vn -0.1170 -0.9899 -0.0799
vn -0.4707 -0.8537 0.2228
vn 0.2063 -0.8836 -0.4202
vn -0.4500 -0.8759 0.1741
vn 0.1977 -0.8985 -0.3920
vn 0.2396 -0.9027 -0.3573
vn -0.4162 -0.8911 0.1808
vn -0.2134 -0.9675 -0.1359
vn 0.6859 -0.7276 -0.0080
vn -0.2205 -0.9733 -0.0641
vn -0.4520 -0.8366 0.3094
vn -0.2511 -0.7569 0.6034
vn 0.1693 -0.8316 -0.5289
vn 0.9444 -0.0660 0.3222
vn 0.9902 -0.0208 0.1383
vn 0.0599 -0.4876 -0.8710
vn -0.0381 -0.0762 -0.9964
vn 0.4581 -0.7830 -0.4208
vn 0.0163 -0.9991 0.0401
vn 0.6946 -0.2548 0.6728
vn 0.6153 -0.7388 -0.2747
vn -0.0381 -0.0761 -0.9964
vn 0.8886 -0.1572 -0.4308
vn 0.6153 -0.7389 -0.2747
vn 0.9564 -0.0768 -0.2816
vn 0.6946 -0.2548 0.6727
vn 0.7169 0.0284 0.6966
vn -0.2456 -0.1276 0.9610
vn -0.4520 -0.8366 0.3095
vn -0.3670 -0.2831 0.8861
vn -0.4219 -0.3436 0.8390
vn -0.4709 -0.4192 0.7762
vn -0.4990 -0.4169 0.7598
vn -0.7395 -0.3770 0.5577
vn -0.4706 -0.8537 0.2228
vn -0.7679 -0.3627 0.5280
vn -0.8601 -0.2695 0.4331
vn -0.4127 -0.8866 0.2090
vn -0.8649 -0.2680 0.4245
vn -0.9670 -0.2056 0.1502
vn -0.9937 -0.1059 -0.0371
vn -0.9896 0.1235 -0.0736
vn -0.7848 0.0954 0.6124
vn 0.9444 -0.0659 0.3222
vn 0.6860 -0.7276 -0.0080
vn 0.8793 -0.3353 -0.3383
vn 0.8405 -0.3848 -0.3815
vn 0.1976 -0.8985 -0.3920
vn 0.6048 -0.4461 -0.6597
vn 0.5639 -0.4282 -0.7062
vn 0.2063 -0.8836 -0.4203
vn 0.4399 -0.2910 -0.8496
vn 0.4274 -0.2844 -0.8582
vn 0.1775 -0.9176 -0.3558
vn 0.1834 -0.1887 -0.9648
vn 0.0110 -0.0884 -0.9960
vn -0.0008 0.0786 -0.9969
vn 0.0459 -0.6541 -0.7550
vn 0.6819 -0.0485 -0.7298
vn -0.6400 0.7589 0.1203
vn -0.4370 0.8265 0.3550
vn -0.4381 0.8263 0.3538
vn -0.1369 0.7975 0.5876
vn -0.1521 0.9476 0.2809
vn -0.1731 0.9677 0.1832
vn -0.1849 0.9809 0.0600
vn -0.3124 0.9349 0.1684
vn -0.3111 0.9108 0.2716
vn -0.1077 0.8746 0.4727
vn 0.1060 0.9762 0.1890
vn -0.1702 0.9257 0.3377
vn -0.2159 0.9573 0.1924
vn -0.2144 0.9155 0.3405
vn -0.1017 0.9821 0.1586
vn -0.0531 0.9938 0.0977
vn -0.0303 0.9992 -0.0266
vn 0.1097 0.9839 -0.1410
vn 0.1313 0.9764 -0.1715
vn -0.1713 0.9734 0.1522
vn -0.1909 0.9815 -0.0177
vn -0.1004 0.9904 0.0953
vn -0.2293 0.9475 0.2227
vn -0.0238 0.9820 0.1876
vn -0.3524 0.9259 0.1364
vn -0.2891 0.9564 0.0421
vn -0.3864 0.8972 0.2140
vn -0.3796 0.8940 0.2379
vn -0.2065 0.9754 0.0766
vn -0.1518 0.9883 0.0176
vn 0.0679 0.9813 -0.1803
vn 0.1031 0.9719 -0.2114
vn 0.1618 0.9577 -0.2381
vn 0.3038 0.8961 -0.3235
vn 0.3740 0.8521 -0.3661
vn 0.2346 0.8998 -0.3678
vn 0.3312 0.8471 -0.4157
vn 0.2916 0.8394 -0.4586
vn -0.0459 -0.6542 -0.7550
vn 0.8352 -0.5445 0.0774
vn 0.5903 -0.8067 -0.0276
vn 0.0505 -0.8441 -0.5337
vn 0.0581 -0.9983 -0.0005
vn 0.6420 -0.7571 0.1211
vn -0.1161 -0.7724 -0.6244
vn -0.1775 -0.9176 -0.3558
vn 0.4128 -0.8865 0.2090
vn 0.1170 -0.9899 -0.0799
vn 0.4707 -0.8537 0.2228
vn -0.2063 -0.8836 -0.4202
vn 0.4500 -0.8759 0.1741
vn -0.1977 -0.8985 -0.3920
vn -0.2397 -0.9027 -0.3573
vn 0.4162 -0.8911 0.1808
vn 0.2134 -0.9675 -0.1359
vn -0.6859 -0.7276 -0.0080
vn 0.2206 -0.9733 -0.0641
vn 0.4520 -0.8366 0.3094
vn 0.2511 -0.7569 0.6034
vn -0.1694 -0.8316 -0.5289
vn -0.9444 -0.0660 0.3222
vn -0.9902 -0.0208 0.1383
vn -0.0599 -0.4876 -0.8710
vn 0.0381 -0.0762 -0.9964
vn -0.4581 -0.7830 -0.4208
vn -0.0163 -0.9991 0.0401
vn -0.6946 -0.2548 0.6728
vn -0.6153 -0.7388 -0.2747
vn 0.0381 -0.0761 -0.9964
vn -0.8886 -0.1572 -0.4308
vn -0.6153 -0.7389 -0.2747
vn -0.9564 -0.0768 -0.2816
vn -0.6946 -0.2548 0.6727
vn -0.7169 0.0284 0.6966
vn 0.2456 -0.1276 0.9610
vn 0.4520 -0.8366 0.3095
vn 0.3670 -0.2831 0.8861
vn 0.4219 -0.3436 0.8390
vn 0.4709 -0.4192 0.7762
vn 0.4990 -0.4169 0.7598
vn 0.7395 -0.3770 0.5577
vn 0.4706 -0.8537 0.2228
vn 0.7679 -0.3627 0.5280
vn 0.8601 -0.2695 0.4331
vn 0.8649 -0.2680 0.4245
vn 0.9670 -0.2057 0.1502
vn 0.9937 -0.1059 -0.0371
vn 0.9896 0.1235 -0.0736
vn 0.7848 0.0954 0.6124
vn -0.6860 -0.7276 -0.0080
vn -0.9444 -0.0659 0.3222
vn -0.8793 -0.3353 -0.3383
vn -0.2396 -0.9027 -0.3573
vn -0.8405 -0.3848 -0.3815
vn -0.1976 -0.8985 -0.3920
vn -0.6048 -0.4461 -0.6597
vn -0.5639 -0.4282 -0.7062
vn -0.2063 -0.8836 -0.4203
vn -0.4399 -0.2910 -0.8496
vn -0.4274 -0.2844 -0.8582
vn -0.1834 -0.1887 -0.9648
vn -0.0109 -0.0884 -0.9960
vn 0.0008 0.0786 -0.9969
vn -0.0459 -0.6541 -0.7550
vn -0.6819 -0.0485 -0.7298
vn 0.2465 0.8988 -0.3625
vn 0.4212 0.7948 0.4369
vn 0.5032 0.7910 0.3479
vn 0.2259 0.9326 0.2814
vn 0.2195 0.9514 0.2158
vn -0.0233 0.9975 0.0667
vn -0.0896 0.9940 0.0626
vn 0.1720 0.9397 0.2955
vn 0.3481 0.7625 0.5454
vn -0.4409 0.8072 0.3924
vn -0.0493 0.9988 -0.0012
vn -0.1235 0.9843 -0.1262
vn -0.1742 0.9832 -0.0545
vn -0.2265 0.9738 0.0175
vn -0.2833 0.9476 -0.1477
vn -0.2038 0.9557 -0.2124
vn -0.3362 0.9399 -0.0596
vn -0.2732 0.9397 -0.2058
vn -0.3252 0.9269 -0.1876
vn -0.3420 0.9301 -0.1343
vn -0.1028 0.9944 0.0237
vn 0.6665 -0.7143 -0.2133
vn -0.0492 -0.8216 0.5679
vn -0.0027 -0.8721 0.4893
vn 0.6124 -0.7750 -0.1561
vn -0.0067 -0.9964 -0.0847
vn -0.1276 -0.9032 0.4098
vn 0.1359 -0.9905 0.0192
vn -0.2062 -0.8425 0.4977
vn 0.4852 -0.8373 -0.2520
vn 0.5488 -0.7666 -0.3335
vn 0.5076 -0.8127 -0.2861
vn -0.1672 -0.8847 0.4352
vn 0.4681 -0.7667 -0.4394
vn 0.2355 -0.9673 0.0944
vn -0.2746 -0.8753 0.3981
vn 0.4479 -0.7519 -0.4837
vn -0.3459 -0.8514 0.3944
vn 0.2041 -0.9766 0.0682
vn -0.0624 -0.9825 -0.1756
vn -0.5123 -0.6548 -0.5557
vn 0.7642 0.1159 -0.6345
vn 0.6665 -0.7144 -0.2133
vn 0.6123 -0.7750 -0.1562
vn 0.9996 0.0268 0.0115
vn 0.9507 -0.1662 -0.2618
vn 0.8628 -0.2392 -0.4455
vn 0.7494 -0.2142 -0.6265
vn 0.4443 -0.1054 -0.8897
vn 0.2373 -0.0399 -0.9706
vn -0.5122 -0.6548 -0.5557
vn -0.7074 -0.1871 -0.6816
vn -0.3459 -0.8514 0.3943
vn -0.8931 -0.2866 0.3466
vn -0.7680 -0.4005 0.4998
vn -0.5268 -0.4257 0.7357
vn -0.1671 -0.8847 0.4352
vn -0.3491 -0.3940 0.8502
vn -0.2062 -0.8425 0.4976
vn -0.1522 -0.3352 0.9298
vn 0.1519 -0.1288 0.9800
vn -0.5606 -0.0878 0.8234
vn 0.0994 -0.3208 0.9419
vn 0.3331 -0.3736 0.8657
vn 0.4230 -0.1417 0.8950
vn 0.5176 -0.4554 0.7243
vn 0.2369 -0.0862 0.9677
vn -0.2029 -0.1298 0.9706
vn 0.0145 0.0057 0.9999
vn -0.3105 0.1641 0.9363
vn 0.0022 0.1956 0.9807
vn 0.0118 0.3688 0.9294
vn -0.2808 0.3762 0.8829
vn -0.2804 0.5731 0.7700
vn 0.3152 0.1662 0.9343
vn 0.4847 0.0988 0.8691
vn 0.5856 -0.1949 0.7868
vn 0.0302 0.5356 0.8439
vn -0.1173 0.7996 0.5890
vn 0.0710 0.6909 0.7194
vn 0.1997 0.8654 0.4596
vn 0.3434 0.4849 0.8043
vn 0.3098 0.3320 0.8910
vn 0.2972 0.7068 0.6420
vn 0.5130 0.2815 0.8109
vn 0.5193 0.4629 0.7184
vn 0.4952 0.6661 0.5577
vn 0.4440 0.8126 0.3775
vn 0.6474 0.7289 0.2228
vn 0.6786 0.3773 0.6302
vn 0.6738 0.5885 0.4468
vn 0.8715 0.4863 0.0630
vn 0.6907 0.2127 0.6912
vn 0.8782 0.0980 0.4682
vn 0.6430 0.0661 0.7630
vn 0.8802 0.2627 0.3952
vn 0.8375 0.4450 0.3171
vn 0.9811 0.1645 0.1014
vn 0.9761 -0.0192 0.2166
vn 0.9348 -0.2166 0.2814
vn 0.8401 -0.0625 0.5388
vn 0.7703 -0.4364 0.4650
vn 0.7551 -0.2269 0.6151
vn -0.3331 -0.3736 0.8657
vn -0.0994 -0.3208 0.9419
vn -0.4230 -0.1417 0.8950
vn -0.5176 -0.4554 0.7243
vn -0.2369 -0.0862 0.9677
vn 0.2029 -0.1298 0.9706
vn -0.0145 0.0057 0.9999
vn 0.3105 0.1641 0.9363
vn -0.0022 0.1955 0.9807
vn -0.0118 0.3688 0.9294
vn 0.2808 0.3762 0.8829
vn 0.2804 0.5731 0.7700
vn -0.3152 0.1662 0.9343
vn -0.4847 0.0988 0.8691
vn -0.5856 -0.1949 0.7868
vn -0.0302 0.5356 0.8439
vn 0.1173 0.7996 0.5890
vn -0.0710 0.6909 0.7194
vn -0.1997 0.8654 0.4596
vn -0.3434 0.4849 0.8043
vn -0.3098 0.3320 0.8910
vn -0.2972 0.7068 0.6420
vn -0.5130 0.2820 0.8107
vn -0.5193 0.4629 0.7184
vn -0.4952 0.6661 0.5577
vn -0.4440 0.8126 0.3775
vn -0.6474 0.7289 0.2228
vn -0.6786 0.3773 0.6302
vn -0.6738 0.5885 0.4468
vn -0.8715 0.4863 0.0630
vn -0.6907 0.2127 0.6912
vn -0.8782 0.0980 0.4682
vn -0.6430 0.0661 0.7630
vn -0.8802 0.2627 0.3952
vn -0.8375 0.4450 0.3171
vn -0.9811 0.1645 0.1014
vn -0.9761 -0.0192 0.2166
vn -0.9348 -0.2166 0.2814
vn -0.8401 -0.0625 0.5388
vn -0.7703 -0.4364 0.4650
vn -0.7551 -0.2269 0.6151
vn -0.6653 0.1783 -0.7250
vn 0.0000 0.1335 -0.9910
vn -0.0000 -0.5135 -0.8581
vn 0.6653 0.1783 -0.7250
vn -0.6474 -0.4312 -0.6285
vn -0.9627 0.2683 -0.0343
vn 0.6474 -0.4312 -0.6285
vn 0.9627 0.2683 -0.0343
vn -0.9341 -0.3569 -0.0019
vn -0.6713 0.3639 0.6457
vn 0.0000 -0.6022 -0.7984
vn 0.9341 -0.3570 -0.0019
vn 0.6713 0.3639 0.6457
vn -0.6877 -0.2569 0.6790
vn -0.0000 0.4060 0.9139
vn -0.6026 -0.5528 -0.5756
vn 0.6877 -0.2569 0.6790
vn 0.0000 -0.2125 0.9772
vn -0.8938 -0.4483 0.0069
vn -0.6640 -0.3128 0.6792
vn 0.0000 -0.2483 0.9687
vn 0.6640 -0.3128 0.6792
vn 0.8938 -0.4483 0.0069
vn 0.6026 -0.5528 -0.5756
vn -0.0000 -0.0211 -0.9998
vn -0.7163 0.0141 -0.6976
vn -0.9953 0.0952 0.0171
vn -0.6890 0.1703 0.7045
vn 0.0000 0.1996 0.9799
vn 0.6890 0.1703 0.7045
vn 0.9953 0.0952 0.0171
vn 0.7163 0.0141 -0.6976
vn 0.0000 0.1696 -0.9855
vn -0.7041 0.1615 -0.6915
vn -0.9897 0.1424 0.0134
vn 0.7041 0.1615 -0.6915
vn 0.9897 0.1425 0.0134
vn 0.0000 0.2460 -0.9693
vn -0.6945 0.1246 0.7086
vn 0.6945 0.1246 0.7086
vn -0.6930 0.2132 -0.6887
vn 0.6930 0.2132 -0.6887
vn 0.0000 0.1176 0.9931
vn -0.9913 0.1315 0.0064
vn 0.0000 0.2081 -0.9781
vn 0.9913 0.1315 0.0064
vn -0.7018 0.0492 0.7106
vn -0.6933 0.1674 -0.7009
vn 0.6933 0.1674 -0.7009
vn 0.7018 0.0492 0.7106
vn -0.0000 0.0155 0.9999
vn -0.9979 0.0643 -0.0057
vn 0.0000 0.0382 -0.9993
vn 0.9979 0.0643 -0.0057
vn -0.7083 -0.0429 0.7046
vn -0.6988 0.0023 -0.7154
vn 0.6988 0.0023 -0.7154
vn 0.7083 -0.0429 0.7046
vn -0.0000 -0.0874 0.9962
vn -0.9956 -0.0927 -0.0111
vn -0.0000 -0.4712 -0.8820
vn 0.9956 -0.0927 -0.0111
vn -0.6965 -0.1939 0.6908
vn -0.6115 -0.4811 -0.6282
vn 0.6115 -0.4811 -0.6282
vn 0.6965 -0.1939 0.6908
vn -0.0000 -0.2357 0.9718
vn -0.8572 -0.5149 -0.0104
vn 0.0000 -0.8745 -0.4851
vn 0.8572 -0.5149 -0.0104
vn -0.5873 -0.5606 0.5839
vn -0.3460 -0.8738 -0.3417
vn 0.0000 -0.9999 0.0119
vn 0.3460 -0.8738 -0.3417
vn -0.4878 -0.8729 0.0109
vn 0.5873 -0.5606 0.5839
vn 0.4878 -0.8729 0.0114
vn 0.0000 -0.5818 0.8133
vn -0.3351 -0.8733 0.3536
vn 0.3351 -0.8733 0.3536
vn 0.0000 -0.8739 0.4862
vn -0.0000 -0.8502 0.5265
vn 0.0000 0.1514 0.9885
vn -0.2209 -0.8246 0.5208
vn 0.2209 -0.8246 0.5208
vn 0.0450 0.0656 0.9968
vn -0.4162 -0.7428 0.5244
vn 0.0982 0.0416 0.9943
vn -0.6154 -0.5738 0.5405
vn -0.0450 0.0656 0.9968
vn 0.4162 -0.7428 0.5244
vn -0.0982 0.0416 0.9943
vn 0.6154 -0.5738 0.5405
vn 0.3477 0.6537 0.6721
vn 0.0951 0.0636 0.9934
vn -0.7535 -0.3581 0.5513
vn -0.3477 0.6537 0.6721
vn -0.0951 0.0635 0.9934
vn 0.7535 -0.3581 0.5513
vn 0.6791 0.2828 0.6774
vn 0.1216 -0.0088 0.9925
vn -0.8350 -0.0440 0.5485
vn -0.0000 0.7562 0.6543
vn -0.6791 0.2828 0.6774
vn -0.1216 -0.0088 0.9925
vn 0.8350 -0.0440 0.5485
vn 0.1667 -0.0440 0.9850
vn -0.7841 0.2843 0.5517
vn -0.1667 -0.0440 0.9850
vn 0.7841 0.2843 0.5517
vn 0.7454 -0.0001 0.6666
vn 0.5560 -0.3408 0.7581
vn 0.1451 -0.1214 0.9819
vn -0.5865 0.5746 0.5708
vn -0.7454 -0.0000 0.6666
vn -0.5560 -0.3408 0.7581
vn -0.1451 -0.1214 0.9819
vn 0.5865 0.5746 0.5708
vn 0.6518 -0.3317 0.6820
vn 0.1241 -0.1838 0.9751
vn -0.3028 0.7584 0.5772
vn 0.4813 -0.5722 0.6640
vn 0.2067 -0.7259 0.6560
vn 0.0782 -0.2260 0.9710
vn 0.0000 -0.2509 0.9680
vn 0.0000 0.8139 0.5810
vn 0.3028 0.7584 0.5772
vn -0.1241 -0.1838 0.9751
vn -0.0000 -0.7635 0.6459
vn -0.0782 -0.2260 0.9710
vn -0.2067 -0.7259 0.6560
vn -0.4813 -0.5722 0.6640
vn -0.6518 -0.3317 0.6820
vn 0.0000 -0.6452 0.7640
vn 0.5660 0.3858 0.7286
vn -0.5660 0.3858 0.7286
vn 0.0000 0.5968 0.8024
vn -0.0001 0.0405 -0.9992
vn -0.3360 0.1634 -0.9276
vn -0.0006 -0.0428 -0.9991
vn 0.3361 0.1631 -0.9276
vn -0.4687 0.0468 -0.8821
vn -0.0009 0.4342 -0.9008
vn -0.4674 0.4882 -0.7370
vn 0.4679 0.0480 -0.8825
vn 0.4675 0.4883 -0.7369
vn -0.6143 0.3703 -0.6967
vn -0.2946 0.8056 -0.5140
vn 0.6148 0.3703 -0.6964
vn 0.2946 0.8056 -0.5140
vn -0.3657 0.7393 -0.5654
vn 0.0000 0.8978 -0.4403
vn 0.3657 0.7394 -0.5654
vn -0.0000 0.8101 -0.5863
vn -0.8786 -0.3113 -0.3621
vn -0.7050 -0.5920 -0.3905
vn -0.4161 -0.7428 0.5244
vn -0.5112 -0.7735 -0.3747
vn -0.2376 -0.9009 -0.3633
vn -0.0000 -0.8501 0.5266
vn -0.6687 -0.6367 -0.3841
vn -0.8860 -0.3004 -0.3532
vn -0.4022 -0.8393 -0.3658
vn -0.0000 -0.9183 -0.3958
vn -0.0000 -0.9051 -0.4251
vn 0.2376 -0.9009 -0.3633
vn 0.5112 -0.7735 -0.3747
vn 0.4161 -0.7428 0.5244
vn 0.4022 -0.8393 -0.3658
vn 0.7050 -0.5921 -0.3905
vn 0.6687 -0.6367 -0.3841
vn 0.8786 -0.3113 -0.3621
vn 0.4105 -0.9025 0.1301
vn 0.8860 -0.3004 -0.3532
vn 0.6337 -0.7310 0.2531
vn 0.9239 0.0520 -0.3792
vn 0.9300 0.0703 -0.3607
vn 0.8130 0.4152 -0.4081
vn 0.8135 -0.4266 0.3954
vn 0.7847 0.4727 -0.4011
vn 0.8464 0.3354 0.4138
vn 0.8800 -0.1189 0.4598
vn 0.5768 0.6831 -0.4480
vn 0.5667 0.6997 -0.4350
vn 0.2860 0.8387 -0.4635
vn 0.2765 0.8207 -0.5000
vn 0.0000 0.8873 -0.4612
vn 0.0000 0.8570 -0.5154
vn 0.6624 0.7296 0.1699
vn -0.2859 0.8387 -0.4635
vn -0.5768 0.6831 -0.4480
vn 0.3349 0.9207 0.2005
vn 0.3007 0.4749 0.8271
vn -0.2765 0.8207 -0.5000
vn -0.0001 0.9595 0.2816
vn -0.8130 0.4152 -0.4081
vn -0.5638 0.6985 -0.4407
vn -0.9238 0.0521 -0.3793
vn -0.7845 0.4677 -0.4071
vn -0.8486 0.3482 0.3983
vn -0.9286 0.0773 -0.3629
vn -0.3348 0.9208 0.2001
vn -0.2979 0.4724 0.8295
vn -0.6594 0.7335 0.1651
vn -0.8768 -0.1139 0.4672
vn -0.0001 0.4888 0.8724
vn -0.8134 -0.4266 0.3955
vn -0.0000 0.5243 0.8515
vn -0.6337 -0.7310 0.2532
vn -0.4105 -0.9025 0.1301
vn -0.0000 -0.9977 0.0679
vn 0.0000 -0.9090 0.4169
vn -0.3285 -0.8474 0.4172
vn -0.0000 -0.9365 0.3506
vn 0.3285 -0.8474 0.4171
vn -0.5110 -0.7387 0.4395
vn 0.5110 -0.7388 0.4395
vn -0.3144 -0.8821 0.3508
vn 0.3144 -0.8821 0.3508
vn -0.7035 -0.5343 0.4687
vn -0.5193 -0.7953 0.3127
vn -0.8298 -0.2599 0.4939
vn -0.7483 -0.5965 0.2902
vn -0.8178 0.0073 0.5755
vn -0.5522 -0.8268 0.1068
vn -0.3080 -0.9419 0.1342
vn -0.7993 -0.5968 0.0697
vn -0.9169 -0.3118 0.2490
vn -0.9436 -0.3280 0.0453
vn -0.7989 -0.5934 -0.0987
vn -0.9546 -0.0504 0.2937
vn -0.5538 -0.8279 -0.0894
vn -0.9938 -0.1040 0.0383
vn -0.7891 0.1602 0.5931
vn -0.9564 0.1466 0.2525
vn -0.6664 0.3243 0.6713
vn -0.9295 -0.3422 -0.1377
vn -0.7590 -0.5778 -0.3002
vn -0.9772 -0.1289 -0.1688
vn -0.8814 -0.3357 -0.3322
vn -0.5162 -0.8009 -0.3035
vn -0.6940 -0.5415 -0.4744
vn -0.3127 -0.9444 -0.1013
vn 0.0000 -0.9936 -0.1131
vn -0.2945 -0.8914 -0.3446
vn -0.4578 -0.7340 -0.5017
vn 0.0000 -0.9884 0.1520
vn 0.3080 -0.9419 0.1342
vn -0.2708 -0.7850 -0.5572
vn -0.4587 -0.5575 -0.6919
vn -0.0000 -0.9313 -0.3644
vn -0.5048 -0.3842 -0.7730
vn -0.2585 -0.5983 -0.7584
vn 0.0000 -0.8073 -0.5902
vn -0.7631 -0.3412 -0.5488
vn -0.9232 -0.1374 -0.3590
vn 0.2945 -0.8914 -0.3446
vn 0.2708 -0.7850 -0.5572
vn 0.3127 -0.9444 -0.1013
vn 0.0000 -0.6113 -0.7914
vn -0.2563 -0.4049 -0.8777
vn 0.2585 -0.5983 -0.7584
vn -0.5354 -0.1964 -0.8215
vn -0.7955 -0.1585 -0.5849
vn -0.2591 -0.2189 -0.9407
vn -0.0000 -0.2238 -0.9746
vn 0.0000 -0.4122 -0.9111
vn 0.2563 -0.4049 -0.8777
vn -0.5342 0.0643 -0.8429
vn -0.7954 0.0827 -0.6004
vn -0.2827 0.0434 -0.9582
vn -0.9211 0.1002 -0.3761
vn -0.4904 0.2754 -0.8269
vn -0.9772 0.1113 -0.1805
vn -0.7584 0.2896 -0.5840
vn -0.9920 0.1211 0.0361
vn -0.8726 0.3138 -0.3743
vn -0.9267 0.3318 -0.1763
vn -0.9403 0.3380 0.0412
vn -0.9107 0.3335 0.2438
vn -0.7803 0.6215 0.0703
vn -0.7861 0.6004 -0.1467
vn -0.8281 0.2129 0.5186
vn -0.6910 0.4953 -0.5265
vn -0.7539 0.5572 -0.3481
vn -0.4647 0.4898 -0.7377
vn -0.4350 0.7271 -0.5312
vn -0.5020 0.7857 -0.3616
vn -0.3359 0.1634 -0.9276
vn -0.0000 0.0405 -0.9992
vn -0.2771 0.8853 -0.3734
vn 0.0000 0.8979 -0.4403
vn -0.5465 0.8275 -0.1292
vn -0.0000 -0.0274 -0.9996
vn 0.2827 0.0434 -0.9582
vn 0.3361 0.1632 -0.9276
vn 0.2591 -0.2189 -0.9407
vn 0.4902 0.2756 -0.8269
vn 0.5048 -0.3842 -0.7730
vn 0.5342 0.0643 -0.8429
vn 0.4587 -0.5575 -0.6919
vn 0.4578 -0.7340 -0.5017
vn 0.6940 -0.5415 -0.4744
vn 0.5162 -0.8009 -0.3035
vn 0.5354 -0.1964 -0.8215
vn 0.5538 -0.8279 -0.0894
vn 0.7631 -0.3412 -0.5488
vn 0.7955 -0.1585 -0.5849
vn 0.7590 -0.5778 -0.3002
vn 0.5522 -0.8268 0.1068
vn 0.7954 0.0827 -0.6004
vn 0.8814 -0.3357 -0.3322
vn 0.9232 -0.1373 -0.3590
vn 0.7988 -0.5934 -0.0987
vn 0.5193 -0.7953 0.3127
vn 0.9295 -0.3422 -0.1377
vn 0.9772 -0.1289 -0.1688
vn 0.9211 0.1002 -0.3761
vn 0.7993 -0.5968 0.0697
vn 0.9436 -0.3280 0.0453
vn 0.7034 -0.5343 0.4687
vn 0.7483 -0.5964 0.2903
vn 0.8301 -0.2621 0.4922
vn 0.9169 -0.3118 0.2492
vn 0.9938 -0.1040 0.0383
vn 0.8155 0.0069 0.5787
vn 0.9533 -0.0487 0.2981
vn 0.9772 0.1113 -0.1805
vn 0.7886 0.1570 0.5946
vn 0.9564 0.1466 0.2525
vn 0.6576 0.3246 0.6799
vn 0.9920 0.1211 0.0361
vn 0.8726 0.3138 -0.3743
vn 0.9267 0.3318 -0.1763
vn 0.9403 0.3380 0.0412
vn 0.7584 0.2896 -0.5840
vn 0.4647 0.4898 -0.7376
vn 0.6910 0.4953 -0.5265
vn 0.4349 0.7271 -0.5312
vn 0.7539 0.5572 -0.3481
vn 0.7861 0.6004 -0.1467
vn 0.7803 0.6215 0.0703
vn 0.2771 0.8853 -0.3734
vn 0.5020 0.7857 -0.3616
vn 0.5465 0.8275 -0.1292
vn 0.0000 0.9349 -0.3550
vn 0.9107 0.3335 0.2438
vn 0.2826 0.9516 -0.1211
vn -0.2826 0.9516 -0.1211
vn -0.0000 0.9930 -0.1184
vn 0.2851 0.9556 0.0750
vn 0.5462 0.8337 0.0811
vn -0.2851 0.9556 0.0750
vn 0.0000 0.9973 0.0733
vn -0.5462 0.8337 0.0811
vn 0.7712 0.5963 0.2228
vn 0.2721 0.9303 0.2461
vn -0.2720 0.9303 0.2460
vn -0.7712 0.5963 0.2228
vn 0.5434 0.7996 0.2558
vn 0.0000 0.9578 0.2875
vn -0.5434 0.7996 0.2558
vn -0.7432 0.4707 0.4755
vn 0.7432 0.4707 0.4755
vn 0.1906 0.8680 0.4586
vn -0.1906 0.8680 0.4585
vn -0.8061 0.3183 0.4988
vn 0.0000 0.8790 0.4768
vn -0.5453 0.2841 0.7886
vn -0.5630 0.2700 0.7811
vn -0.5330 0.3167 0.7846
vn -0.5453 0.3675 0.7534
vn -0.5832 0.2596 0.7697
vn -0.5621 0.3960 0.7261
vn -0.5713 0.6588 0.4895
vn -0.5855 0.2433 0.7733
vn -0.6311 0.4608 0.6240
vn -0.6027 0.3554 0.7144
vn -0.3891 0.6936 0.6062
vn -0.5936 0.2095 0.7770
vn -0.6310 0.4931 0.5989
vn -0.6406 0.2552 0.7242
vn -0.3325 0.5383 0.7744
vn -0.6237 0.1830 0.7599
vn -0.5171 0.3753 0.7692
vn -0.6418 0.1987 0.7407
vn -0.4048 0.3511 0.8443
vn -0.1091 0.7112 0.6944
vn -0.1326 0.4869 0.8633
vn 0.0000 0.7404 0.6721
vn 0.1091 0.7112 0.6944
vn 0.1305 0.4879 0.8631
vn 0.4026 0.3526 0.8447
vn 0.3325 0.5383 0.7744
vn 0.5137 0.3703 0.7739
vn 0.3891 0.6936 0.6062
vn 0.6305 0.4863 0.6050
vn 0.5713 0.6588 0.4895
vn 0.6324 0.4536 0.6280
vn 0.6416 0.1983 0.7409
vn 0.6419 0.2579 0.7221
vn 0.6237 0.1830 0.7599
vn 0.6056 0.3547 0.7124
vn 0.5936 0.2095 0.7770
vn 0.5607 0.4007 0.7246
vn 0.5855 0.2433 0.7733
vn 0.5420 0.3721 0.7535
vn 0.5832 0.2596 0.7697
vn 0.5325 0.3207 0.7833
vn 0.5630 0.2700 0.7811
vn 0.8281 0.2129 0.5186
vn 0.5453 0.2841 0.7886
vn 0.8061 0.3183 0.4988
vn -0.0000 0.8528 0.5222
vn 0.5222 0.8528 -0.0000
vn -0.0000 1.0000 0.0000
vn -0.5222 0.8528 -0.0000
vn 0.0000 0.8528 -0.5222
vn 0.5774 0.5773 0.5774
vn 0.5774 0.5773 -0.5774
vn 0.8528 0.5222 -0.0000
vn -0.5774 0.5773 0.5774
vn -0.0000 0.5222 0.8528
vn -0.5774 0.5773 -0.5774
vn 0.0000 0.5222 -0.8528
vn -0.8528 0.5222 -0.0000
vn 0.8529 0.0000 0.5221
vn 0.5221 0.0000 0.8529
vn 0.8529 0.0000 -0.5221
vn 0.5221 0.0000 -0.8529
vn 1.0000 -0.0000 -0.0000
vn 0.8528 -0.5222 -0.0000
vn 0.5772 -0.5777 0.5772
vn 0.5774 -0.5773 -0.5774
vn 0.5222 -0.8528 -0.0000
vn -0.5221 0.0000 -0.8529
vn 0.0000 0.0000 -1.0000
vn 0.0000 -0.5222 -0.8528
vn -0.8529 0.0000 -0.5221
vn 0.0000 -0.8528 -0.5222
vn -0.5774 -0.5773 -0.5774
vn -0.0000 -0.8528 0.5222
vn -0.0000 -1.0000 -0.0000
vn -0.5222 -0.8528 0.0000
vn -0.8528 -0.5222 -0.0000
vn -1.0000 0.0000 -0.0000
vn -0.8529 0.0000 0.5221
vn -0.5774 -0.5773 0.5774
vn -0.0000 -0.5222 0.8528
vn -0.5221 0.0000 0.8529
vn 0.0000 0.0000 1.0000
usemtl Peashooter
s 1
f 1/1/1 2/2/1 3/3/2
f 4/4/3 1/1/1 3/3/2
f 3/3/2 5/5/4 4/4/3
f 5/5/4 6/6/5 4/4/3
f 6/6/5 5/5/4 7/7/6
f 8/8/7 6/6/5 7/7/6
f 5/5/4 3/3/2 9/9/8
f 5/5/4 9/9/8 7/7/6
f 3/3/2 10/10/9 9/9/8
f 11/11/10 10/10/9 3/3/2
f 12/12/10 11/11/10 3/3/2
f 9/9/8 13/13/11 7/7/6
f 13/13/11 14/14/12 7/7/6
f 8/8/7 7/7/6 15/15/13
f 14/14/12 15/15/13 7/7/6
f 16/16/14 8/8/7 15/15/13
f 15/15/13 14/14/12 17/17/15
f 16/16/14 15/15/13 17/17/15
f 14/14/12 18/18/16 17/17/15
f 19/19/17 16/16/14 17/17/15
f 18/18/16 20/20/18 17/17/15
f 19/19/17 17/17/15 21/21/19
f 20/20/18 21/21/19 17/17/15
f 22/22/20 19/19/17 21/21/19
f 23/23/21 21/21/19 20/20/18
f 23/23/21 22/22/20 21/21/19
f 24/24/22 25/25/23 26/26/24
f 25/25/23 27/27/25 26/26/24
f 26/26/24 27/27/25 28/28/26
f 26/26/24 28/28/26 29/29/27
f 28/28/26 30/30/28 29/29/27
f 30/30/28 31/31/29 29/29/27
f 28/28/26 27/27/25 32/32/30
f 30/30/28 28/28/26 32/32/30
f 33/33/31 30/30/28 32/32/30
f 33/33/31 34/34/32 30/30/28
f 35/35/33 31/31/29 30/30/28
f 34/34/32 36/36/34 30/30/28
f 30/30/28 37/37/35 35/35/33
f 36/36/34 37/37/35 30/30/28
f 37/37/35 38/38/36 35/35/33
f 36/36/34 39/39/37 37/37/35
f 38/38/36 37/37/35 40/40/38
f 39/39/37 41/41/39 37/37/35
f 37/37/35 41/41/39 40/40/38
f 41/41/39 39/39/37 42/42/40
f 40/40/38 41/41/39 42/42/40
f 39/39/37 43/43/41 42/42/40
f 43/43/41 40/40/38 42/42/40
f 44/44/42 45/45/43 46/46/44
f 45/45/43 47/47/45 46/46/44
f 48/48/30 46/46/44 47/47/45
f 49/49/46 48/48/30 47/47/45
f 48/48/30 49/49/46 50/50/47
f 51/51/31 48/48/30 50/50/47
f 50/50/47 52/52/48 51/51/31
f 52/52/48 53/53/32 51/51/31
f 53/53/32 52/52/48 54/54/49
f 55/55/50 53/53/32 54/54/49
f 54/54/49 56/56/51 55/55/50
f 56/56/51 57/57/52 55/55/50
f 58/58/53 57/57/52 56/56/51
f 59/59/54 58/58/53 56/56/51
f 58/58/53 59/59/54 60/60/55
f 59/59/54 61/61/56 60/60/55
f 60/60/55 61/61/56 62/62/57
f 63/63/36 60/60/55 62/62/57
f 63/63/36 62/62/57 64/64/58
f 65/65/59 63/63/36 64/64/58
f 64/64/58 66/66/60 65/65/59
f 66/66/60 67/67/61 65/65/59
f 67/67/61 66/66/60 68/68/62
f 69/69/27 67/67/61 68/68/62
f 70/70/24 69/69/27 68/68/62
f 71/71/63 70/70/24 68/68/62
f 70/70/24 71/71/63 72/72/22
f 71/71/63 73/73/64 72/72/22
f 74/74/65 75/75/66 76/76/67
f 75/75/66 77/77/68 76/76/67
f 77/77/68 78/78/69 76/76/67
f 78/78/69 79/79/69 76/76/67
f 80/80/70 81/81/71 82/82/72
f 82/82/72 83/83/73 80/80/70
f 83/83/73 82/82/72 84/84/74
f 84/84/74 82/82/72 85/85/75
f 86/86/76 84/84/74 85/85/75
f 86/86/76 87/87/77 84/84/74
f 84/84/74 87/87/77 88/88/78
f 87/87/77 89/89/79 88/88/78
f 89/89/79 90/90/80 88/88/78
f 90/90/80 91/91/81 88/88/78
f 91/91/81 92/92/82 88/88/78
f 91/91/81 93/93/83 92/92/82
f 93/93/83 94/94/84 92/92/82
f 83/83/73 95/95/85 80/80/70
f 96/96/86 80/80/70 95/95/85
f 97/97/87 96/96/86 95/95/85
f 97/97/87 95/95/85 98/98/88
f 98/98/88 95/95/85 83/83/73
f 99/99/89 97/97/87 98/98/88
f 100/100/90 98/98/88 83/83/73
f 101/101/91 100/100/90 83/83/73
f 84/84/74 101/101/91 83/83/73
f 102/102/92 101/101/91 84/84/74
f 103/103/93 102/102/92 84/84/74
f 88/88/78 103/103/93 84/84/74
f 104/104/94 103/103/93 88/88/78
f 105/105/95 104/104/94 88/88/78
f 92/92/82 105/105/95 88/88/78
f 106/106/96 105/105/95 92/92/82
f 107/107/97 106/106/96 92/92/82
f 108/108/98 107/107/97 92/92/82
f 94/94/84 108/108/98 92/92/82
f 109/109/99 107/107/97 108/108/98
f 110/110/100 109/109/99 108/108/98
f 111/111/101 108/108/98 94/94/84
f 112/112/102 110/110/100 108/108/98
f 112/112/102 108/108/98 111/111/101
f 113/113/103 112/112/102 111/111/101
f 114/114/104 115/115/105 116/116/106
f 115/115/105 117/117/107 116/116/106
f 117/117/107 118/118/108 116/116/106
f 116/116/106 118/118/108 119/119/109
f 120/120/110 118/118/108 117/117/107
f 120/120/110 121/121/111 118/118/108
f 118/118/108 122/122/112 119/119/109
f 118/118/108 123/123/113 122/122/112
f 123/123/113 124/124/114 122/122/112
f 118/118/108 121/121/111 125/125/115
f 123/123/113 118/118/108 125/125/115
f 123/123/113 126/126/116 124/124/114
f 125/125/115 127/127/117 123/123/113
f 127/127/117 128/128/118 123/123/113
f 129/129/119 126/126/116 123/123/113
f 128/128/118 130/130/120 123/123/113
f 130/130/120 129/129/119 123/123/113
f 128/128/118 131/131/121 130/130/120
f 130/130/120 132/132/122 129/129/119
f 132/132/122 133/133/123 129/129/119
f 134/134/124 133/133/123 132/132/122
f 131/131/121 135/135/125 130/130/120
f 135/135/125 132/132/122 130/130/120
f 135/135/125 131/131/121 136/136/126
f 137/137/127 135/135/125 136/136/126
f 138/138/128 135/135/125 137/137/127
f 139/139/129 138/138/128 137/137/127
f 138/138/128 140/140/130 135/135/125
f 140/140/130 132/132/122 135/135/125
f 141/141/131 134/134/124 132/132/122
f 141/141/131 132/132/122 140/140/130
f 142/142/132 134/134/124 141/141/131
f 143/143/133 141/141/131 140/140/130
f 142/142/132 141/141/131 143/143/133
f 144/144/130 145/145/128 146/146/134
f 147/147/135 144/144/130 146/146/134
f 148/148/136 144/144/130 147/147/135
f 149/149/137 148/148/136 147/147/135
f 150/150/138 148/148/136 149/149/137
f 151/151/139 150/150/138 149/149/137
f 150/150/138 151/151/139 152/152/124
f 151/151/139 153/153/140 152/152/124
f 154/154/141 152/152/124 153/153/140
f 155/155/142 154/154/141 153/153/140
f 154/154/141 155/155/142 156/156/119
f 155/155/142 157/157/143 156/156/119
f 158/158/144 156/156/119 157/157/143
f 159/159/116 156/156/119 158/158/144
f 160/160/145 159/159/116 158/158/144
f 161/161/146 159/159/116 160/160/145
f 159/159/116 161/161/146 162/162/147
f 161/161/146 163/163/148 162/162/147
f 163/163/148 164/164/149 162/162/147
f 162/162/147 164/164/149 165/165/150
f 164/164/149 166/166/151 165/165/150
f 166/166/151 167/167/152 165/165/150
f 168/168/109 165/165/150 167/167/152
f 169/169/153 168/168/109 167/167/152
f 169/169/153 170/170/154 168/168/109
f 170/170/154 171/171/106 168/168/109
f 170/170/154 172/172/155 171/171/106
f 172/172/155 173/173/104 171/171/106
f 174/174/156 175/175/157 176/176/158
f 175/175/157 177/177/118 176/176/158
f 176/176/158 177/177/118 178/178/159
f 177/177/118 179/179/160 178/178/159
f 178/178/159 179/179/160 180/180/161
f 180/180/161 179/179/160 181/181/162
f 179/179/160 182/182/163 181/181/162
f 183/183/164 181/181/162 182/182/163
f 183/183/164 182/182/163 184/184/165
f 182/182/163 185/185/166 184/184/165
f 186/186/167 184/184/165 185/185/166
f 187/187/168 186/186/167 185/185/166
f 188/188/110 187/187/168 185/185/166
f 189/189/169 187/187/168 188/188/110
f 190/190/107 189/189/169 188/188/110
f 189/189/169 190/190/107 191/191/170
f 192/192/171 189/189/169 191/191/170
f 193/193/172 194/194/172 195/195/173
f 196/196/174 193/193/172 195/195/173
f 197/197/175 196/196/174 195/195/173
f 198/198/175 197/197/175 195/195/173
f 199/199/176 200/200/177 201/201/178
f 201/201/178 202/202/179 199/199/176
f 199/199/176 202/202/179 203/203/180
f 199/199/176 203/203/180 204/204/181
f 203/203/180 205/205/182 204/204/181
f 206/206/183 205/205/182 203/203/180
f 206/206/183 203/203/180 207/207/184
f 208/208/185 206/206/183 207/207/184
f 209/209/186 208/208/185 207/207/184
f 210/210/187 209/209/186 207/207/184
f 211/211/188 210/210/187 207/207/184
f 212/212/189 210/210/187 211/211/188
f 213/213/190 212/212/189 211/211/188
f 201/201/178 214/214/191 202/202/179
f 201/201/178 215/215/192 214/214/191
f 215/215/192 216/216/193 214/214/191
f 214/214/191 216/216/193 217/217/194
f 214/214/191 217/217/194 202/202/179
f 216/216/193 218/218/195 217/217/194
f 217/217/194 219/219/196 202/202/179
f 219/219/196 220/220/197 202/202/179
f 220/220/197 203/203/180 202/202/179
f 220/220/197 221/221/198 203/203/180
f 221/221/198 222/222/199 203/203/180
f 222/222/199 207/207/184 203/203/180
f 222/222/199 223/223/200 207/207/184
f 223/223/200 224/224/201 207/207/184
f 224/224/201 211/211/188 207/207/184
f 224/224/201 225/225/202 211/211/188
f 225/225/202 226/226/203 211/211/188
f 226/226/203 227/227/204 211/211/188
f 227/227/204 213/213/190 211/211/188
f 226/226/203 228/228/205 227/227/204
f 228/228/205 229/229/206 227/227/204
f 227/227/204 230/230/207 213/213/190
f 229/229/206 231/231/208 227/227/204
f 227/227/204 231/231/208 230/230/207
f 231/231/208 232/232/209 230/230/207
f 233/233/210 234/234/211 235/235/212
f 236/236/213 233/233/210 235/235/212
f 237/237/214 236/236/213 235/235/212
f 237/237/214 235/235/212 238/238/215
f 237/237/214 239/239/216 236/236/213
f 240/240/217 239/239/216 237/237/214
f 241/241/218 237/237/214 238/238/215
f 242/242/219 237/237/214 241/241/218
f 243/243/220 242/242/219 241/241/218
f 240/240/217 237/237/214 244/244/221
f 237/237/214 242/242/219 244/244/221
f 245/245/222 242/242/219 243/243/220
f 246/246/223 244/244/221 242/242/219
f 247/247/224 246/246/223 242/242/219
f 245/245/222 248/248/225 242/242/219
f 249/249/226 247/247/224 242/242/219
f 248/248/225 249/249/226 242/242/219
f 250/250/227 247/247/224 249/249/226
f 251/251/228 249/249/226 248/248/225
f 252/252/229 251/251/228 248/248/225
f 252/252/229 253/253/230 251/251/228
f 254/254/231 250/250/227 249/249/226
f 251/251/228 254/254/231 249/249/226
f 250/250/227 254/254/231 255/255/232
f 254/254/231 256/256/233 255/255/232
f 254/254/231 257/257/234 256/256/233
f 257/257/234 258/258/235 256/256/233
f 259/259/236 257/257/234 254/254/231
f 251/251/228 259/259/236 254/254/231
f 253/253/230 260/260/237 251/251/228
f 251/251/228 260/260/237 259/259/236
f 253/253/230 261/261/238 260/260/237
f 260/260/237 262/262/239 259/259/236
f 260/260/237 261/261/238 262/262/239
f 263/263/234 264/264/236 265/265/240
f 264/264/236 266/266/241 265/265/240
f 264/264/236 267/267/242 266/266/241
f 267/267/242 268/268/243 266/266/241
f 267/267/242 269/269/244 268/268/243
f 269/269/244 270/270/245 268/268/243
f 270/270/245 269/269/244 271/271/230
f 272/272/246 270/270/245 271/271/230
f 271/271/230 273/273/247 272/272/246
f 273/273/247 274/274/248 272/272/246
f 274/274/248 273/273/247 275/275/225
f 276/276/249 274/274/248 275/275/225
f 275/275/225 277/277/250 276/276/249
f 275/275/225 278/278/222 277/277/250
f 278/278/222 279/279/251 277/277/250
f 278/278/222 280/280/252 279/279/251
f 280/280/252 278/278/222 281/281/253
f 282/282/254 280/280/252 281/281/253
f 283/283/255 282/282/254 281/281/253
f 283/283/255 281/281/253 284/284/218
f 285/285/256 283/283/255 284/284/218
f 286/286/257 285/285/256 284/284/218
f 284/284/218 287/287/215 286/286/257
f 287/287/215 288/288/258 286/286/257
f 289/289/259 288/288/258 287/287/215
f 290/290/212 289/289/259 287/287/215
f 291/291/260 289/289/259 290/290/212
f 292/292/211 291/291/260 290/290/212
f 293/293/261 294/294/262 295/295/263
f 296/296/264 293/293/261 295/295/263
f 296/296/264 295/295/263 297/297/265
f 298/298/266 296/296/264 297/297/265
f 298/298/266 297/297/265 299/299/267
f 298/298/266 299/299/267 300/300/268
f 301/301/269 298/298/266 300/300/268
f 300/300/268 302/302/270 301/301/269
f 301/301/269 302/302/270 303/303/271
f 304/304/217 301/301/269 303/303/271
f 303/303/271 305/305/272 304/304/217
f 305/305/272 306/306/273 304/304/217
f 306/306/273 307/307/216 304/304/217
f 306/306/273 308/308/274 307/307/216
f 308/308/274 309/309/213 307/307/216
f 309/309/213 308/308/274 310/310/275
f 308/308/274 311/311/276 310/310/275
f 312/312/277 313/313/277 314/314/278
f 313/313/277 315/315/279 314/314/278
f 316/316/280 314/314/278 315/315/279
f 317/317/281 316/316/280 315/315/279
f 316/316/280 317/317/281 318/318/282
f 317/317/281 319/319/283 318/318/282
f 314/314/278 316/316/280 320/320/284
f 320/320/284 316/316/280 318/318/282
f 321/321/285 314/314/278 320/320/284
f 321/321/285 322/322/286 314/314/278
f 322/322/286 323/323/286 314/314/278
f 324/324/287 320/320/284 318/318/282
f 325/325/288 324/324/287 318/318/282
f 318/318/282 319/319/283 326/326/289
f 326/326/289 325/325/288 318/318/282
f 319/319/283 327/327/290 326/326/289
f 325/325/288 326/326/289 328/328/291
f 326/326/289 327/327/290 328/328/291
f 329/329/292 325/325/288 328/328/291
f 327/327/290 330/330/293 328/328/291
f 331/331/294 329/329/292 328/328/291
f 328/328/291 330/330/293 332/332/295
f 332/332/295 331/331/294 328/328/291
f 330/330/293 333/333/296 332/332/295
f 332/332/295 334/334/297 331/331/294
f 333/333/296 334/334/297 332/332/295
f 335/335/298 336/336/299 337/337/300
f 338/338/301 335/335/298 337/337/300
f 338/338/301 337/337/300 339/339/302
f 339/339/302 337/337/300 340/340/303
f 341/341/304 339/339/302 340/340/303
f 342/342/305 341/341/304 340/340/303
f 338/338/301 339/339/302 343/343/306
f 339/339/302 341/341/304 343/343/306
f 341/341/304 344/344/307 343/343/306
f 345/345/308 344/344/307 341/341/304
f 342/342/305 346/346/309 341/341/304
f 347/347/310 345/345/308 341/341/304
f 348/348/311 341/341/304 346/346/309
f 348/348/311 347/347/310 341/341/304
f 349/349/312 348/348/311 346/346/309
f 350/350/313 347/347/310 348/348/311
f 348/348/311 349/349/312 351/351/314
f 352/352/315 350/350/313 348/348/311
f 352/352/315 348/348/311 351/351/314
f 350/350/313 352/352/315 353/353/316
f 352/352/315 351/351/314 353/353/316
f 354/354/317 350/350/313 353/353/316
f 351/351/314 354/354/317 353/353/316
f 355/355/318 356/356/319 357/357/320
f 358/358/321 355/355/318 357/357/320
f 357/357/320 359/359/306 358/358/321
f 359/359/306 360/360/322 358/358/321
f 360/360/322 359/359/306 361/361/323
f 359/359/306 362/362/307 361/361/323
f 363/363/324 361/361/323 362/362/307
f 364/364/308 363/363/324 362/362/307
f 363/363/324 364/364/308 365/365/325
f 364/364/308 366/366/310 365/365/325
f 367/367/326 365/365/325 366/366/310
f 368/368/313 367/367/326 366/366/310
f 368/368/313 369/369/327 367/367/326
f 369/369/327 370/370/328 367/367/326
f 370/370/328 369/369/327 371/371/329
f 372/372/330 370/370/328 371/371/329
f 372/372/330 371/371/329 373/373/331
f 371/371/329 374/374/312 373/373/331
f 373/373/331 374/374/312 375/375/332
f 374/374/312 376/376/333 375/375/332
f 377/377/334 375/375/332 376/376/333
f 378/378/335 377/377/334 376/376/333
f 377/377/334 378/378/335 379/379/336
f 378/378/335 380/380/303 379/379/336
f 380/380/303 381/381/300 379/379/336
f 381/381/300 382/382/337 379/379/336
f 382/382/337 381/381/300 383/383/299
f 384/384/338 382/382/337 383/383/299
f 385/385/339 386/386/340 387/387/341
f 387/387/341 386/386/340 388/388/342
f 389/389/343 385/385/339 387/387/341
f 390/390/344 385/385/339 389/389/343
f 391/391/345 390/390/344 389/389/343
f 392/392/346 390/390/344 391/391/345
f 393/393/347 392/392/346 391/391/345
f 391/391/345 389/389/343 393/393/347
f 393/393/347 394/394/348 392/392/346
f 394/394/348 395/395/349 392/392/346
f 396/396/350 395/395/349 394/394/348
f 389/389/343 397/397/351 393/393/347
f 393/393/347 397/397/351 394/394/348
f 389/389/343 387/387/341 398/398/352
f 397/397/351 389/389/343 398/398/352
f 399/399/353 387/387/341 388/388/342
f 398/398/352 387/387/341 399/399/353
f 400/400/354 396/396/350 394/394/348
f 401/401/355 396/396/350 400/400/354
f 402/402/356 401/401/355 400/400/354
f 403/403/357 401/401/355 402/402/356
f 404/404/358 400/400/354 394/394/348
f 400/400/354 404/404/358 402/402/356
f 397/397/351 405/405/359 394/394/348
f 405/405/359 404/404/358 394/394/348
f 406/406/360 403/403/357 402/402/356
f 404/404/358 406/406/360 402/402/356
f 405/405/359 397/397/351 407/407/361
f 397/397/351 398/398/352 407/407/361
f 404/404/358 405/405/359 408/408/362
f 404/404/358 408/408/362 406/406/360
f 405/405/359 407/407/361 408/408/362
f 406/406/360 409/409/363 403/403/357
f 408/408/362 409/409/363 406/406/360
f 409/409/363 410/410/364 403/403/357
f 411/411/365 410/410/364 409/409/363
f 412/412/366 408/408/362 407/407/361
f 409/409/363 408/408/362 412/412/366
f 413/413/367 411/411/365 409/409/363
f 413/413/367 409/409/363 412/412/366
f 414/414/368 411/411/365 413/413/367
f 415/415/369 407/407/361 398/398/352
f 415/415/369 412/412/366 407/407/361
f 412/412/366 415/415/369 416/416/370
f 417/417/371 415/415/369 398/398/352
f 415/415/369 417/417/371 416/416/370
f 417/417/371 398/398/352 399/399/353
f 412/412/366 418/418/372 413/413/367
f 418/418/372 412/412/366 416/416/370
f 419/419/373 414/414/368 413/413/367
f 418/418/372 419/419/373 413/413/367
f 420/420/374 414/414/368 419/419/373
f 418/418/372 420/420/374 419/419/373
f 418/418/372 416/416/370 420/420/374
f 416/416/370 421/421/375 420/420/374
f 422/422/376 421/421/375 416/416/370
f 417/417/371 423/423/377 416/416/370
f 423/423/377 422/422/376 416/416/370
f 423/423/377 417/417/371 399/399/353
f 424/424/378 422/422/376 423/423/377
f 425/425/379 423/423/377 399/399/353
f 425/425/379 424/424/378 423/423/377
f 399/399/353 388/388/342 425/425/379
f 388/388/342 424/424/378 425/425/379
f 426/426/380 427/427/381 428/428/382
f 426/426/380 428/428/382 429/429/383
f 427/427/381 430/430/384 428/428/382
f 427/427/381 431/431/385 430/430/384
f 431/431/385 432/432/386 430/430/384
f 431/431/385 433/433/387 432/432/386
f 433/433/387 434/434/388 432/432/386
f 430/430/384 432/432/386 434/434/388
f 435/435/389 434/434/388 433/433/387
f 436/436/390 435/435/389 433/433/387
f 436/436/390 437/437/391 435/435/389
f 438/438/392 430/430/384 434/434/388
f 438/438/392 434/434/388 435/435/389
f 428/428/382 430/430/384 439/439/393
f 430/430/384 438/438/392 439/439/393
f 428/428/382 440/440/394 429/429/383
f 428/428/382 439/439/393 440/440/394
f 437/437/391 441/441/395 435/435/389
f 437/437/391 442/442/396 441/441/395
f 442/442/396 443/443/397 441/441/395
f 442/442/396 444/444/398 443/443/397
f 441/441/395 445/445/399 435/435/389
f 445/445/399 441/441/395 443/443/397
f 446/446/400 438/438/392 435/435/389
f 445/445/399 446/446/400 435/435/389
f 444/444/398 447/447/401 443/443/397
f 447/447/401 445/445/399 443/443/397
f 438/438/392 446/446/400 448/448/402
f 439/439/393 438/438/392 448/448/402
f 446/446/400 445/445/399 449/449/403
f 449/449/403 445/445/399 447/447/401
f 448/448/402 446/446/400 449/449/403
f 450/450/404 447/447/401 444/444/398
f 450/450/404 449/449/403 447/447/401
f 451/451/405 450/450/404 444/444/398
f 451/451/405 452/452/406 450/450/404
f 449/449/403 453/453/407 448/448/402
f 449/449/403 450/450/404 453/453/407
f 452/452/406 454/454/408 450/450/404
f 450/450/404 454/454/408 453/453/407
f 452/452/406 455/455/409 454/454/408
f 448/448/402 456/456/410 439/439/393
f 453/453/407 456/456/410 448/448/402
f 456/456/410 453/453/407 457/457/411
f 456/456/410 458/458/412 439/439/393
f 458/458/412 456/456/410 457/457/411
f 439/439/393 458/458/412 440/440/394
f 459/459/413 453/453/407 454/454/408
f 453/453/407 459/459/413 457/457/411
f 455/455/409 460/460/414 454/454/408
f 460/460/414 459/459/413 454/454/408
f 455/455/409 461/461/415 460/460/414
f 461/461/415 459/459/413 460/460/414
f 457/457/411 459/459/413 461/461/415
f 462/462/416 457/457/411 461/461/415
f 462/462/416 463/463/417 457/457/411
f 464/464/418 458/458/412 457/457/411
f 463/463/417 464/464/418 457/457/411
f 458/458/412 464/464/418 440/440/394
f 463/463/417 465/465/419 464/464/418
f 464/464/418 466/466/420 440/440/394
f 465/465/419 466/466/420 464/464/418
f 429/429/383 440/440/394 466/466/420
f 465/465/419 429/429/383 466/466/420
f 467/467/421 468/468/422 469/469/423
f 468/468/422 470/470/424 469/469/423
f 471/471/425 467/467/421 469/469/423
f 472/472/426 467/467/421 471/471/425
f 470/470/424 473/473/427 469/469/423
f 470/470/424 474/474/428 473/473/427
f 475/475/429 472/472/426 471/471/425
f 476/476/430 472/472/426 475/475/429
f 469/469/423 477/477/431 471/471/425
f 469/469/423 473/473/427 477/477/431
f 474/474/428 478/478/432 473/473/427
f 474/474/428 479/479/433 478/478/432
f 480/480/434 476/476/430 475/475/429
f 481/481/435 476/476/430 480/480/434
f 471/471/425 482/482/436 475/475/429
f 477/477/431 482/482/436 471/471/425
f 479/479/433 481/481/435 483/483/437
f 479/479/433 483/483/437 478/478/432
f 484/484/438 481/481/435 480/480/434
f 481/481/435 484/484/438 483/483/437
f 475/475/429 485/485/439 480/480/434
f 482/482/436 485/485/439 475/475/429
f 480/480/434 486/486/440 484/484/438
f 485/485/439 486/486/440 480/480/434
f 484/484/438 487/487/441 483/483/437
f 486/486/440 487/487/441 484/484/438
f 483/483/437 488/488/442 478/478/432
f 487/487/441 488/488/442 483/483/437
f 488/488/442 489/489/443 478/478/432
f 478/478/432 489/489/443 473/473/427
f 473/473/427 490/490/444 477/477/431
f 489/489/443 490/490/444 473/473/427
f 477/477/431 491/491/445 482/482/436
f 477/477/431 490/490/444 491/491/445
f 482/482/436 492/492/446 485/485/439
f 491/491/445 492/492/446 482/482/436
f 485/485/439 493/493/447 486/486/440
f 492/492/446 493/493/447 485/485/439
f 486/486/440 494/494/448 487/487/441
f 493/493/447 494/494/448 486/486/440
f 487/487/441 495/495/449 488/488/442
f 494/494/448 495/495/449 487/487/441
f 488/488/442 496/496/450 489/489/443
f 495/495/449 496/496/450 488/488/442
f 489/489/443 497/497/451 490/490/444
f 496/496/450 497/497/451 489/489/443
f 490/490/444 498/498/452 491/491/445
f 497/497/451 498/498/452 490/490/444
f 491/491/445 499/499/453 492/492/446
f 499/499/453 491/491/445 498/498/452
f 492/492/446 500/500/454 493/493/447
f 499/499/453 500/500/454 492/492/446
f 493/493/447 501/501/455 494/494/448
f 500/500/454 501/501/455 493/493/447
f 502/502/456 498/498/452 497/497/451
f 502/502/456 499/499/453 498/498/452
f 503/503/457 497/497/451 496/496/450
f 503/503/457 502/502/456 497/497/451
f 499/499/453 504/504/458 500/500/454
f 504/504/458 499/499/453 502/502/456
f 494/494/448 505/505/459 495/495/449
f 501/501/455 505/505/459 494/494/448
f 506/506/460 496/496/450 495/495/449
f 506/506/460 503/503/457 496/496/450
f 500/500/454 507/507/461 501/501/455
f 504/504/458 507/507/461 500/500/454
f 508/508/462 504/504/458 502/502/456
f 508/508/462 502/502/456 503/503/457
f 505/505/459 509/509/463 495/495/449
f 509/509/463 506/506/460 495/495/449
f 501/501/455 510/510/464 505/505/459
f 507/507/461 510/510/464 501/501/455
f 504/504/458 511/511/465 507/507/461
f 511/511/465 504/504/458 508/508/462
f 512/512/466 508/508/462 503/503/457
f 512/512/466 503/503/457 506/506/460
f 505/505/459 513/513/467 509/509/463
f 510/510/464 513/513/467 505/505/459
f 507/507/461 514/514/468 510/510/464
f 511/511/465 514/514/468 507/507/461
f 515/515/469 511/511/465 508/508/462
f 515/515/469 508/508/462 512/512/466
f 516/516/470 512/512/466 506/506/460
f 516/516/470 506/506/460 509/509/463
f 513/513/467 517/517/471 509/509/463
f 517/517/471 516/516/470 509/509/463
f 510/510/464 518/518/472 513/513/467
f 514/514/468 518/518/472 510/510/464
f 511/511/465 519/519/473 514/514/468
f 519/519/473 511/511/465 515/515/469
f 520/520/474 515/515/469 512/512/466
f 520/520/474 512/512/466 516/516/470
f 513/513/467 521/521/475 517/517/471
f 518/518/472 521/521/475 513/513/467
f 514/514/468 522/522/476 518/518/472
f 519/519/473 522/522/476 514/514/468
f 523/523/477 519/519/473 515/515/469
f 523/523/477 515/515/469 520/520/474
f 524/524/478 520/520/474 516/516/470
f 524/524/478 516/516/470 517/517/471
f 521/521/475 525/525/479 517/517/471
f 525/525/479 524/524/478 517/517/471
f 518/518/472 526/526/480 521/521/475
f 522/522/476 526/526/480 518/518/472
f 519/519/473 527/527/481 522/522/476
f 527/527/481 519/519/473 523/523/477
f 528/528/482 523/523/477 520/520/474
f 528/528/482 520/520/474 524/524/478
f 521/521/475 529/529/483 525/525/479
f 526/526/480 529/529/483 521/521/475
f 522/522/476 530/530/484 526/526/480
f 527/527/481 530/530/484 522/522/476
f 531/531/485 527/527/481 523/523/477
f 531/531/485 523/523/477 528/528/482
f 532/532/486 528/528/482 524/524/478
f 532/532/486 524/524/478 525/525/479
f 529/529/483 533/533/487 525/525/479
f 533/533/487 532/532/486 525/525/479
f 526/526/480 534/534/488 529/529/483
f 530/530/484 534/534/488 526/526/480
f 527/527/481 535/535/489 530/530/484
f 535/535/489 527/527/481 531/531/485
f 536/536/490 531/531/485 528/528/482
f 536/536/490 528/528/482 532/532/486
f 529/529/483 537/537/491 533/533/487
f 534/534/488 537/537/491 529/529/483
f 530/530/484 538/538/492 534/534/488
f 535/535/489 538/538/492 530/530/484
f 535/535/489 539/539/493 538/538/492
f 540/540/494 535/535/489 531/531/485
f 540/540/494 531/531/485 536/536/490
f 539/539/493 535/535/489 540/540/494
f 538/538/492 541/541/495 534/534/488
f 534/534/488 541/541/495 537/537/491
f 538/538/492 539/539/493 541/541/495
f 542/542/496 536/536/490 532/532/486
f 542/542/496 532/532/486 533/533/487
f 543/543/497 540/540/494 536/536/490
f 539/539/493 540/540/494 543/543/497
f 543/543/497 536/536/490 542/542/496
f 537/537/491 544/544/498 533/533/487
f 544/544/498 542/542/496 533/533/487
f 541/541/495 545/545/499 537/537/491
f 541/541/495 539/539/493 545/545/499
f 537/537/491 545/545/499 544/544/498
f 546/546/500 543/543/497 542/542/496
f 539/539/493 543/543/497 546/546/500
f 546/546/500 542/542/496 544/544/498
f 545/545/499 539/539/493 547/547/501
f 545/545/499 547/547/501 544/544/498
f 539/539/493 546/546/500 547/547/501
f 547/547/501 546/546/500 544/544/498
f 548/548/502 549/549/503 550/550/504
f 549/549/503 548/548/502 551/551/505
f 549/549/503 552/552/506 550/550/504
f 550/550/504 552/552/506 553/553/507
f 552/552/506 554/554/508 553/553/507
f 553/553/507 554/554/508 555/555/509
f 556/556/510 549/549/503 551/551/505
f 556/556/510 551/551/505 557/557/511
f 558/558/512 556/556/510 557/557/511
f 558/558/512 557/557/511 559/559/513
f 552/552/506 549/549/503 560/560/514
f 554/554/508 552/552/506 560/560/514
f 554/554/508 561/561/515 555/555/509
f 555/555/509 561/561/515 562/562/516
f 549/549/503 556/556/510 563/563/517
f 556/556/510 558/558/512 563/563/517
f 564/564/518 558/558/512 559/559/513
f 564/564/518 559/559/513 565/565/519
f 561/561/515 554/554/508 566/566/520
f 554/554/508 560/560/514 566/566/520
f 561/561/515 567/567/521 562/562/516
f 567/567/521 561/561/515 566/566/520
f 562/562/516 567/567/521 568/568/522
f 549/549/503 569/569/523 560/560/514
f 569/569/523 549/549/503 563/563/517
f 558/558/512 564/564/518 570/570/524
f 563/563/517 558/558/512 570/570/524
f 571/571/525 564/564/518 565/565/519
f 564/564/518 571/571/525 570/570/524
f 571/571/525 565/565/519 572/572/526
f 567/567/521 573/573/527 568/568/522
f 568/568/522 573/573/527 574/574/528
f 575/575/529 571/571/525 572/572/526
f 575/575/529 572/572/526 576/576/530
f 573/573/527 567/567/521 577/577/531
f 567/567/521 566/566/520 577/577/531
f 577/577/531 566/566/520 578/578/532
f 573/573/527 579/579/533 574/574/528
f 579/579/533 573/573/527 577/577/531
f 574/574/528 579/579/533 580/580/534
f 571/571/525 575/575/529 581/581/535
f 570/570/524 571/571/525 581/581/535
f 570/570/524 581/581/535 582/582/536
f 583/583/537 575/575/529 576/576/530
f 575/575/529 583/583/537 581/581/535
f 583/583/537 576/576/530 584/584/538
f 585/585/539 577/577/531 578/578/532
f 585/585/539 579/579/533 577/577/531
f 579/579/533 586/586/540 580/580/534
f 580/580/534 586/586/540 587/587/541
f 579/579/533 585/585/539 588/588/542
f 588/588/542 585/585/539 578/578/532
f 586/586/540 579/579/533 588/588/542
f 586/586/540 588/588/542 589/589/543
f 589/589/543 588/588/542 578/578/532
f 586/586/540 590/590/544 587/587/541
f 590/590/544 586/586/540 589/589/543
f 587/587/541 590/590/544 591/591/545
f 591/591/545 590/590/544 589/589/543
f 592/592/546 587/587/541 591/591/545
f 593/593/547 592/592/546 591/591/545
f 594/594/548 584/584/538 593/593/547
f 594/594/548 583/583/537 584/584/538
f 595/595/549 589/589/543 578/578/532
f 595/595/549 591/591/545 589/589/543
f 596/596/550 593/593/547 591/591/545
f 596/596/550 594/594/548 593/593/547
f 596/596/550 591/591/545 597/597/551
f 594/594/548 596/596/550 597/597/551
f 591/591/545 595/595/549 597/597/551
f 583/583/537 594/594/548 598/598/552
f 598/598/552 594/594/548 597/597/551
f 597/597/551 595/595/549 582/582/536
f 598/598/552 597/597/551 582/582/536
f 599/599/553 583/583/537 598/598/552
f 599/599/553 598/598/552 582/582/536
f 583/583/537 599/599/553 581/581/535
f 581/581/535 599/599/553 582/582/536
f 600/600/554 595/595/549 578/578/532
f 595/595/549 600/600/554 582/582/536
f 600/600/554 578/578/532 601/601/555
f 566/566/520 601/601/555 578/578/532
f 566/566/520 560/560/514 601/601/555
f 560/560/514 569/569/523 601/601/555
f 582/582/536 600/600/554 602/602/556
f 602/602/556 570/570/524 582/582/536
f 563/563/517 570/570/524 602/602/556
f 569/569/523 563/563/517 602/602/556
f 603/603/557 600/600/554 601/601/555
f 600/600/554 603/603/557 602/602/556
f 569/569/523 603/603/557 601/601/555
f 603/603/557 569/569/523 602/602/556
f 604/604/558 605/605/559 606/606/560
f 607/607/561 604/604/558 606/606/560
f 605/605/559 608/608/562 606/606/560
f 609/609/563 606/606/560 608/608/562
f 605/605/559 610/610/564 608/608/562
f 611/611/565 607/607/561 606/606/560
f 606/606/560 609/609/563 611/611/565
f 612/612/566 607/607/561 611/611/565
f 610/610/564 613/613/567 608/608/562
f 613/613/567 609/609/563 608/608/562
f 610/610/564 614/614/568 613/613/567
f 615/615/569 612/612/566 611/611/565
f 609/609/563 615/615/569 611/611/565
f 616/616/570 612/612/566 615/615/569
f 614/614/568 617/617/571 613/613/567
f 609/609/563 613/613/567 617/617/571
f 614/614/568 618/618/572 617/617/571
f 619/619/573 616/616/570 615/615/569
f 615/615/569 609/609/563 619/619/573
f 618/618/572 616/616/570 619/619/573
f 620/620/574 609/609/563 617/617/571
f 609/609/563 620/620/574 619/619/573
f 618/618/572 620/620/574 617/617/571
f 620/620/574 618/618/572 619/619/573
f 621/621/509 622/622/516 623/623/575
f 623/623/575 622/622/516 624/624/522
f 625/625/576 621/621/509 623/623/575
f 626/626/577 621/621/509 625/625/576
f 627/627/578 626/626/577 625/625/576
f 628/628/504 626/626/577 627/627/578
f 629/629/579 628/628/504 627/627/578
f 630/630/580 628/628/504 629/629/579
f 625/625/576 631/631/581 627/627/578
f 623/623/575 632/632/582 625/625/576
f 632/632/582 631/631/581 625/625/576
f 627/627/578 633/633/583 629/629/579
f 631/631/581 633/633/583 627/627/578
f 629/629/579 633/633/583 634/634/584
f 635/635/585 630/630/580 629/629/579
f 635/635/585 629/629/579 634/634/584
f 630/630/580 635/635/585 636/636/586
f 636/636/586 635/635/585 634/634/584
f 637/637/505 630/630/580 636/636/586
f 637/637/505 636/636/586 638/638/587
f 639/639/588 637/637/505 638/638/587
f 640/640/589 636/636/586 634/634/584
f 640/640/589 638/638/587 636/636/586
f 639/639/588 638/638/587 641/641/590
f 642/642/513 639/639/588 641/641/590
f 640/640/589 643/643/591 638/638/587
f 643/643/591 641/641/590 638/638/587
f 642/642/513 641/641/590 644/644/592
f 645/645/519 642/642/513 644/644/592
f 645/645/519 644/644/592 646/646/526
f 647/647/593 640/640/589 634/634/584
f 643/643/591 640/640/589 647/647/593
f 643/643/591 648/648/594 641/641/590
f 648/648/594 644/644/592 641/641/590
f 649/649/595 643/643/591 647/647/593
f 648/648/594 643/643/591 649/649/595
f 644/644/592 650/650/596 646/646/526
f 648/648/594 651/651/597 644/644/592
f 651/651/597 650/650/596 644/644/592
f 650/650/596 652/652/598 646/646/526
f 652/652/598 653/653/530 646/646/526
f 654/654/599 648/648/594 649/649/595
f 651/651/597 648/648/594 654/654/599
f 655/655/600 652/652/598 650/650/596
f 651/651/597 655/655/600 650/650/596
f 656/656/601 655/655/600 651/651/597
f 657/657/602 656/656/601 651/651/597
f 657/657/602 651/651/597 654/654/599
f 653/653/530 652/652/598 658/658/603
f 659/659/538 653/653/530 658/658/603
f 659/659/538 658/658/603 660/660/547
f 655/655/600 661/661/604 652/652/598
f 661/661/604 655/655/600 656/656/601
f 661/661/604 658/658/603 652/652/598
f 658/658/603 662/662/605 660/660/547
f 661/661/604 663/663/606 658/658/603
f 663/663/606 662/662/605 658/658/603
f 662/662/605 664/664/607 660/660/547
f 664/664/607 665/665/546 660/660/547
f 665/665/546 664/664/607 666/666/541
f 667/667/608 664/664/607 662/662/605
f 663/663/606 667/667/608 662/662/605
f 663/663/606 661/661/604 668/668/609
f 668/668/609 661/661/604 656/656/601
f 664/664/607 669/669/610 666/666/541
f 664/664/607 667/667/608 669/669/610
f 669/669/610 670/670/611 666/666/541
f 670/670/611 671/671/534 666/666/541
f 672/672/528 671/671/534 670/670/611
f 673/673/612 663/663/606 668/668/609
f 667/667/608 663/663/606 673/673/612
f 673/673/612 668/668/609 674/674/613
f 667/667/608 675/675/614 669/669/610
f 669/669/610 675/675/614 670/670/611
f 676/676/615 667/667/608 673/673/612
f 673/673/612 674/674/613 676/676/615
f 675/675/614 667/667/608 676/676/615
f 677/677/616 672/672/528 670/670/611
f 672/672/528 677/677/616 624/624/522
f 675/675/614 678/678/617 670/670/611
f 670/670/611 678/678/617 677/677/616
f 677/677/616 679/679/618 624/624/522
f 679/679/618 623/623/575 624/624/522
f 677/677/616 680/680/619 679/679/618
f 678/678/617 680/680/619 677/677/616
f 681/681/620 680/680/619 678/678/617
f 682/682/621 680/680/619 681/681/620
f 680/680/619 682/682/621 679/679/618
f 679/679/618 682/682/621 623/623/575
f 682/682/621 632/632/582 623/623/575
f 678/678/617 675/675/614 683/683/622
f 683/683/622 675/675/614 676/676/615
f 684/684/623 683/683/622 676/676/615
f 685/685/624 678/678/617 683/683/622
f 685/685/624 681/681/620 678/678/617
f 685/685/624 683/683/622 684/684/623
f 632/632/582 682/682/621 686/686/625
f 686/686/625 682/682/621 681/681/620
f 687/687/626 684/684/623 676/676/615
f 674/674/613 687/687/626 676/676/615
f 688/688/627 632/632/582 686/686/625
f 631/631/581 632/632/582 688/688/627
f 684/684/623 687/687/626 689/689/628
f 687/687/626 674/674/613 689/689/628
f 690/690/629 631/631/581 688/688/627
f 633/633/583 631/631/581 690/690/629
f 691/691/630 633/633/583 690/690/629
f 634/634/584 633/633/583 691/691/630
f 692/692/631 634/634/584 691/691/630
f 692/692/631 647/647/593 634/634/584
f 693/693/632 692/692/631 691/691/630
f 692/692/631 693/693/632 647/647/593
f 691/691/630 690/690/629 694/694/633
f 694/694/633 693/693/632 691/691/630
f 693/693/632 694/694/633 695/695/634
f 693/693/632 696/696/635 647/647/593
f 696/696/635 693/693/632 695/695/634
f 649/649/595 647/647/593 696/696/635
f 690/690/629 697/697/636 694/694/633
f 697/697/636 690/690/629 688/688/627
f 698/698/637 649/649/595 696/696/635
f 649/649/595 698/698/637 654/654/599
f 694/694/633 699/699/638 695/695/634
f 699/699/638 694/694/633 697/697/636
f 696/696/635 700/700/639 698/698/637
f 700/700/639 696/696/635 695/695/634
f 701/701/640 697/697/636 688/688/627
f 702/702/641 699/699/638 697/697/636
f 702/702/641 697/697/636 701/701/640
f 703/703/642 701/701/640 688/688/627
f 686/686/625 703/703/642 688/688/627
f 704/704/643 702/702/641 701/701/640
f 704/704/643 701/701/640 703/703/642
f 705/705/644 703/703/642 686/686/625
f 681/681/620 705/705/644 686/686/625
f 699/699/638 702/702/641 706/706/645
f 695/695/634 699/699/638 707/707/646
f 707/707/646 699/699/638 706/706/645
f 702/702/641 704/704/643 708/708/647
f 706/706/645 702/702/641 708/708/647
f 709/709/648 704/704/643 703/703/642
f 708/708/647 704/704/643 710/710/649
f 704/704/643 709/709/648 710/710/649
f 706/706/645 708/708/647 711/711/650
f 708/708/647 710/710/649 711/711/650
f 712/712/651 709/709/648 703/703/642
f 705/705/644 712/712/651 703/703/642
f 707/707/646 706/706/645 713/713/652
f 713/713/652 706/706/645 711/711/650
f 714/714/653 710/710/649 709/709/648
f 712/712/651 714/714/653 709/709/648
f 715/715/654 712/712/651 705/705/644
f 712/712/651 716/716/655 714/714/653
f 712/712/651 715/715/654 716/716/655
f 717/717/656 715/715/654 705/705/644
f 705/705/644 681/681/620 717/717/656
f 710/710/649 718/718/657 711/711/650
f 713/713/652 711/711/650 719/719/658
f 719/719/658 711/711/650 718/718/657
f 720/720/659 718/718/657 710/710/649
f 714/714/653 720/720/659 710/710/649
f 721/721/660 719/719/658 718/718/657
f 721/721/660 718/718/657 720/720/659
f 722/722/661 713/713/652 719/719/658
f 719/719/658 721/721/660 723/723/662
f 722/722/661 719/719/658 723/723/662
f 724/724/663 713/713/652 722/722/661
f 724/724/663 707/707/646 713/713/652
f 724/724/663 725/725/664 707/707/646
f 726/726/665 724/724/663 722/722/661
f 724/724/663 726/726/665 725/725/664
f 727/727/666 722/722/661 723/723/662
f 726/726/665 722/722/661 727/727/666
f 725/725/664 728/728/667 707/707/646
f 728/728/667 695/695/634 707/707/646
f 695/695/634 728/728/667 729/729/668
f 728/728/667 725/725/664 729/729/668
f 700/700/639 695/695/634 729/729/668
f 730/730/669 726/726/665 727/727/666
f 727/727/666 723/723/662 731/731/670
f 727/727/666 731/731/670 730/730/669
f 726/726/665 732/732/671 725/725/664
f 726/726/665 730/730/669 732/732/671
f 731/731/670 723/723/662 733/733/672
f 731/731/670 734/734/673 730/730/669
f 734/734/673 731/731/670 733/733/672
f 730/730/669 735/735/674 732/732/671
f 730/730/669 734/734/673 735/735/674
f 723/723/662 736/736/675 733/733/672
f 721/721/660 736/736/675 723/723/662
f 721/721/660 737/737/676 736/736/675
f 737/737/676 721/721/660 720/720/659
f 732/732/671 738/738/677 725/725/664
f 735/735/674 739/739/678 732/732/671
f 739/739/678 738/738/677 732/732/671
f 738/738/677 740/740/679 725/725/664
f 725/725/664 740/740/679 729/729/668
f 734/734/673 741/741/680 735/735/674
f 742/742/681 734/734/673 733/733/672
f 741/741/680 734/734/673 742/742/681
f 743/743/682 739/739/678 735/735/674
f 741/741/680 743/743/682 735/735/674
f 733/733/672 736/736/675 744/744/683
f 737/737/676 745/745/684 736/736/675
f 736/736/675 745/745/684 744/744/683
f 733/733/672 744/744/683 746/746/685
f 742/742/681 733/733/672 746/746/685
f 742/742/681 746/746/685 747/747/686
f 748/748/687 741/741/680 742/742/681
f 748/748/687 742/742/681 747/747/686
f 741/741/680 748/748/687 749/749/688
f 743/743/682 741/741/680 749/749/688
f 749/749/688 748/748/687 747/747/686
f 744/744/683 745/745/684 750/750/689
f 746/746/685 744/744/683 750/750/689
f 751/751/690 745/745/684 737/737/676
f 745/745/684 751/751/690 750/750/689
f 752/752/691 746/746/685 750/750/689
f 747/747/686 746/746/685 752/752/691
f 753/753/692 751/751/690 737/737/676
f 753/753/692 737/737/676 720/720/659
f 750/750/689 751/751/690 754/754/693
f 752/752/691 750/750/689 754/754/693
f 755/755/694 753/753/692 720/720/659
f 755/755/694 720/720/659 714/714/653
f 756/756/695 751/751/690 753/753/692
f 751/751/690 756/756/695 754/754/693
f 757/757/696 755/755/694 714/714/653
f 716/716/655 757/757/696 714/714/653
f 758/758/697 753/753/692 755/755/694
f 758/758/697 756/756/695 753/753/692
f 759/759/698 755/755/694 757/757/696
f 759/759/698 758/758/697 755/755/694
f 760/760/699 757/757/696 716/716/655
f 760/760/699 759/759/698 757/757/696
f 761/761/700 760/760/699 716/716/655
f 760/760/699 762/762/701 759/759/698
f 762/762/701 760/760/699 761/761/700
f 758/758/697 759/759/698 763/763/702
f 762/762/701 763/763/702 759/759/698
f 716/716/655 764/764/703 761/761/700
f 715/715/654 764/764/703 716/716/655
f 765/765/704 756/756/695 758/758/697
f 766/766/705 758/758/697 763/763/702
f 766/766/705 765/765/704 758/758/697
f 756/756/695 765/765/704 767/767/706
f 754/754/693 756/756/695 767/767/706
f 768/768/707 765/765/704 766/766/705
f 767/767/706 765/765/704 768/768/707
f 769/769/708 766/766/705 763/763/702
f 769/769/708 768/768/707 766/766/705
f 767/767/706 770/770/564 754/754/693
f 770/770/564 767/767/706 768/768/707
f 770/770/564 771/771/709 754/754/693
f 771/771/709 752/752/691 754/754/693
f 772/772/568 770/770/564 768/768/707
f 752/752/691 771/771/709 773/773/710
f 774/774/711 772/772/568 768/768/707
f 769/769/708 774/774/711 768/768/707
f 775/775/712 772/772/568 774/774/711
f 776/776/713 769/769/708 763/763/702
f 774/774/711 769/769/708 776/776/713
f 776/776/713 763/763/702 762/762/701
f 777/777/714 752/752/691 773/773/710
f 777/777/714 747/747/686 752/752/691
f 778/778/715 777/777/714 773/773/710
f 747/747/686 777/777/714 778/778/715
f 779/779/716 778/778/715 773/773/710
f 780/780/717 747/747/686 778/778/715
f 780/780/717 749/749/688 747/747/686
f 778/778/715 779/779/716 781/781/718
f 779/779/716 782/782/566 781/781/718
f 783/783/719 749/749/688 780/780/717
f 743/743/682 749/749/688 783/783/719
f 780/780/717 778/778/715 784/784/720
f 784/784/720 778/778/715 781/781/718
f 785/785/721 743/743/682 783/783/719
f 743/743/682 785/785/721 739/739/678
f 785/785/721 786/786/722 739/739/678
f 738/738/677 739/739/678 786/786/722
f 787/787/723 786/786/722 785/785/721
f 787/787/723 785/785/721 783/783/719
f 788/788/724 738/738/677 786/786/722
f 788/788/724 786/786/722 787/787/723
f 740/740/679 738/738/677 788/788/724
f 789/789/725 783/783/719 780/780/717
f 789/789/725 780/780/717 784/784/720
f 790/790/726 740/740/679 788/788/724
f 729/729/668 740/740/679 790/790/726
f 791/791/727 783/783/719 789/789/725
f 791/791/727 787/787/723 783/783/719
f 792/792/728 789/789/725 784/784/720
f 792/792/728 791/791/727 789/789/725
f 793/793/729 788/788/724 787/787/723
f 790/790/726 788/788/724 793/793/729
f 794/794/730 729/729/668 790/790/726
f 700/700/639 729/729/668 794/794/730
f 795/795/731 792/792/728 784/784/720
f 795/795/731 784/784/720 781/781/718
f 791/791/727 796/796/732 787/787/723
f 796/796/732 793/793/729 787/787/723
f 792/792/728 797/797/733 791/791/727
f 792/792/728 795/795/731 797/797/733
f 797/797/733 796/796/732 791/791/727
f 798/798/734 790/790/726 793/793/729
f 794/794/730 790/790/726 798/798/734
f 799/799/735 700/700/639 794/794/730
f 700/700/639 799/799/735 698/698/637
f 793/793/729 796/796/732 800/800/736
f 798/798/734 793/793/729 800/800/736
f 796/796/732 797/797/733 801/801/737
f 800/800/736 796/796/732 801/801/737
f 795/795/731 802/802/738 797/797/733
f 797/797/733 802/802/738 801/801/737
f 803/803/739 794/794/730 798/798/734
f 799/799/735 794/794/730 803/803/739
f 800/800/736 804/804/740 798/798/734
f 804/804/740 803/803/739 798/798/734
f 800/800/736 801/801/737 804/804/740
f 698/698/637 799/799/735 805/805/741
f 698/698/637 805/805/741 654/654/599
f 806/806/742 799/799/735 803/803/739
f 799/799/735 806/806/742 805/805/741
f 806/806/742 803/803/739 804/804/740
f 805/805/741 807/807/743 654/654/599
f 805/805/741 806/806/742 807/807/743
f 807/807/743 657/657/602 654/654/599
f 808/808/744 806/806/742 804/804/740
f 806/806/742 808/808/744 807/807/743
f 801/801/737 809/809/745 804/804/740
f 804/804/740 809/809/745 808/808/744
f 807/807/743 810/810/746 657/657/602
f 810/810/746 656/656/601 657/657/602
f 808/808/744 811/811/747 807/807/743
f 809/809/745 811/811/747 808/808/744
f 811/811/747 810/810/746 807/807/743
f 801/801/737 812/812/748 809/809/745
f 802/802/738 812/812/748 801/801/737
f 811/811/747 813/813/749 810/810/746
f 814/814/750 811/811/747 809/809/745
f 813/813/749 811/811/747 814/814/750
f 656/656/601 810/810/746 815/815/751
f 813/813/749 815/815/751 810/810/746
f 812/812/748 816/816/752 809/809/745
f 816/816/752 814/814/750 809/809/745
f 802/802/738 817/817/753 812/812/748
f 812/812/748 818/818/754 816/816/752
f 817/817/753 818/818/754 812/812/748
f 816/816/752 819/819/755 814/814/750
f 818/818/754 819/819/755 816/816/752
f 820/820/756 817/817/753 802/802/738
f 795/795/731 820/820/756 802/802/738
f 820/820/756 795/795/731 781/781/718
f 820/820/756 781/781/718 821/821/757
f 782/782/566 821/821/757 781/781/718
f 822/822/758 820/820/756 821/821/757
f 820/820/756 822/822/758 817/817/753
f 821/821/757 782/782/566 823/823/759
f 822/822/758 821/821/757 823/823/759
f 782/782/566 824/824/570 823/823/759
f 822/822/758 825/825/760 817/817/753
f 822/822/758 823/823/759 825/825/760
f 818/818/754 817/817/753 826/826/761
f 817/817/753 825/825/760 826/826/761
f 827/827/762 819/819/755 818/818/754
f 826/826/761 827/827/762 818/818/754
f 824/824/570 828/828/763 823/823/759
f 824/824/570 775/775/712 828/828/763
f 823/823/759 829/829/764 825/825/760
f 825/825/760 829/829/764 826/826/761
f 828/828/763 829/829/764 823/823/759
f 829/829/764 830/830/765 826/826/761
f 826/826/761 830/830/765 827/827/762
f 829/829/764 828/828/763 830/830/765
f 775/775/712 831/831/766 828/828/763
f 831/831/766 775/775/712 774/774/711
f 819/819/755 827/827/762 832/832/767
f 819/819/755 832/832/767 814/814/750
f 828/828/763 833/833/768 830/830/765
f 828/828/763 831/831/766 833/833/768
f 831/831/766 774/774/711 834/834/769
f 834/834/769 774/774/711 776/776/713
f 831/831/766 835/835/770 833/833/768
f 835/835/770 831/831/766 834/834/769
f 830/830/765 833/833/768 836/836/771
f 833/833/768 835/835/770 836/836/771
f 830/830/765 837/837/772 827/827/762
f 837/837/772 830/830/765 836/836/771
f 834/834/769 776/776/713 838/838/773
f 835/835/770 834/834/769 838/838/773
f 835/835/770 839/839/774 836/836/771
f 839/839/774 835/835/770 838/838/773
f 776/776/713 840/840/775 838/838/773
f 840/840/775 776/776/713 762/762/701
f 827/827/762 837/837/772 841/841/776
f 827/827/762 841/841/776 832/832/767
f 837/837/772 836/836/771 842/842/777
f 836/836/771 839/839/774 842/842/777
f 839/839/774 838/838/773 843/843/778
f 838/838/773 840/840/775 843/843/778
f 840/840/775 762/762/701 844/844/779
f 844/844/779 762/762/701 761/761/700
f 837/837/772 845/845/780 841/841/776
f 845/845/780 837/837/772 842/842/777
f 839/839/774 846/846/781 842/842/777
f 846/846/781 839/839/774 843/843/778
f 847/847/782 840/840/775 844/844/779
f 840/840/775 847/847/782 843/843/778
f 848/848/783 844/844/779 761/761/700
f 844/844/779 848/848/783 847/847/782
f 849/849/784 841/841/776 845/845/780
f 841/841/776 849/849/784 832/832/767
f 842/842/777 846/846/781 850/850/785
f 842/842/777 850/850/785 845/845/780
f 846/846/781 843/843/778 851/851/786
f 851/851/786 843/843/778 847/847/782
f 852/852/787 848/848/783 761/761/700
f 764/764/703 852/852/787 761/761/700
f 846/846/781 853/853/788 850/850/785
f 853/853/788 846/846/781 851/851/786
f 852/852/787 764/764/703 854/854/789
f 855/855/790 852/852/787 854/854/789
f 848/848/783 852/852/787 855/855/790
f 854/854/789 764/764/703 856/856/791
f 764/764/703 715/715/654 856/856/791
f 856/856/791 715/715/654 857/857/792
f 715/715/654 717/717/656 857/857/792
f 858/858/793 848/848/783 855/855/790
f 857/857/792 717/717/656 859/859/794
f 860/860/795 848/848/783 858/858/793
f 861/861/796 860/860/795 858/858/793
f 848/848/783 860/860/795 847/847/782
f 717/717/656 862/862/797 859/859/794
f 859/859/794 862/862/797 863/863/798
f 681/681/620 862/862/797 717/717/656
f 864/864/799 860/860/795 861/861/796
f 860/860/795 864/864/799 847/847/782
f 865/865/800 864/864/799 861/861/796
f 864/864/799 851/851/786 847/847/782
f 862/862/797 866/866/801 863/863/798
f 866/866/801 862/862/797 681/681/620
f 863/863/798 866/866/801 867/867/802
f 685/685/624 866/866/801 681/681/620
f 868/868/803 864/864/799 865/865/800
f 864/864/799 868/868/803 851/851/786
f 869/869/804 868/868/803 865/865/800
f 866/866/801 870/870/805 867/867/802
f 870/870/805 866/866/801 685/685/624
f 867/867/802 870/870/805 871/871/806
f 684/684/623 870/870/805 685/685/624
f 871/871/806 872/872/807 869/869/804
f 870/870/805 872/872/807 871/871/806
f 872/872/807 868/868/803 869/869/804
f 872/872/807 870/870/805 684/684/623
f 868/868/803 873/873/808 851/851/786
f 868/868/803 872/872/807 873/873/808
f 851/851/786 873/873/808 853/853/788
f 874/874/809 872/872/807 684/684/623
f 872/872/807 874/874/809 873/873/808
f 874/874/809 684/684/623 689/689/628
f 873/873/808 874/874/809 875/875/810
f 873/873/808 875/875/810 853/853/788
f 874/874/809 689/689/628 875/875/810
f 875/875/810 876/876/811 853/853/788
f 876/876/811 850/850/785 853/853/788
f 689/689/628 877/877/812 875/875/810
f 877/877/812 876/876/811 875/875/810
f 674/674/613 877/877/812 689/689/628
f 877/877/812 878/878/813 876/876/811
f 878/878/813 877/877/812 674/674/613
f 876/876/811 879/879/814 850/850/785
f 878/878/813 879/879/814 876/876/811
f 880/880/815 878/878/813 674/674/613
f 880/880/815 674/674/613 668/668/609
f 879/879/814 881/881/816 850/850/785
f 850/850/785 881/881/816 845/845/780
f 882/882/817 880/880/815 668/668/609
f 882/882/817 668/668/609 656/656/601
f 881/881/816 883/883/818 845/845/780
f 883/883/818 849/849/784 845/845/780
f 884/884/819 882/882/817 656/656/601
f 884/884/819 656/656/601 815/815/751
f 878/878/813 880/880/815 885/885/820
f 880/880/815 886/886/821 885/885/820
f 880/880/815 882/882/817 886/886/821
f 878/878/813 885/885/820 887/887/822
f 879/879/814 878/878/813 887/887/822
f 882/882/817 888/888/823 886/886/821
f 882/882/817 884/884/819 888/888/823
f 879/879/814 887/887/822 889/889/824
f 881/881/816 879/879/814 889/889/824
f 884/884/819 890/890/825 888/888/823
f 884/884/819 815/815/751 890/890/825
f 881/881/816 889/889/824 891/891/826
f 883/883/818 881/881/816 891/891/826
f 815/815/751 892/892/827 890/890/825
f 883/883/818 891/891/826 893/893/828
f 815/815/751 813/813/749 892/892/827
f 849/849/784 883/883/818 893/893/828
f 813/813/749 894/894/829 892/892/827
f 849/849/784 893/893/828 895/895/830
f 813/813/749 896/896/831 894/894/829
f 896/896/831 813/813/749 814/814/750
f 896/896/831 897/897/832 894/894/829
f 896/896/831 814/814/750 832/832/767
f 898/898/833 849/849/784 895/895/830
f 898/898/833 895/895/830 897/897/832
f 849/849/784 898/898/833 832/832/767
f 898/898/833 896/896/831 832/832/767
f 896/896/831 898/898/833 897/897/832
f 899/899/834 900/900/835 901/901/836
f 899/899/834 901/901/836 902/902/837
f 903/903/838 901/901/836 900/900/835
f 902/902/837 901/901/836 903/903/838
f 899/899/834 904/904/839 900/900/835
f 905/905/840 903/903/838 900/900/835
f 904/904/839 906/906/841 900/900/835
f 905/905/840 900/900/835 906/906/841
f 907/907/842 899/899/834 902/902/837
f 899/899/834 908/908/843 904/904/839
f 907/907/842 908/908/843 899/899/834
f 909/909/844 902/902/837 903/903/838
f 905/905/840 910/910/845 903/903/838
f 909/909/844 903/903/838 910/910/845
f 907/907/842 902/902/837 911/911/846
f 909/909/844 911/911/846 902/902/837
f 904/904/839 912/912/847 906/906/841
f 904/904/839 908/908/843 913/913/848
f 904/904/839 913/913/848 912/912/847
f 914/914/849 905/905/840 906/906/841
f 905/905/840 915/915/850 910/910/845
f 914/914/849 915/915/850 905/905/840
f 912/912/847 916/916/851 906/906/841
f 914/914/849 906/906/841 916/916/851
f 917/917/852 916/916/851 912/912/847
f 914/914/849 916/916/851 917/917/852
f 918/918/853 912/912/847 913/913/848
f 918/918/853 917/917/852 912/912/847
f 919/919/854 914/914/849 917/917/852
f 919/919/854 915/915/850 914/914/849
f 920/920/855 917/917/852 918/918/853
f 919/919/854 917/917/852 920/920/855
f 921/921/856 909/909/844 910/910/845
f 915/915/850 922/922/857 910/910/845
f 921/921/856 910/910/845 922/922/857
f 923/923/858 922/922/857 915/915/850
f 919/919/854 923/923/858 915/915/850
f 921/921/856 922/922/857 923/923/858
f 921/921/856 924/924/859 909/909/844
f 909/909/844 924/924/859 911/911/846
f 925/925/860 923/923/858 919/919/854
f 925/925/860 919/919/854 920/920/855
f 926/926/861 921/921/856 923/923/858
f 926/926/861 924/924/859 921/921/856
f 926/926/861 923/923/858 925/925/860
f 920/920/855 918/918/853 927/927/862
f 925/925/860 920/920/855 928/928/863
f 920/920/855 927/927/862 928/928/863
f 929/929/864 925/925/860 928/928/863
f 929/929/864 926/926/861 925/925/860
f 927/927/862 929/929/864 928/928/863
f 926/926/861 930/930/865 924/924/859
f 929/929/864 930/930/865 926/926/861
f 924/924/859 931/931/866 911/911/846
f 930/930/865 931/931/866 924/924/859
f 932/932/867 911/911/846 931/931/866
f 932/932/867 931/931/866 930/930/865
f 932/932/867 907/907/842 911/911/846
f 933/933/868 930/930/865 929/929/864
f 927/927/862 933/933/868 929/929/864
f 933/933/868 932/932/867 930/930/865
f 918/918/853 934/934/869 927/927/862
f 927/927/862 934/934/869 933/933/868
f 918/918/853 913/913/848 934/934/869
f 932/932/867 935/935/870 907/907/842
f 933/933/868 935/935/870 932/932/867
f 933/933/868 934/934/869 935/935/870
f 907/907/842 935/935/870 908/908/843
f 913/913/848 936/936/871 934/934/869
f 908/908/843 936/936/871 913/913/848
f 934/934/869 936/936/871 935/935/870
f 935/935/870 936/936/871 908/908/843
o Unit_Peashooter_Mdl_Repeater_Unit_Peashooter_Mdl.001
v -0.007839 0.725656 -0.236704
v -0.000304 0.729575 -0.243143
v -0.013805 0.723686 -0.250067
v -0.004530 0.729019 -0.256936
v -0.053609 0.733160 -0.273512
v -0.012930 0.779519 -0.291691
v -0.076579 0.733269 -0.308699
v -0.034811 0.810559 -0.342696
v -0.068654 0.681244 -0.248186
v -0.014505 0.710953 -0.249521
v -0.008600 0.714822 -0.237359
v -0.007839 0.725656 -0.236704
v -0.122633 0.662233 -0.278026
v -0.148143 0.644964 -0.319088
v -0.089860 0.725284 -0.353860
v -0.048564 0.817901 -0.388692
v -0.103372 0.717400 -0.395871
v -0.160492 0.641933 -0.369136
v -0.069066 0.802906 -0.431476
v -0.129922 0.656164 -0.489578
v -0.108769 0.693179 -0.479182
v -0.094797 0.717235 -0.512876
v -0.152160 0.681937 -0.559540
v 0.010271 0.723058 -0.243943
v 0.002069 0.708859 -0.238513
v -0.001724 0.703336 -0.252004
v 0.008230 0.720818 -0.259217
v -0.020241 0.710862 -0.288663
v -0.044358 0.675570 -0.260352
v -0.048294 0.704360 -0.346599
v -0.093927 0.655790 -0.286916
v 0.003003 0.755897 -0.295098
v -0.016703 0.786010 -0.343602
v -0.032093 0.792588 -0.392682
v -0.120554 0.638396 -0.330466
v -0.051403 0.779874 -0.434238
v -0.074397 0.686345 -0.433453
v -0.133713 0.635044 -0.378370
v -0.076561 0.709115 -0.510407
v -0.112642 0.646203 -0.486211
v -0.082198 0.670308 -0.498854
v -0.122584 0.666007 -0.556553
v -0.135287 0.668953 -0.568036
v -0.000304 0.729575 -0.243143
v 0.010271 0.723058 -0.243943
v 0.008230 0.720818 -0.259217
v -0.004530 0.729019 -0.256936
v 0.003003 0.755897 -0.295098
v -0.012930 0.779519 -0.291691
v -0.034811 0.810559 -0.342696
v -0.016703 0.786010 -0.343602
v -0.048564 0.817901 -0.388692
v -0.032093 0.792588 -0.392682
v -0.069066 0.802906 -0.431476
v -0.051403 0.779874 -0.434238
v -0.094797 0.717235 -0.512876
v -0.076561 0.709115 -0.510407
v -0.135287 0.668953 -0.568036
v -0.152160 0.681937 -0.559540
v -0.112642 0.646203 -0.486211
v -0.129922 0.656164 -0.489578
v -0.160492 0.641933 -0.369136
v -0.133713 0.635044 -0.378370
v -0.148143 0.644964 -0.319088
v -0.120554 0.638396 -0.330466
v -0.122633 0.662233 -0.278026
v -0.093927 0.655790 -0.286916
v -0.068654 0.681244 -0.248186
v -0.044358 0.675570 -0.260352
v -0.001724 0.703336 -0.252004
v -0.014505 0.710953 -0.249521
v 0.002069 0.708859 -0.238513
v -0.008600 0.714822 -0.237359
v -0.002878 0.726328 -0.231694
v 0.007752 0.725994 -0.232377
v -0.000106 0.736262 -0.242263
v 0.012587 0.735577 -0.242031
v -0.009906 0.781116 -0.253024
v 0.048779 0.783413 -0.226848
v -0.005326 0.815082 -0.277336
v 0.076660 0.839490 -0.237884
v -0.057435 0.754125 -0.277012
v -0.006415 0.730287 -0.251613
v -0.007712 0.721916 -0.240386
v -0.002878 0.726328 -0.231694
v -0.085641 0.798452 -0.314497
v -0.088329 0.834374 -0.356815
v 0.006859 0.849489 -0.315482
v 0.096984 0.880548 -0.266363
v 0.019761 0.876362 -0.355843
v -0.068300 0.869241 -0.399055
v 0.104197 0.909380 -0.316648
v 0.038499 0.892467 -0.473495
v 0.064093 0.906869 -0.440497
v 0.107446 0.897554 -0.446824
v 0.099513 0.840230 -0.503594
v 0.012699 0.715597 -0.237107
v -0.002256 0.711897 -0.244920
v 0.000555 0.718596 -0.258116
v 0.019173 0.723516 -0.248848
v 0.012272 0.753700 -0.277451
v -0.036061 0.739873 -0.287524
v 0.023364 0.799768 -0.321730
v -0.063452 0.779032 -0.323164
v 0.051537 0.762104 -0.245868
v 0.079070 0.814928 -0.255837
v 0.098811 0.857349 -0.285762
v -0.066319 0.815986 -0.366154
v 0.105706 0.883870 -0.330688
v 0.044789 0.849244 -0.392902
v -0.049386 0.847867 -0.404997
v 0.104652 0.882828 -0.433329
v 0.033582 0.876863 -0.460955
v 0.067952 0.864435 -0.442648
v 0.089089 0.830309 -0.476118
v 0.094209 0.822716 -0.490994
v 0.007752 0.725994 -0.232377
v 0.012699 0.715597 -0.237107
v 0.019173 0.723516 -0.248848
v 0.012587 0.735577 -0.242031
v 0.051537 0.762104 -0.245868
v 0.048779 0.783413 -0.226848
v 0.076660 0.839490 -0.237884
v 0.079070 0.814928 -0.255837
v 0.096984 0.880548 -0.266363
v 0.098811 0.857349 -0.285762
v 0.104197 0.909380 -0.316648
v 0.105706 0.883870 -0.330688
v 0.107446 0.897554 -0.446824
v 0.104652 0.882828 -0.433329
v 0.094209 0.822716 -0.490994
v 0.099513 0.840230 -0.503594
v 0.033582 0.876863 -0.460955
v 0.038499 0.892467 -0.473495
v -0.068300 0.869241 -0.399055
v -0.049386 0.847867 -0.404997
v -0.088329 0.834374 -0.356815
v -0.066319 0.815986 -0.366154
v -0.085641 0.798452 -0.314497
v -0.063452 0.779032 -0.323164
v -0.057435 0.754125 -0.277012
v -0.036061 0.739873 -0.287524
v 0.000555 0.718596 -0.258116
v -0.006415 0.730287 -0.251613
v -0.002256 0.711897 -0.244920
v -0.007712 0.721916 -0.240386
v 0.000551 0.710536 -0.248418
v 0.010131 0.706363 -0.246320
v 0.000187 0.697880 -0.256018
v 0.011980 0.693917 -0.253398
v -0.008737 0.682273 -0.299613
v 0.055396 0.685908 -0.296752
v -0.009726 0.651749 -0.330309
v 0.082978 0.655255 -0.347997
v -0.063972 0.681841 -0.276987
v -0.009601 0.692642 -0.249718
v -0.007487 0.705085 -0.243513
v 0.000551 0.710536 -0.248418
v -0.099234 0.648257 -0.320750
v -0.114093 0.596024 -0.343224
v -0.010154 0.596518 -0.346584
v 0.094191 0.608476 -0.374133
v -0.015116 0.541233 -0.349203
v -0.111651 0.527090 -0.338462
v 0.075014 0.530794 -0.367686
v -0.053324 0.468346 -0.406593
v -0.001727 0.483935 -0.376144
v 0.044753 0.473259 -0.397226
v 0.002938 0.456412 -0.455194
v 0.012057 0.702435 -0.234666
v -0.004983 0.701088 -0.232179
v -0.006559 0.686660 -0.236208
v 0.014517 0.687851 -0.239539
v 0.000472 0.657831 -0.265584
v -0.049261 0.667797 -0.258097
v -0.000195 0.603346 -0.305020
v -0.083659 0.636634 -0.296598
v 0.049114 0.671800 -0.272567
v 0.076336 0.642847 -0.320330
v 0.086894 0.592037 -0.348026
v -0.098588 0.581342 -0.320369
v 0.069888 0.517446 -0.341898
v -0.006319 0.502231 -0.316640
v -0.097383 0.515032 -0.315933
v 0.048331 0.463918 -0.379589
v -0.052019 0.458756 -0.388495
v 0.007363 0.454965 -0.373743
v 0.007122 0.439241 -0.426470
v 0.005773 0.436827 -0.443624
v 0.010131 0.706363 -0.246320
v 0.012057 0.702435 -0.234666
v 0.014517 0.687851 -0.239539
v 0.011980 0.693917 -0.253398
v 0.049114 0.671800 -0.272567
v 0.055396 0.685908 -0.296752
v 0.082978 0.655255 -0.347997
v 0.076336 0.642847 -0.320330
v 0.094191 0.608476 -0.374133
v 0.086894 0.592037 -0.348026
v 0.075014 0.530794 -0.367686
v 0.069888 0.517446 -0.341898
v 0.044753 0.473259 -0.397226
v 0.048331 0.463918 -0.379589
v 0.005773 0.436827 -0.443624
v 0.002938 0.456412 -0.455194
v -0.052019 0.458756 -0.388495
v -0.053324 0.468346 -0.406593
v -0.111651 0.527090 -0.338462
v -0.097383 0.515032 -0.315933
v -0.114093 0.596024 -0.343224
v -0.098588 0.581342 -0.320369
v -0.099234 0.648257 -0.320750
v -0.083659 0.636634 -0.296598
v -0.063972 0.681841 -0.276987
v -0.049261 0.667797 -0.258097
v -0.006559 0.686660 -0.236208
v -0.009601 0.692642 -0.249718
v -0.004983 0.701088 -0.232179
v -0.007487 0.705085 -0.243513
v 0.007915 0.718799 -0.230276
v 0.008123 0.708688 -0.233639
v 0.018973 0.718981 -0.240061
v 0.018832 0.706637 -0.243101
v 0.064201 0.731981 -0.243089
v 0.066464 0.668617 -0.232403
v 0.100606 0.734335 -0.263944
v 0.124548 0.645449 -0.243944
v 0.037669 0.783570 -0.257149
v 0.013692 0.727356 -0.248117
v 0.004188 0.725607 -0.237901
v 0.007915 0.718799 -0.230276
v 0.084238 0.821159 -0.281316
v 0.118382 0.833487 -0.317609
v 0.132645 0.730948 -0.299180
v 0.163957 0.632830 -0.269368
v 0.163057 0.728880 -0.332052
v 0.154740 0.824574 -0.353178
v 0.196612 0.639627 -0.306288
v 0.209732 0.748072 -0.435439
v 0.204886 0.715020 -0.406983
v 0.225108 0.677736 -0.417478
v 0.276836 0.720996 -0.464027
v -0.001515 0.704926 -0.240558
v -0.005074 0.721309 -0.244718
v 0.003034 0.722067 -0.257390
v 0.007822 0.701793 -0.252619
v 0.040388 0.716273 -0.275126
v 0.025509 0.765328 -0.274173
v 0.090713 0.717360 -0.315771
v 0.066792 0.801569 -0.297330
v 0.047316 0.670417 -0.253700
v 0.102044 0.647257 -0.264479
v 0.144053 0.635049 -0.292321
v 0.103103 0.813791 -0.335281
v 0.176144 0.640114 -0.327048
v 0.151583 0.712840 -0.385226
v 0.138635 0.806465 -0.369383
v 0.207581 0.670858 -0.424556
v 0.191556 0.743319 -0.442937
v 0.188160 0.702652 -0.441383
v 0.247821 0.711111 -0.478094
v 0.264549 0.713759 -0.481975
v 0.008123 0.708688 -0.233639
v -0.001515 0.704926 -0.240558
v 0.007822 0.701793 -0.252619
v 0.018832 0.706637 -0.243101
v 0.047316 0.670417 -0.253700
v 0.066464 0.668617 -0.232403
v 0.124548 0.645449 -0.243944
v 0.102044 0.647257 -0.264479
v 0.163957 0.632830 -0.269368
v 0.144053 0.635049 -0.292321
v 0.196612 0.639627 -0.306288
v 0.176144 0.640114 -0.327048
v 0.225108 0.677736 -0.417478
v 0.207581 0.670858 -0.424556
v 0.264549 0.713759 -0.481975
v 0.276836 0.720996 -0.464027
v 0.191556 0.743319 -0.442937
v 0.209732 0.748072 -0.435439
v 0.154740 0.824574 -0.353178
v 0.138635 0.806465 -0.369383
v 0.118382 0.833487 -0.317609
v 0.103103 0.813791 -0.335281
v 0.084238 0.821159 -0.281316
v 0.066792 0.801569 -0.297330
v 0.037669 0.783570 -0.257149
v 0.025509 0.765328 -0.274173
v 0.003034 0.722067 -0.257390
v 0.013692 0.727356 -0.248117
v -0.005074 0.721309 -0.244718
v 0.004188 0.725607 -0.237901
v -0.069557 0.729358 0.147075
v -0.055073 0.707912 0.134238
v -0.064114 0.723984 0.112575
v -0.046021 0.673226 0.158352
v -0.078666 0.745527 0.125512
v -0.060557 0.694549 0.170846
v -0.097691 0.757027 0.090084
v -0.083069 0.735387 0.077048
v -0.065335 0.662821 0.181882
v -0.051050 0.639827 0.169969
v -0.060293 0.664502 0.155052
v -0.074116 0.686261 0.167711
v -0.073690 0.687507 0.139569
v -0.087805 0.709619 0.152389
v -0.102519 0.701322 0.114227
v -0.116961 0.723754 0.126905
v -0.136528 0.693872 0.089124
v -0.150978 0.716492 0.101517
v -0.163876 0.658791 0.073808
v -0.178015 0.682139 0.086382
v -0.150470 0.704046 0.015939
v -0.164743 0.726143 0.029159
v -0.130737 0.751271 0.053631
v -0.116238 0.729606 0.040377
v 0.055073 0.707912 0.134238
v 0.069557 0.729358 0.147075
v 0.064114 0.723984 0.112575
v 0.046021 0.673226 0.158352
v 0.078666 0.745527 0.125512
v 0.060557 0.694549 0.170846
v 0.097691 0.757027 0.090084
v 0.083069 0.735387 0.077048
v 0.065335 0.662821 0.181882
v 0.051050 0.639827 0.169969
v 0.060293 0.664502 0.155052
v 0.074116 0.686261 0.167711
v 0.073690 0.687507 0.139569
v 0.087805 0.709619 0.152389
v 0.102519 0.701322 0.114227
v 0.116961 0.723754 0.126905
v 0.136528 0.693872 0.089124
v 0.150978 0.716492 0.101517
v 0.163876 0.658791 0.073808
v 0.178015 0.682139 0.086382
v 0.150470 0.704046 0.015939
v 0.164743 0.726143 0.029159
v 0.130737 0.751271 0.053631
v 0.116238 0.729606 0.040377
v -0.060557 0.694549 0.170846
v -0.071580 0.693274 0.176175
v -0.065335 0.662821 0.181882
v -0.074116 0.686261 0.167711
v -0.079574 0.730429 0.158931
v -0.069557 0.729358 0.147075
v -0.090835 0.723328 0.163921
v -0.087805 0.709619 0.152389
v -0.116961 0.723754 0.126905
v -0.090000 0.748434 0.139255
v -0.078666 0.745527 0.125512
v -0.126195 0.743561 0.135741
v -0.150978 0.716492 0.101517
v -0.110339 0.761771 0.105714
v -0.097691 0.757027 0.090084
v -0.160361 0.739874 0.104925
v -0.178015 0.682139 0.086382
v -0.141071 0.756483 0.073402
v -0.130737 0.751271 0.053631
v -0.170772 0.739576 0.048296
v -0.164743 0.726143 0.029159
v -0.181486 0.719349 0.093231
v 0.071580 0.693274 0.176175
v 0.060557 0.694549 0.170846
v 0.065335 0.662821 0.181882
v 0.074116 0.686261 0.167711
v 0.079574 0.730429 0.158931
v 0.069557 0.729358 0.147075
v 0.090835 0.723328 0.163921
v 0.087805 0.709619 0.152389
v 0.116961 0.723754 0.126905
v 0.090000 0.748434 0.139255
v 0.078666 0.745527 0.125512
v 0.126195 0.743561 0.135741
v 0.150978 0.716492 0.101517
v 0.110339 0.761771 0.105714
v 0.097691 0.757027 0.090084
v 0.160361 0.739874 0.104925
v 0.178015 0.682139 0.086382
v 0.141071 0.756483 0.073402
v 0.130737 0.751271 0.053631
v 0.170772 0.739576 0.048296
v 0.164743 0.726143 0.029159
v 0.181486 0.719349 0.093231
vt 1.026367 -0.389893
vt 1.028320 -0.398926
vt 1.041016 -0.389893
vt 1.041016 -0.404053
vt 1.091797 -0.386963
vt 1.085938 -0.447021
vt 1.135742 -0.387939
vt 1.142578 -0.478027
vt 1.084961 -0.332031
vt 1.041016 -0.375977
vt 1.028320 -0.381104
vt 1.026367 -0.389893
vt 1.135742 -0.302979
vt 1.192383 -0.294922
vt 1.193359 -0.391113
vt 1.194336 -0.487061
vt 1.238281 -0.391113
vt 1.238281 -0.299072
vt 1.244141 -0.482910
vt 1.361328 -0.347900
vt 1.336914 -0.388916
vt 1.361328 -0.429932
vt 1.405273 -0.387939
vt 1.975586 -0.072021
vt 1.975586 -0.064026
vt 1.966797 -0.064026
vt 1.966797 -0.072998
vt 1.949219 -0.067993
vt 1.953125 -0.046997
vt 1.920898 -0.069031
vt 1.935547 -0.033020
vt 1.953125 -0.088989
vt 1.935547 -0.104980
vt 1.912109 -0.113037
vt 1.912109 -0.026016
vt 1.893555 -0.109985
vt 1.883789 -0.070007
vt 1.893555 -0.031006
vt 1.850586 -0.088013
vt 1.847656 -0.053009
vt 1.851562 -0.070984
vt 1.828125 -0.070984
vt 1.819336 -0.070984
vt 1.028320 -0.398926
vt 1.017578 -0.407959
vt 1.032227 -0.416016
vt 1.041016 -0.404053
vt 1.061523 -0.453125
vt 1.085938 -0.447021
vt 1.142578 -0.478027
vt 1.119141 -0.496094
vt 1.194336 -0.487061
vt 1.187500 -0.516113
vt 1.244141 -0.482910
vt 1.253906 -0.506836
vt 1.361328 -0.429932
vt 1.367188 -0.448975
vt 1.424805 -0.387939
vt 1.405273 -0.387939
vt 1.365234 -0.329102
vt 1.361328 -0.347900
vt 1.238281 -0.299072
vt 1.251953 -0.274902
vt 1.192383 -0.294922
vt 1.187500 -0.266113
vt 1.135742 -0.302979
vt 1.115234 -0.282959
vt 1.084961 -0.332031
vt 1.059570 -0.325928
vt 1.028320 -0.364014
vt 1.041016 -0.375977
vt 1.017578 -0.373047
vt 1.028320 -0.381104
vt 1.026367 -0.389893
vt 1.028320 -0.398926
vt 1.041016 -0.389893
vt 1.041016 -0.404053
vt 1.091797 -0.386963
vt 1.085938 -0.447021
vt 1.135742 -0.387939
vt 1.142578 -0.478027
vt 1.084961 -0.332031
vt 1.041016 -0.375977
vt 1.028320 -0.381104
vt 1.026367 -0.389893
vt 1.135742 -0.302979
vt 1.192383 -0.294922
vt 1.193359 -0.391113
vt 1.194336 -0.487061
vt 1.238281 -0.391113
vt 1.238281 -0.299072
vt 1.244141 -0.482910
vt 1.361328 -0.347900
vt 1.336914 -0.388916
vt 1.361328 -0.429932
vt 1.405273 -0.387939
vt 1.975586 -0.072021
vt 1.975586 -0.064026
vt 1.966797 -0.064026
vt 1.966797 -0.072998
vt 1.949219 -0.067993
vt 1.953125 -0.046997
vt 1.920898 -0.069031
vt 1.935547 -0.033020
vt 1.953125 -0.088989
vt 1.935547 -0.104980
vt 1.912109 -0.113037
vt 1.912109 -0.026016
vt 1.893555 -0.109985
vt 1.883789 -0.070007
vt 1.893555 -0.031006
vt 1.850586 -0.088013
vt 1.847656 -0.053009
vt 1.851562 -0.070984
vt 1.828125 -0.070984
vt 1.819336 -0.070984
vt 1.028320 -0.398926
vt 1.017578 -0.407959
vt 1.032227 -0.416016
vt 1.041016 -0.404053
vt 1.061523 -0.453125
vt 1.085938 -0.447021
vt 1.142578 -0.478027
vt 1.119141 -0.496094
vt 1.194336 -0.487061
vt 1.187500 -0.516113
vt 1.244141 -0.482910
vt 1.253906 -0.506836
vt 1.361328 -0.429932
vt 1.367188 -0.448975
vt 1.424805 -0.387939
vt 1.405273 -0.387939
vt 1.365234 -0.329102
vt 1.361328 -0.347900
vt 1.238281 -0.299072
vt 1.251953 -0.274902
vt 1.192383 -0.294922
vt 1.187500 -0.266113
vt 1.135742 -0.302979
vt 1.115234 -0.282959
vt 1.084961 -0.332031
vt 1.059570 -0.325928
vt 1.028320 -0.364014
vt 1.041016 -0.375977
vt 1.017578 -0.373047
vt 1.028320 -0.381104
vt 1.026367 -0.389893
vt 1.028320 -0.398926
vt 1.041016 -0.389893
vt 1.041016 -0.404053
vt 1.091797 -0.386963
vt 1.085938 -0.447021
vt 1.135742 -0.387939
vt 1.142578 -0.478027
vt 1.084961 -0.332031
vt 1.041016 -0.375977
vt 1.028320 -0.381104
vt 1.026367 -0.389893
vt 1.135742 -0.302979
vt 1.192383 -0.294922
vt 1.193359 -0.391113
vt 1.194336 -0.487061
vt 1.238281 -0.391113
vt 1.238281 -0.299072
vt 1.244141 -0.482910
vt 1.361328 -0.347900
vt 1.336914 -0.388916
vt 1.361328 -0.429932
vt 1.405273 -0.387939
vt 1.975586 -0.072021
vt 1.975586 -0.064026
vt 1.966797 -0.064026
vt 1.966797 -0.072998
vt 1.949219 -0.067993
vt 1.953125 -0.046997
vt 1.920898 -0.069031
vt 1.935547 -0.033020
vt 1.953125 -0.088989
vt 1.935547 -0.104980
vt 1.912109 -0.113037
vt 1.912109 -0.026016
vt 1.893555 -0.109985
vt 1.883789 -0.070007
vt 1.893555 -0.031006
vt 1.850586 -0.088013
vt 1.847656 -0.053009
vt 1.851562 -0.070984
vt 1.828125 -0.070984
vt 1.819336 -0.070984
vt 1.028320 -0.398926
vt 1.017578 -0.407959
vt 1.032227 -0.416016
vt 1.041016 -0.404053
vt 1.061523 -0.453125
vt 1.085938 -0.447021
vt 1.142578 -0.478027
vt 1.119141 -0.496094
vt 1.194336 -0.487061
vt 1.187500 -0.516113
vt 1.244141 -0.482910
vt 1.253906 -0.506836
vt 1.361328 -0.429932
vt 1.367188 -0.448975
vt 1.424805 -0.387939
vt 1.405273 -0.387939
vt 1.365234 -0.329102
vt 1.361328 -0.347900
vt 1.238281 -0.299072
vt 1.251953 -0.274902
vt 1.192383 -0.294922
vt 1.187500 -0.266113
vt 1.135742 -0.302979
vt 1.115234 -0.282959
vt 1.084961 -0.332031
vt 1.059570 -0.325928
vt 1.028320 -0.364014
vt 1.041016 -0.375977
vt 1.017578 -0.373047
vt 1.028320 -0.381104
vt 1.026367 -0.389893
vt 1.028320 -0.398926
vt 1.041016 -0.389893
vt 1.041016 -0.404053
vt 1.091797 -0.386963
vt 1.085938 -0.447021
vt 1.135742 -0.387939
vt 1.142578 -0.478027
vt 1.084961 -0.332031
vt 1.041016 -0.375977
vt 1.028320 -0.381104
vt 1.026367 -0.389893
vt 1.135742 -0.302979
vt 1.192383 -0.294922
vt 1.193359 -0.391113
vt 1.194336 -0.487061
vt 1.238281 -0.391113
vt 1.238281 -0.299072
vt 1.244141 -0.482910
vt 1.361328 -0.347900
vt 1.336914 -0.388916
vt 1.361328 -0.429932
vt 1.405273 -0.387939
vt 1.975586 -0.072021
vt 1.975586 -0.064026
vt 1.966797 -0.064026
vt 1.966797 -0.072998
vt 1.949219 -0.067993
vt 1.953125 -0.046997
vt 1.920898 -0.069031
vt 1.935547 -0.033020
vt 1.953125 -0.088989
vt 1.935547 -0.104980
vt 1.912109 -0.113037
vt 1.912109 -0.026016
vt 1.893555 -0.109985
vt 1.883789 -0.070007
vt 1.893555 -0.031006
vt 1.850586 -0.088013
vt 1.847656 -0.053009
vt 1.851562 -0.070984
vt 1.828125 -0.070984
vt 1.819336 -0.070984
vt 1.028320 -0.398926
vt 1.017578 -0.407959
vt 1.032227 -0.416016
vt 1.041016 -0.404053
vt 1.061523 -0.453125
vt 1.085938 -0.447021
vt 1.142578 -0.478027
vt 1.119141 -0.496094
vt 1.194336 -0.487061
vt 1.187500 -0.516113
vt 1.244141 -0.482910
vt 1.253906 -0.506836
vt 1.361328 -0.429932
vt 1.367188 -0.448975
vt 1.424805 -0.387939
vt 1.405273 -0.387939
vt 1.365234 -0.329102
vt 1.361328 -0.347900
vt 1.238281 -0.299072
vt 1.251953 -0.274902
vt 1.192383 -0.294922
vt 1.187500 -0.266113
vt 1.135742 -0.302979
vt 1.115234 -0.282959
vt 1.084961 -0.332031
vt 1.059570 -0.325928
vt 1.028320 -0.364014
vt 1.041016 -0.375977
vt 1.017578 -0.373047
vt 1.028320 -0.381104
vt 1.553711 -0.221191
vt 1.553711 -0.221191
vt 1.547852 -0.220947
vt 1.561523 -0.229980
vt 1.547852 -0.221069
vt 1.561523 -0.230103
vt 1.541016 -0.220825
vt 1.541016 -0.220825
vt 1.569336 -0.238525
vt 1.569336 -0.238770
vt 1.563477 -0.234985
vt 1.563477 -0.234863
vt 1.556641 -0.231201
vt 1.556641 -0.231201
vt 1.547852 -0.231445
vt 1.547852 -0.231445
vt 1.537109 -0.233765
vt 1.537109 -0.233643
vt 1.535156 -0.245361
vt 1.535156 -0.245361
vt 1.526367 -0.243408
vt 1.526367 -0.243408
vt 1.530273 -0.227539
vt 1.530273 -0.227539
vt 1.553711 -0.221191
vt 1.553711 -0.221191
vt 1.547852 -0.220947
vt 1.561523 -0.229980
vt 1.547852 -0.221069
vt 1.561523 -0.230103
vt 1.541016 -0.220825
vt 1.541016 -0.220825
vt 1.569336 -0.238525
vt 1.569336 -0.238770
vt 1.563477 -0.234985
vt 1.563477 -0.234863
vt 1.556641 -0.231201
vt 1.556641 -0.231201
vt 1.547852 -0.231445
vt 1.547852 -0.231445
vt 1.537109 -0.233765
vt 1.537109 -0.233643
vt 1.535156 -0.245361
vt 1.535156 -0.245361
vt 1.526367 -0.243408
vt 1.526367 -0.243408
vt 1.530273 -0.227539
vt 1.530273 -0.227539
vt 1.561523 -0.230103
vt 1.562500 -0.232544
vt 1.569336 -0.238525
vt 1.563477 -0.234863
vt 1.554688 -0.222046
vt 1.553711 -0.221191
vt 1.556641 -0.230713
vt 1.556641 -0.231201
vt 1.547852 -0.231445
vt 1.547852 -0.221924
vt 1.547852 -0.221069
vt 1.547852 -0.230957
vt 1.537109 -0.233643
vt 1.541992 -0.221680
vt 1.541016 -0.220825
vt 1.537109 -0.233398
vt 1.535156 -0.245361
vt 1.531250 -0.228027
vt 1.530273 -0.227539
vt 1.527344 -0.242065
vt 1.526367 -0.243408
vt 1.534180 -0.244141
vt 1.562500 -0.232544
vt 1.561523 -0.230103
vt 1.569336 -0.238525
vt 1.563477 -0.234863
vt 1.554688 -0.222046
vt 1.553711 -0.221191
vt 1.556641 -0.230713
vt 1.556641 -0.231201
vt 1.547852 -0.231445
vt 1.547852 -0.221924
vt 1.547852 -0.221069
vt 1.547852 -0.230957
vt 1.537109 -0.233643
vt 1.541992 -0.221680
vt 1.541016 -0.220825
vt 1.537109 -0.233398
vt 1.535156 -0.245361
vt 1.531250 -0.228027
vt 1.530273 -0.227539
vt 1.527344 -0.242065
vt 1.526367 -0.243408
vt 1.534180 -0.244141
vn -0.4322 0.8984 0.0786
vn -0.2970 0.5216 0.7998
vn -0.2297 0.6124 0.7565
vn -0.5199 0.5762 0.6306
vn -0.5327 0.6182 0.5780
vn -0.7249 0.5839 0.3654
vn -0.7689 0.5456 0.3334
vn -0.5641 0.5423 0.6227
vn -0.3341 0.4030 0.8520
vn -0.9101 0.0545 0.4108
vn -0.7389 0.6048 0.2971
vn -0.7714 0.6171 0.1553
vn -0.8119 0.5502 0.1952
vn -0.8477 0.4770 0.2321
vn -0.8633 0.5043 0.0212
vn -0.8023 0.5968 0.0122
vn -0.9056 0.4162 0.0820
vn -0.8481 0.5294 -0.0212
vn -0.8767 0.4781 -0.0532
vn -0.8919 0.4521 -0.0022
vn -0.7582 0.5619 0.3308
vn 0.9899 0.0423 -0.1353
vn 0.5011 -0.8413 0.2027
vn 0.5755 -0.8060 0.1385
vn 0.9901 -0.0568 -0.1282
vn 0.7043 -0.5913 -0.3927
vn 0.5155 -0.8568 0.0093
vn 0.7890 -0.5630 -0.2460
vn 0.4106 -0.9090 0.0713
vn 0.9518 -0.1203 -0.2823
vn 0.9530 0.0032 -0.3031
vn 0.9479 -0.0578 -0.3132
vn 0.4726 -0.8810 0.0206
vn 0.9189 -0.0123 -0.3942
vn 0.8466 -0.5249 -0.0886
vn 0.3884 -0.9193 -0.0630
vn 0.9080 0.0444 -0.4165
vn 0.3371 -0.9397 -0.0572
vn 0.8444 -0.5184 -0.1353
vn 0.6584 -0.5677 -0.4942
vn 0.1521 -0.4150 -0.8970
vn 0.5056 0.8416 -0.1900
vn 0.9899 0.0423 -0.1354
vn 0.6849 0.5883 0.4300
vn 0.8075 0.5786 0.1150
vn 0.8110 0.5762 -0.1012
vn 0.7520 0.5688 -0.3332
vn 0.9479 -0.0577 -0.3132
vn 0.5698 0.5517 -0.6090
vn 0.3685 0.5897 -0.7186
vn -0.3214 -0.1688 -0.9318
vn -0.4640 -0.8739 -0.1448
vn -0.2943 -0.9547 -0.0441
vn -0.1276 -0.9528 0.2754
vn -0.0335 -0.8891 0.4564
vn 0.0578 -0.7791 0.6242
vn 0.1227 -0.4986 0.8581
vn 0.5011 -0.8413 0.2026
vn -0.3965 -0.8035 0.4441
vn 0.0446 0.7104 0.7024
vn -0.4430 0.0732 0.8935
vn -0.3321 0.0905 0.9389
vn -0.4753 0.3439 0.8098
vn -0.4354 0.3996 0.8067
vn -0.4615 0.6018 0.6518
vn -0.4868 0.6289 0.6062
vn -0.5158 0.3631 0.7760
vn -0.5502 0.0163 0.8349
vn -0.8430 0.4790 0.2448
vn -0.4280 0.6422 0.6359
vn -0.3534 0.7720 0.5284
vn -0.4252 0.7578 0.4950
vn -0.4902 0.7455 0.4517
vn -0.3094 0.9213 0.2357
vn -0.2912 0.9078 0.3019
vn -0.3525 0.9089 0.2229
vn -0.1421 0.9890 -0.0404
vn -0.1778 0.9840 -0.0130
vn -0.1470 0.9790 -0.1416
vn 0.1998 0.7276 -0.6563
vn 0.7804 -0.6252 0.0127
vn -0.1354 -0.8711 -0.4720
vn -0.0315 -0.8758 -0.4816
vn 0.7335 -0.6773 -0.0578
vn 0.4588 -0.5982 -0.6570
vn -0.0180 -0.7917 -0.6107
vn 0.4339 -0.7300 -0.5281
vn -0.1443 -0.7565 -0.6379
vn 0.7688 -0.6030 -0.2130
vn 0.8416 -0.5206 -0.1435
vn 0.8191 -0.5506 -0.1609
vn -0.1083 -0.7782 -0.6186
vn 0.8133 -0.5625 -0.1489
vn 0.3410 -0.8763 -0.3404
vn -0.1232 -0.7480 -0.6522
vn 0.8095 -0.5830 0.0697
vn -0.3248 -0.7390 -0.5903
vn 0.1831 -0.9829 -0.0184
vn -0.1638 -0.7891 0.5920
vn 0.0961 -0.9528 -0.2879
vn 0.8234 0.1402 0.5499
vn 0.7335 -0.6772 -0.0579
vn 0.4782 -0.4185 0.7721
vn 0.7413 -0.3560 0.5690
vn 0.8842 -0.2348 0.4037
vn 0.8416 -0.5207 -0.1435
vn 0.9642 -0.1078 0.2423
vn 0.8191 -0.5507 -0.1609
vn 0.9968 -0.0276 0.0757
vn 0.9914 -0.1263 0.0336
vn 0.3613 -0.5933 -0.7193
vn -0.3247 -0.7390 -0.5903
vn -0.5702 -0.3312 -0.7518
vn -0.5646 -0.3755 -0.7350
vn -0.1231 -0.7480 -0.6522
vn -0.6671 -0.5012 -0.5511
vn -0.1084 -0.7782 -0.6186
vn -0.6764 -0.6188 -0.3993
vn -0.6590 -0.7298 -0.1822
vn -0.0316 -0.8758 -0.4817
vn -0.6283 -0.7552 0.1866
vn -0.1354 -0.8711 -0.4721
vn -0.8788 -0.3257 -0.3488
vn 0.3609 0.4866 -0.7956
vn -0.0798 0.9565 -0.2805
vn 0.0411 0.9570 -0.2870
vn -0.1147 0.8462 -0.5204
vn -0.0759 0.8228 -0.5633
vn -0.1459 0.5520 -0.8210
vn -0.2019 0.4868 -0.8499
vn -0.1603 0.8268 -0.5391
vn -0.2056 0.9506 -0.2326
vn -0.6494 0.4147 -0.6374
vn -0.0972 0.4885 -0.8671
vn -0.0704 0.1437 -0.9871
vn -0.1589 0.1618 -0.9740
vn -0.2365 0.1802 -0.9548
vn -0.1238 0.2507 -0.9601
vn -0.0526 0.2623 -0.9636
vn -0.2187 0.1726 -0.9604
vn -0.0380 0.7175 -0.6955
vn -0.0856 0.6369 -0.7662
vn -0.1223 0.6234 -0.7723
vn -0.0227 0.9437 -0.3299
vn 0.6715 -0.1274 0.7300
vn -0.3760 -0.2117 0.9021
vn -0.2836 -0.2549 0.9244
vn 0.5977 -0.1657 0.7844
vn 0.1306 -0.6560 0.7434
vn -0.3126 -0.4213 0.8514
vn 0.1691 -0.2802 0.9449
vn -0.4308 -0.3479 0.8327
vn 0.5815 -0.3570 0.7310
vn 0.6897 -0.2773 0.6689
vn 0.6524 -0.1473 0.7434
vn -0.3154 -0.0767 0.9459
vn 0.5354 -0.2781 0.7975
vn 0.0930 -0.4072 0.9086
vn -0.3035 -0.3847 0.8717
vn 0.5767 -0.7023 0.4173
vn -0.3755 -0.8616 0.3414
vn 0.0538 -0.8281 0.5579
vn 0.0275 -0.9677 0.2506
vn 0.0838 -0.9347 -0.3455
vn 0.9759 0.1969 -0.0937
vn 0.5977 -0.1658 0.7844
vn 0.6858 0.6311 0.3623
vn 0.5815 -0.3570 0.7311
vn 0.8647 0.3376 0.3720
vn 0.9446 0.1214 0.3049
vn 0.9752 -0.0494 0.2156
vn 0.6524 -0.1473 0.7435
vn 0.9626 -0.2707 0.0095
vn 0.8867 -0.3187 -0.3348
vn 0.0838 -0.9346 -0.3456
vn 0.0259 -0.6879 -0.7254
vn -0.3755 -0.8616 0.3415
vn -0.7200 -0.6351 -0.2796
vn -0.8921 -0.3603 0.2726
vn -0.8341 0.0026 0.5515
vn -0.8227 0.0225 0.5681
vn -0.7542 0.1877 0.6292
vn -0.3126 -0.4212 0.8514
vn -0.2837 -0.2549 0.9244
vn -0.5835 0.5374 0.6089
vn -0.3760 -0.2118 0.9021
vn -0.9711 0.0440 0.2345
vn 0.6376 -0.2094 0.7414
vn -0.0366 0.2023 0.9786
vn -0.0191 0.0838 0.9963
vn 0.2394 0.2595 0.9356
vn 0.2969 0.2227 0.9286
vn 0.5388 0.2953 0.7890
vn 0.5714 0.3367 0.7484
vn 0.2601 0.3076 0.9153
vn -0.0920 0.3198 0.9430
vn 0.4140 0.7612 0.4992
vn 0.5971 0.2661 0.7567
vn 0.7074 0.2265 0.6695
vn 0.6836 0.3105 0.6605
vn 0.6555 0.3939 0.6443
vn 0.8007 0.3067 0.5147
vn 0.8033 0.2049 0.5593
vn 0.7569 0.4129 0.5067
vn 0.8256 0.2646 0.4984
vn 0.8420 0.3031 0.4462
vn 0.8118 0.3491 0.4681
vn 0.5726 0.3184 0.7555
vn -0.5880 -0.7687 -0.2515
vn -0.8245 0.2358 -0.5144
vn -0.8236 0.1377 -0.5502
vn -0.6348 -0.7064 -0.3133
vn -0.5119 -0.2870 -0.8097
vn -0.7286 0.1603 -0.6659
vn -0.6437 -0.3064 -0.7012
vn -0.7144 0.2890 -0.6372
vn -0.5458 -0.7009 -0.4592
vn -0.4817 -0.7842 -0.3911
vn -0.4984 -0.7479 -0.4385
vn -0.7159 0.2092 -0.6662
vn -0.4117 -0.7864 -0.4605
vn -0.7587 -0.3087 -0.5736
vn -0.6254 0.2587 -0.7362
vn -0.3670 -0.8216 -0.4363
vn -0.6020 0.3091 -0.7363
vn -0.7272 -0.3292 -0.6023
vn -0.4110 -0.3085 -0.8579
vn 0.2389 -0.2030 -0.9496
vn 0.1204 -0.9337 0.3373
vn -0.5880 -0.7687 -0.2516
vn -0.6347 -0.7064 -0.3133
vn -0.4722 -0.6662 0.5772
vn -0.3780 -0.8678 0.3225
vn -0.2557 -0.9525 0.1655
vn -0.4817 -0.7842 -0.3912
vn -0.0831 -0.9965 0.0055
vn 0.1960 -0.9658 -0.1697
vn 0.4153 -0.8906 -0.1852
vn -0.3670 -0.8216 -0.4362
vn 0.6921 -0.0344 -0.7210
vn 0.0314 0.7946 -0.6063
vn -0.1792 0.7638 -0.6201
vn -0.4795 0.7699 -0.4211
vn -0.7159 0.2091 -0.6662
vn -0.6227 0.7359 -0.2661
vn -0.7144 0.2889 -0.6373
vn -0.7364 0.6707 -0.0888
vn -0.7287 0.1603 -0.6659
vn -0.7973 0.5468 0.2555
vn -0.8245 0.2358 -0.5145
vn -0.3277 0.9328 -0.1500
vn 0.8585 0.4885 0.1559
vn 0.8627 0.4606 0.2089
vn 0.7988 0.5946 -0.0915
vn 0.8146 0.2455 0.5255
vn 0.7900 0.6024 -0.1141
vn 0.8498 0.3398 0.4030
vn 0.6290 0.6665 -0.4002
vn 0.6265 0.6668 -0.4036
vn 0.0166 -0.4518 0.8920
vn 0.1368 -0.3874 0.9117
vn -0.8707 -0.4708 -0.1422
vn -0.8621 -0.4998 -0.0838
vn -0.7838 -0.5974 0.1695
vn -0.7208 -0.6285 0.2924
vn -0.5325 -0.6479 0.5447
vn -0.5000 -0.6449 0.5781
vn -0.1338 -0.5415 0.8300
vn -0.1968 -0.5668 0.8000
vn -0.8639 -0.5010 -0.0522
vn -0.7824 -0.5891 0.2022
vn -0.6832 0.0028 -0.7302
vn -0.5863 0.1093 -0.8027
vn 0.3527 0.6463 -0.6767
vn 0.3119 0.6361 -0.7058
vn -0.8627 0.4606 0.2089
vn -0.8585 0.4885 0.1559
vn -0.7988 0.5946 -0.0915
vn -0.8146 0.2455 0.5255
vn -0.7900 0.6024 -0.1141
vn -0.8498 0.3398 0.4030
vn -0.6290 0.6665 -0.4002
vn -0.6265 0.6668 -0.4036
vn -0.0166 -0.4518 0.8920
vn -0.1368 -0.3874 0.9117
vn 0.8707 -0.4708 -0.1422
vn 0.8621 -0.4999 -0.0838
vn 0.7838 -0.5974 0.1695
vn 0.7208 -0.6285 0.2924
vn 0.5325 -0.6479 0.5447
vn 0.5000 -0.6449 0.5781
vn 0.1338 -0.5415 0.8299
vn 0.1968 -0.5667 0.8000
vn 0.8639 -0.5010 -0.0522
vn 0.7824 -0.5891 0.2022
vn 0.6832 0.0028 -0.7302
vn 0.5863 0.1093 -0.8027
vn -0.3527 0.6463 -0.6767
vn -0.3119 0.6361 -0.7058
vn 0.5192 0.4632 0.7182
vn -0.2173 0.1767 0.9600
vn -0.2821 0.1205 0.9518
vn -0.8865 -0.2951 0.3564
vn 0.4072 0.6336 0.6578
vn 0.5639 0.6501 0.5093
vn -0.6420 -0.1245 0.7565
vn -0.7652 -0.4762 0.4332
vn -0.6165 -0.4950 0.6123
vn 0.1833 0.8793 0.4395
vn 0.4570 0.8728 0.1716
vn -0.6069 0.4148 0.6779
vn -0.4010 -0.3243 0.8568
vn -0.1088 0.9812 0.1592
vn 0.1997 0.9734 -0.1118
vn -0.6309 0.5959 0.4969
vn -0.9900 -0.1186 0.0764
vn -0.3567 0.9342 -0.0089
vn -0.0811 0.9182 -0.3877
vn -0.8302 0.4927 -0.2607
vn -0.8724 0.2830 -0.3986
vn -0.9365 0.2216 0.2716
vn 0.2173 0.1767 0.9600
vn -0.5192 0.4632 0.7182
vn 0.2821 0.1205 0.9518
vn 0.8865 -0.2951 0.3564
vn -0.4072 0.6336 0.6578
vn -0.5639 0.6501 0.5093
vn 0.6420 -0.1246 0.7565
vn 0.7652 -0.4762 0.4332
vn 0.6165 -0.4950 0.6123
vn -0.1834 0.8793 0.4395
vn -0.4570 0.8728 0.1716
vn 0.6069 0.4148 0.6779
vn 0.4010 -0.3243 0.8568
vn 0.1088 0.9812 0.1592
vn -0.1997 0.9734 -0.1118
vn 0.6309 0.5959 0.4969
vn 0.9900 -0.1186 0.0764
vn 0.3567 0.9342 -0.0089
vn 0.0811 0.9182 -0.3877
vn 0.8302 0.4927 -0.2607
vn 0.8724 0.2830 -0.3986
vn 0.9365 0.2216 0.2716
usemtl Peashooter
s 1
f 937/937/872 938/938/872 939/939/873
f 938/938/872 940/940/874 939/939/873
f 941/941/875 939/939/873 940/940/874
f 942/942/876 941/941/875 940/940/874
f 941/941/875 942/942/876 943/943/877
f 942/942/876 944/944/878 943/943/877
f 939/939/873 941/941/875 945/945/879
f 945/945/879 941/941/875 943/943/877
f 946/946/880 939/939/873 945/945/879
f 946/946/880 947/947/881 939/939/873
f 947/947/881 948/948/881 939/939/873
f 949/949/882 945/945/879 943/943/877
f 950/950/883 949/949/882 943/943/877
f 943/943/877 944/944/878 951/951/884
f 951/951/884 950/950/883 943/943/877
f 944/944/878 952/952/885 951/951/884
f 950/950/883 951/951/884 953/953/886
f 951/951/884 952/952/885 953/953/886
f 954/954/887 950/950/883 953/953/886
f 952/952/885 955/955/888 953/953/886
f 956/956/889 954/954/887 953/953/886
f 953/953/886 955/955/888 957/957/890
f 957/957/890 956/956/889 953/953/886
f 955/955/888 958/958/891 957/957/890
f 957/957/890 959/959/892 956/956/889
f 958/958/891 959/959/892 957/957/890
f 960/960/893 961/961/894 962/962/895
f 963/963/896 960/960/893 962/962/895
f 963/963/896 962/962/895 964/964/897
f 964/964/897 962/962/895 965/965/898
f 966/966/899 964/964/897 965/965/898
f 967/967/900 966/966/899 965/965/898
f 963/963/896 964/964/897 968/968/901
f 964/964/897 966/966/899 968/968/901
f 966/966/899 969/969/902 968/968/901
f 970/970/903 969/969/902 966/966/899
f 967/967/900 971/971/904 966/966/899
f 972/972/905 970/970/903 966/966/899
f 973/973/906 966/966/899 971/971/904
f 973/973/906 972/972/905 966/966/899
f 974/974/907 973/973/906 971/971/904
f 975/975/908 972/972/905 973/973/906
f 973/973/906 974/974/907 976/976/909
f 977/977/910 975/975/908 973/973/906
f 977/977/910 973/973/906 976/976/909
f 975/975/908 977/977/910 978/978/911
f 977/977/910 976/976/909 978/978/911
f 979/979/912 975/975/908 978/978/911
f 976/976/909 979/979/912 978/978/911
f 980/980/913 981/981/914 982/982/896
f 983/983/915 980/980/913 982/982/896
f 982/982/896 984/984/901 983/983/915
f 984/984/901 985/985/916 983/983/915
f 985/985/916 984/984/901 986/986/917
f 984/984/901 987/987/902 986/986/917
f 988/988/918 986/986/917 987/987/902
f 989/989/919 988/988/918 987/987/902
f 988/988/918 989/989/919 990/990/920
f 989/989/919 991/991/905 990/990/920
f 992/992/921 990/990/920 991/991/905
f 993/993/908 992/992/921 991/991/905
f 993/993/908 994/994/912 992/992/921
f 994/994/912 995/995/922 992/992/921
f 995/995/922 994/994/912 996/996/909
f 997/997/923 995/995/922 996/996/909
f 997/997/923 996/996/909 998/998/924
f 996/996/909 999/999/907 998/998/924
f 998/998/924 999/999/907 1000/1000/925
f 999/999/907 1001/1001/904 1000/1000/925
f 1002/1002/926 1000/1000/925 1001/1001/904
f 1003/1003/900 1002/1002/926 1001/1001/904
f 1002/1002/926 1003/1003/900 1004/1004/927
f 1003/1003/900 1005/1005/898 1004/1004/927
f 1005/1005/898 1006/1006/895 1004/1004/927
f 1006/1006/895 1007/1007/928 1004/1004/927
f 1007/1007/928 1006/1006/895 1008/1008/929
f 1009/1009/930 1007/1007/928 1008/1008/929
f 1010/1010/931 1011/1011/931 1012/1012/932
f 1011/1011/931 1013/1013/933 1012/1012/932
f 1014/1014/934 1012/1012/932 1013/1013/933
f 1015/1015/935 1014/1014/934 1013/1013/933
f 1014/1014/934 1015/1015/935 1016/1016/936
f 1015/1015/935 1017/1017/937 1016/1016/936
f 1012/1012/932 1014/1014/934 1018/1018/938
f 1018/1018/938 1014/1014/934 1016/1016/936
f 1019/1019/939 1012/1012/932 1018/1018/938
f 1019/1019/939 1020/1020/940 1012/1012/932
f 1020/1020/940 1021/1021/940 1012/1012/932
f 1022/1022/941 1018/1018/938 1016/1016/936
f 1023/1023/942 1022/1022/941 1016/1016/936
f 1016/1016/936 1017/1017/937 1024/1024/943
f 1024/1024/943 1023/1023/942 1016/1016/936
f 1017/1017/937 1025/1025/944 1024/1024/943
f 1023/1023/942 1024/1024/943 1026/1026/945
f 1024/1024/943 1025/1025/944 1026/1026/945
f 1027/1027/946 1023/1023/942 1026/1026/945
f 1025/1025/944 1028/1028/947 1026/1026/945
f 1029/1029/948 1027/1027/946 1026/1026/945
f 1026/1026/945 1028/1028/947 1030/1030/949
f 1030/1030/949 1029/1029/948 1026/1026/945
f 1028/1028/947 1031/1031/950 1030/1030/949
f 1030/1030/949 1032/1032/951 1029/1029/948
f 1031/1031/950 1032/1032/951 1030/1030/949
f 1033/1033/952 1034/1034/953 1035/1035/954
f 1036/1036/955 1033/1033/952 1035/1035/954
f 1036/1036/955 1035/1035/954 1037/1037/956
f 1037/1037/956 1035/1035/954 1038/1038/957
f 1039/1039/958 1037/1037/956 1038/1038/957
f 1040/1040/959 1039/1039/958 1038/1038/957
f 1036/1036/955 1037/1037/956 1041/1041/960
f 1037/1037/956 1039/1039/958 1041/1041/960
f 1039/1039/958 1042/1042/961 1041/1041/960
f 1043/1043/962 1042/1042/961 1039/1039/958
f 1040/1040/959 1044/1044/963 1039/1039/958
f 1045/1045/964 1043/1043/962 1039/1039/958
f 1046/1046/965 1039/1039/958 1044/1044/963
f 1046/1046/965 1045/1045/964 1039/1039/958
f 1047/1047/966 1046/1046/965 1044/1044/963
f 1048/1048/967 1045/1045/964 1046/1046/965
f 1046/1046/965 1047/1047/966 1049/1049/968
f 1050/1050/969 1048/1048/967 1046/1046/965
f 1050/1050/969 1046/1046/965 1049/1049/968
f 1048/1048/967 1050/1050/969 1051/1051/970
f 1050/1050/969 1049/1049/968 1051/1051/970
f 1052/1052/971 1048/1048/967 1051/1051/970
f 1049/1049/968 1052/1052/971 1051/1051/970
f 1053/1053/972 1054/1054/952 1055/1055/973
f 1056/1056/974 1053/1053/972 1055/1055/973
f 1055/1055/973 1057/1057/960 1056/1056/974
f 1057/1057/960 1058/1058/975 1056/1056/974
f 1058/1058/975 1057/1057/960 1059/1059/976
f 1057/1057/960 1060/1060/977 1059/1059/976
f 1061/1061/978 1059/1059/976 1060/1060/977
f 1062/1062/979 1061/1061/978 1060/1060/977
f 1061/1061/978 1062/1062/979 1063/1063/980
f 1062/1062/979 1064/1064/964 1063/1063/980
f 1065/1065/981 1063/1063/980 1064/1064/964
f 1066/1066/967 1065/1065/981 1064/1064/964
f 1066/1066/967 1067/1067/971 1065/1065/981
f 1067/1067/971 1068/1068/982 1065/1065/981
f 1068/1068/982 1067/1067/971 1069/1069/983
f 1070/1070/984 1068/1068/982 1069/1069/983
f 1070/1070/984 1069/1069/983 1071/1071/985
f 1069/1069/983 1072/1072/986 1071/1071/985
f 1071/1071/985 1072/1072/986 1073/1073/987
f 1072/1072/986 1074/1074/988 1073/1073/987
f 1075/1075/989 1073/1073/987 1074/1074/988
f 1076/1076/959 1075/1075/989 1074/1074/988
f 1075/1075/989 1076/1076/959 1077/1077/990
f 1076/1076/959 1078/1078/957 1077/1077/990
f 1078/1078/957 1079/1079/991 1077/1077/990
f 1079/1079/991 1080/1080/992 1077/1077/990
f 1080/1080/992 1079/1079/991 1081/1081/993
f 1082/1082/994 1080/1080/992 1081/1081/993
f 1083/1083/995 1084/1084/995 1085/1085/996
f 1084/1084/995 1086/1086/997 1085/1085/996
f 1087/1087/998 1085/1085/996 1086/1086/997
f 1088/1088/999 1087/1087/998 1086/1086/997
f 1087/1087/998 1088/1088/999 1089/1089/1000
f 1088/1088/999 1090/1090/1001 1089/1089/1000
f 1085/1085/996 1087/1087/998 1091/1091/1002
f 1091/1091/1002 1087/1087/998 1089/1089/1000
f 1092/1092/1003 1085/1085/996 1091/1091/1002
f 1092/1092/1003 1093/1093/1004 1085/1085/996
f 1093/1093/1004 1094/1094/1004 1085/1085/996
f 1095/1095/1005 1091/1091/1002 1089/1089/1000
f 1096/1096/1006 1095/1095/1005 1089/1089/1000
f 1089/1089/1000 1090/1090/1001 1097/1097/1007
f 1097/1097/1007 1096/1096/1006 1089/1089/1000
f 1090/1090/1001 1098/1098/1008 1097/1097/1007
f 1096/1096/1006 1097/1097/1007 1099/1099/1009
f 1097/1097/1007 1098/1098/1008 1099/1099/1009
f 1100/1100/1010 1096/1096/1006 1099/1099/1009
f 1098/1098/1008 1101/1101/1011 1099/1099/1009
f 1102/1102/1012 1100/1100/1010 1099/1099/1009
f 1099/1099/1009 1101/1101/1011 1103/1103/1013
f 1103/1103/1013 1102/1102/1012 1099/1099/1009
f 1101/1101/1011 1104/1104/1014 1103/1103/1013
f 1103/1103/1013 1105/1105/1015 1102/1102/1012
f 1104/1104/1014 1105/1105/1015 1103/1103/1013
f 1106/1106/1016 1107/1107/1017 1108/1108/1018
f 1109/1109/1019 1106/1106/1016 1108/1108/1018
f 1109/1109/1019 1108/1108/1018 1110/1110/1020
f 1110/1110/1020 1108/1108/1018 1111/1111/1021
f 1112/1112/1022 1110/1110/1020 1111/1111/1021
f 1113/1113/1023 1112/1112/1022 1111/1111/1021
f 1109/1109/1019 1110/1110/1020 1114/1114/1024
f 1110/1110/1020 1112/1112/1022 1114/1114/1024
f 1112/1112/1022 1115/1115/1025 1114/1114/1024
f 1116/1116/1026 1115/1115/1025 1112/1112/1022
f 1113/1113/1023 1117/1117/1027 1112/1112/1022
f 1118/1118/1028 1116/1116/1026 1112/1112/1022
f 1119/1119/1029 1112/1112/1022 1117/1117/1027
f 1119/1119/1029 1118/1118/1028 1112/1112/1022
f 1120/1120/1030 1119/1119/1029 1117/1117/1027
f 1121/1121/1031 1118/1118/1028 1119/1119/1029
f 1119/1119/1029 1120/1120/1030 1122/1122/1032
f 1123/1123/1033 1121/1121/1031 1119/1119/1029
f 1123/1123/1033 1119/1119/1029 1122/1122/1032
f 1121/1121/1031 1123/1123/1033 1124/1124/1034
f 1123/1123/1033 1122/1122/1032 1124/1124/1034
f 1125/1125/1035 1121/1121/1031 1124/1124/1034
f 1122/1122/1032 1125/1125/1035 1124/1124/1034
f 1126/1126/1036 1127/1127/1016 1128/1128/1037
f 1129/1129/1038 1126/1126/1036 1128/1128/1037
f 1128/1128/1037 1130/1130/1039 1129/1129/1038
f 1130/1130/1039 1131/1131/1040 1129/1129/1038
f 1131/1131/1040 1130/1130/1039 1132/1132/1041
f 1130/1130/1039 1133/1133/1025 1132/1132/1041
f 1134/1134/1042 1132/1132/1041 1133/1133/1025
f 1135/1135/1043 1134/1134/1042 1133/1133/1025
f 1134/1134/1042 1135/1135/1043 1136/1136/1044
f 1135/1135/1043 1137/1137/1028 1136/1136/1044
f 1138/1138/1045 1136/1136/1044 1137/1137/1028
f 1139/1139/1031 1138/1138/1045 1137/1137/1028
f 1139/1139/1031 1140/1140/1046 1138/1138/1045
f 1140/1140/1046 1141/1141/1047 1138/1138/1045
f 1141/1141/1047 1140/1140/1046 1142/1142/1048
f 1143/1143/1049 1141/1141/1047 1142/1142/1048
f 1143/1143/1049 1142/1142/1048 1144/1144/1050
f 1142/1142/1048 1145/1145/1030 1144/1144/1050
f 1144/1144/1050 1145/1145/1030 1146/1146/1051
f 1145/1145/1030 1147/1147/1027 1146/1146/1051
f 1148/1148/1052 1146/1146/1051 1147/1147/1027
f 1149/1149/1023 1148/1148/1052 1147/1147/1027
f 1148/1148/1052 1149/1149/1023 1150/1150/1053
f 1149/1149/1023 1151/1151/1054 1150/1150/1053
f 1151/1151/1054 1152/1152/1055 1150/1150/1053
f 1152/1152/1055 1153/1153/1056 1150/1150/1053
f 1153/1153/1056 1152/1152/1055 1154/1154/1057
f 1155/1155/1058 1153/1153/1056 1154/1154/1057
f 1156/1156/1059 1157/1157/1059 1158/1158/1060
f 1157/1157/1059 1159/1159/1061 1158/1158/1060
f 1160/1160/1062 1158/1158/1060 1159/1159/1061
f 1161/1161/1063 1160/1160/1062 1159/1159/1061
f 1160/1160/1062 1161/1161/1063 1162/1162/1064
f 1161/1161/1063 1163/1163/1065 1162/1162/1064
f 1158/1158/1060 1160/1160/1062 1164/1164/1066
f 1164/1164/1066 1160/1160/1062 1162/1162/1064
f 1165/1165/1067 1158/1158/1060 1164/1164/1066
f 1165/1165/1067 1166/1166/1068 1158/1158/1060
f 1166/1166/1068 1167/1167/1068 1158/1158/1060
f 1168/1168/1069 1164/1164/1066 1162/1162/1064
f 1169/1169/1070 1168/1168/1069 1162/1162/1064
f 1162/1162/1064 1163/1163/1065 1170/1170/1071
f 1170/1170/1071 1169/1169/1070 1162/1162/1064
f 1163/1163/1065 1171/1171/1072 1170/1170/1071
f 1169/1169/1070 1170/1170/1071 1172/1172/1073
f 1170/1170/1071 1171/1171/1072 1172/1172/1073
f 1173/1173/1074 1169/1169/1070 1172/1172/1073
f 1171/1171/1072 1174/1174/1075 1172/1172/1073
f 1175/1175/1076 1173/1173/1074 1172/1172/1073
f 1172/1172/1073 1174/1174/1075 1176/1176/1077
f 1176/1176/1077 1175/1175/1076 1172/1172/1073
f 1174/1174/1075 1177/1177/1078 1176/1176/1077
f 1176/1176/1077 1178/1178/1079 1175/1175/1076
f 1177/1177/1078 1178/1178/1079 1176/1176/1077
f 1179/1179/1080 1180/1180/1081 1181/1181/1082
f 1182/1182/1083 1179/1179/1080 1181/1181/1082
f 1182/1182/1083 1181/1181/1082 1183/1183/1084
f 1183/1183/1084 1181/1181/1082 1184/1184/1085
f 1185/1185/1086 1183/1183/1084 1184/1184/1085
f 1186/1186/1087 1185/1185/1086 1184/1184/1085
f 1182/1182/1083 1183/1183/1084 1187/1187/1088
f 1183/1183/1084 1185/1185/1086 1187/1187/1088
f 1185/1185/1086 1188/1188/1089 1187/1187/1088
f 1189/1189/1090 1188/1188/1089 1185/1185/1086
f 1186/1186/1087 1190/1190/1091 1185/1185/1086
f 1191/1191/1092 1189/1189/1090 1185/1185/1086
f 1192/1192/1093 1185/1185/1086 1190/1190/1091
f 1192/1192/1093 1191/1191/1092 1185/1185/1086
f 1193/1193/1094 1192/1192/1093 1190/1190/1091
f 1194/1194/1095 1191/1191/1092 1192/1192/1093
f 1192/1192/1093 1193/1193/1094 1195/1195/1096
f 1196/1196/1097 1194/1194/1095 1192/1192/1093
f 1196/1196/1097 1192/1192/1093 1195/1195/1096
f 1194/1194/1095 1196/1196/1097 1197/1197/1098
f 1196/1196/1097 1195/1195/1096 1197/1197/1098
f 1198/1198/1099 1194/1194/1095 1197/1197/1098
f 1195/1195/1096 1198/1198/1099 1197/1197/1098
f 1199/1199/1100 1200/1200/1101 1201/1201/1102
f 1202/1202/1103 1199/1199/1100 1201/1201/1102
f 1201/1201/1102 1203/1203/1088 1202/1202/1103
f 1203/1203/1088 1204/1204/1104 1202/1202/1103
f 1204/1204/1104 1203/1203/1088 1205/1205/1105
f 1203/1203/1088 1206/1206/1106 1205/1205/1105
f 1207/1207/1107 1205/1205/1105 1206/1206/1106
f 1208/1208/1090 1207/1207/1107 1206/1206/1106
f 1207/1207/1107 1208/1208/1090 1209/1209/1108
f 1208/1208/1090 1210/1210/1092 1209/1209/1108
f 1211/1211/1109 1209/1209/1108 1210/1210/1092
f 1212/1212/1110 1211/1211/1109 1210/1210/1092
f 1212/1212/1110 1213/1213/1099 1211/1211/1109
f 1213/1213/1099 1214/1214/1111 1211/1211/1109
f 1214/1214/1111 1213/1213/1099 1215/1215/1096
f 1216/1216/1112 1214/1214/1111 1215/1215/1096
f 1216/1216/1112 1215/1215/1096 1217/1217/1113
f 1215/1215/1096 1218/1218/1094 1217/1217/1113
f 1217/1217/1113 1218/1218/1094 1219/1219/1114
f 1218/1218/1094 1220/1220/1115 1219/1219/1114
f 1221/1221/1116 1219/1219/1114 1220/1220/1115
f 1222/1222/1117 1221/1221/1116 1220/1220/1115
f 1221/1221/1116 1222/1222/1117 1223/1223/1118
f 1222/1222/1117 1224/1224/1119 1223/1223/1118
f 1224/1224/1119 1225/1225/1082 1223/1223/1118
f 1225/1225/1082 1226/1226/1120 1223/1223/1118
f 1226/1226/1120 1225/1225/1082 1227/1227/1121
f 1228/1228/1122 1226/1226/1120 1227/1227/1121
f 1229/1229/1123 1230/1230/1124 1231/1231/1125
f 1232/1232/1126 1230/1230/1124 1229/1229/1123
f 1233/1233/1127 1229/1229/1123 1231/1231/1125
f 1234/1234/1128 1232/1232/1126 1229/1229/1123
f 1233/1233/1127 1231/1231/1125 1235/1235/1129
f 1231/1231/1125 1236/1236/1130 1235/1235/1129
f 1234/1234/1128 1237/1237/1131 1232/1232/1126
f 1237/1237/1131 1238/1238/1132 1232/1232/1126
f 1239/1239/1133 1238/1238/1132 1237/1237/1131
f 1240/1240/1134 1239/1239/1133 1237/1237/1131
f 1241/1241/1135 1239/1239/1133 1240/1240/1134
f 1242/1242/1136 1241/1241/1135 1240/1240/1134
f 1241/1241/1135 1242/1242/1136 1243/1243/1137
f 1242/1242/1136 1244/1244/1138 1243/1243/1137
f 1243/1243/1137 1244/1244/1138 1245/1245/1139
f 1244/1244/1138 1246/1246/1140 1245/1245/1139
f 1245/1245/1139 1246/1246/1140 1247/1247/1141
f 1246/1246/1140 1248/1248/1142 1247/1247/1141
f 1247/1247/1141 1248/1248/1142 1249/1249/1143
f 1248/1248/1142 1250/1250/1144 1249/1249/1143
f 1250/1250/1144 1251/1251/1145 1249/1249/1143
f 1251/1251/1145 1252/1252/1146 1249/1249/1143
f 1236/1236/1130 1252/1252/1146 1251/1251/1145
f 1235/1235/1129 1236/1236/1130 1251/1251/1145
f 1253/1253/1147 1254/1254/1148 1255/1255/1149
f 1253/1253/1147 1256/1256/1150 1254/1254/1148
f 1254/1254/1148 1257/1257/1151 1255/1255/1149
f 1256/1256/1150 1258/1258/1152 1254/1254/1148
f 1255/1255/1149 1257/1257/1151 1259/1259/1153
f 1260/1260/1154 1255/1255/1149 1259/1259/1153
f 1261/1261/1155 1258/1258/1152 1256/1256/1150
f 1262/1262/1156 1261/1261/1155 1256/1256/1150
f 1262/1262/1156 1263/1263/1157 1261/1261/1155
f 1263/1263/1157 1264/1264/1158 1261/1261/1155
f 1263/1263/1157 1265/1265/1159 1264/1264/1158
f 1265/1265/1159 1266/1266/1160 1264/1264/1158
f 1266/1266/1160 1265/1265/1159 1267/1267/1161
f 1268/1268/1162 1266/1266/1160 1267/1267/1161
f 1268/1268/1162 1267/1267/1161 1269/1269/1163
f 1270/1270/1164 1268/1268/1162 1269/1269/1163
f 1270/1270/1164 1269/1269/1163 1271/1271/1165
f 1272/1272/1166 1270/1270/1164 1271/1271/1165
f 1272/1272/1166 1271/1271/1165 1273/1273/1167
f 1274/1274/1168 1272/1272/1166 1273/1273/1167
f 1275/1275/1169 1274/1274/1168 1273/1273/1167
f 1276/1276/1170 1275/1275/1169 1273/1273/1167
f 1276/1276/1170 1260/1260/1154 1275/1275/1169
f 1260/1260/1154 1259/1259/1153 1275/1275/1169
f 1277/1277/1171 1278/1278/1172 1279/1279/1173
f 1280/1280/1174 1279/1279/1173 1278/1278/1172
f 1278/1278/1172 1277/1277/1171 1281/1281/1175
f 1277/1277/1171 1282/1282/1176 1281/1281/1175
f 1280/1280/1174 1278/1278/1172 1283/1283/1177
f 1278/1278/1172 1281/1281/1175 1283/1283/1177
f 1284/1284/1178 1280/1280/1174 1283/1283/1177
f 1284/1284/1178 1283/1283/1177 1285/1285/1179
f 1286/1286/1180 1281/1281/1175 1282/1282/1176
f 1281/1281/1175 1286/1286/1180 1283/1283/1177
f 1287/1287/1181 1286/1286/1180 1282/1282/1176
f 1283/1283/1177 1288/1288/1182 1285/1285/1179
f 1283/1283/1177 1286/1286/1180 1288/1288/1182
f 1285/1285/1179 1288/1288/1182 1289/1289/1183
f 1286/1286/1180 1287/1287/1181 1290/1290/1184
f 1286/1286/1180 1290/1290/1184 1288/1288/1182
f 1287/1287/1181 1291/1291/1185 1290/1290/1184
f 1288/1288/1182 1292/1292/1186 1289/1289/1183
f 1288/1288/1182 1290/1290/1184 1292/1292/1186
f 1289/1289/1183 1292/1292/1186 1293/1293/1187
f 1290/1290/1184 1291/1291/1185 1294/1294/1188
f 1290/1290/1184 1294/1294/1188 1292/1292/1186
f 1291/1291/1185 1295/1295/1189 1294/1294/1188
f 1296/1296/1190 1294/1294/1188 1295/1295/1189
f 1292/1292/1186 1294/1294/1188 1296/1296/1190
f 1297/1297/1191 1296/1296/1190 1295/1295/1189
f 1292/1292/1186 1298/1298/1192 1293/1293/1187
f 1298/1298/1192 1292/1292/1186 1296/1296/1190
f 1298/1298/1192 1296/1296/1190 1297/1297/1191
f 1293/1293/1187 1298/1298/1192 1297/1297/1191
f 1299/1299/1193 1300/1300/1194 1301/1301/1195
f 1301/1301/1195 1302/1302/1196 1299/1299/1193
f 1300/1300/1194 1299/1299/1193 1303/1303/1197
f 1304/1304/1198 1300/1300/1194 1303/1303/1197
f 1299/1299/1193 1302/1302/1196 1305/1305/1199
f 1303/1303/1197 1299/1299/1193 1305/1305/1199
f 1302/1302/1196 1306/1306/1200 1305/1305/1199
f 1305/1305/1199 1306/1306/1200 1307/1307/1201
f 1303/1303/1197 1308/1308/1202 1304/1304/1198
f 1308/1308/1202 1303/1303/1197 1305/1305/1199
f 1308/1308/1202 1309/1309/1203 1304/1304/1198
f 1310/1310/1204 1305/1305/1199 1307/1307/1201
f 1308/1308/1202 1305/1305/1199 1310/1310/1204
f 1310/1310/1204 1307/1307/1201 1311/1311/1205
f 1309/1309/1203 1308/1308/1202 1312/1312/1206
f 1312/1312/1206 1308/1308/1202 1310/1310/1204
f 1313/1313/1207 1309/1309/1203 1312/1312/1206
f 1314/1314/1208 1310/1310/1204 1311/1311/1205
f 1312/1312/1206 1310/1310/1204 1314/1314/1208
f 1314/1314/1208 1311/1311/1205 1315/1315/1209
f 1313/1313/1207 1312/1312/1206 1316/1316/1210
f 1316/1316/1210 1312/1312/1206 1314/1314/1208
f 1317/1317/1211 1313/1313/1207 1316/1316/1210
f 1316/1316/1210 1318/1318/1212 1317/1317/1211
f 1316/1316/1210 1314/1314/1208 1318/1318/1212
f 1318/1318/1212 1319/1319/1213 1317/1317/1211
f 1320/1320/1214 1314/1314/1208 1315/1315/1209
f 1320/1320/1214 1315/1315/1209 1319/1319/1213
f 1314/1314/1208 1320/1320/1214 1318/1318/1212
f 1318/1318/1212 1320/1320/1214 1319/1319/1213
o Unit_Peashooter_Mdl_Leaf_Unit_Peashooter_Mdl.002
v 0.013069 0.713191 -0.228820
v 0.017967 0.721100 -0.257990
v -0.000088 0.718747 -0.226744
v 0.002009 0.727031 -0.260008
v -0.012859 0.712836 -0.229557
v -0.016259 0.721075 -0.257969
v 0.066389 0.732287 -0.273827
v -0.063352 0.732729 -0.275602
v 0.003047 0.754410 -0.305108
v -0.088242 0.745129 -0.295899
v 0.093286 0.745746 -0.292904
v -0.106769 0.757928 -0.326095
v 0.004141 0.766091 -0.336131
v -0.116631 0.777132 -0.366931
v 0.113934 0.760324 -0.321531
v -0.047567 0.786196 -0.388162
v 0.005367 0.781852 -0.384267
v 0.004585 0.784741 -0.446391
v 0.133120 0.775623 -0.349942
v 0.151801 0.786291 -0.392035
v 0.156314 0.784020 -0.419358
v 0.153233 0.790893 -0.459785
v 0.006469 0.784261 -0.504570
v 0.138796 0.789148 -0.504676
v 0.098760 0.766868 -0.589332
v -0.150319 0.785811 -0.433016
v -0.133375 0.783863 -0.403497
v -0.149740 0.791898 -0.469399
v -0.137679 0.791495 -0.508521
v -0.095292 0.769920 -0.591013
v 0.010773 0.765694 -0.571250
v 0.068548 0.766289 -0.644222
v 0.017606 0.772898 -0.646566
v -0.061669 0.768122 -0.645435
v 0.023293 0.793705 -0.708894
v -0.057395 0.747673 -0.388581
v -0.124061 0.761146 -0.395654
v -0.133536 0.761063 -0.453158
v 0.005312 0.740148 -0.463379
v -0.121421 0.760907 -0.512237
v 0.004458 0.731916 -0.377646
v -0.108034 0.751125 -0.368742
v 0.006718 0.735929 -0.521309
v -0.092636 0.745869 -0.579230
v 0.003997 0.713645 -0.317643
v -0.088370 0.725950 -0.312375
v -0.058555 0.708306 -0.286802
v 0.002467 0.704758 -0.288548
v -0.021558 0.698250 -0.254908
v 0.062339 0.707736 -0.285156
v 0.095034 0.726829 -0.309180
v 0.022925 0.698161 -0.254049
v 0.018170 0.698879 -0.226494
v -0.018116 0.697244 -0.228253
v 0.128809 0.756422 -0.373519
v 0.139152 0.759944 -0.445793
v 0.123150 0.758603 -0.509419
v 0.094960 0.743065 -0.578176
v 0.010935 0.720812 -0.586688
v 0.065896 0.745126 -0.653594
v 0.018130 0.735299 -0.662672
v 0.023561 0.771788 -0.720747
v -0.060184 0.746667 -0.654033
v 0.018170 0.698879 -0.226494
v 0.022925 0.698161 -0.254049
v 0.013069 0.713191 -0.228820
v 0.017967 0.721100 -0.257990
v 0.066389 0.732287 -0.273827
v 0.062339 0.707736 -0.285156
v 0.093286 0.745746 -0.292904
v 0.095034 0.726829 -0.309180
v 0.113934 0.760324 -0.321531
v 0.128809 0.756422 -0.373519
v 0.133120 0.775623 -0.349942
v 0.151801 0.786291 -0.392035
v 0.139152 0.759944 -0.445793
v 0.156314 0.784020 -0.419358
v 0.153233 0.790893 -0.459785
v 0.138796 0.789148 -0.504676
v 0.123150 0.758603 -0.509419
v 0.098760 0.766868 -0.589332
v 0.094960 0.743065 -0.578176
v 0.068548 0.766289 -0.644222
v 0.065896 0.745126 -0.653594
v 0.023561 0.771788 -0.720747
v 0.023293 0.793705 -0.708894
v -0.061669 0.768122 -0.645435
v -0.060184 0.746667 -0.654033
v -0.095292 0.769920 -0.591013
v -0.092636 0.745869 -0.579230
v -0.137679 0.791495 -0.508521
v -0.121421 0.760907 -0.512237
v -0.149740 0.791898 -0.469399
v -0.133536 0.761063 -0.453158
v -0.150319 0.785811 -0.433016
v -0.124061 0.761146 -0.395654
v -0.133375 0.783863 -0.403497
v -0.047567 0.786196 -0.388162
v -0.057395 0.747673 -0.388581
v -0.116631 0.777132 -0.366931
v -0.108034 0.751125 -0.368742
v -0.088370 0.725950 -0.312375
v -0.106769 0.757928 -0.326095
v -0.088242 0.745129 -0.295899
v -0.058555 0.708306 -0.286802
v -0.063352 0.732729 -0.275602
v -0.021558 0.698250 -0.254908
v -0.016259 0.721075 -0.257969
v -0.012859 0.712836 -0.229557
v -0.018116 0.697244 -0.228253
vt 0.485107 0.709961
vt 0.513184 0.711914
vt 0.483154 0.722168
vt 0.513184 0.729004
vt 0.479248 0.732910
vt 0.504395 0.744141
vt 0.546387 0.675781
vt 0.518066 0.791992
vt 0.560059 0.741211
vt 0.535156 0.814941
vt 0.572266 0.661133
vt 0.560059 0.833008
vt 0.592285 0.750000
vt 0.591309 0.850098
vt 0.601074 0.651855
vt 0.643066 0.818848
vt 0.643066 0.766113
vt 0.708008 0.768066
vt 0.637207 0.644043
vt 0.671387 0.640137
vt 0.703125 0.640137
vt 0.730957 0.641113
vt 0.768066 0.764160
vt 0.773438 0.649902
vt 0.851074 0.678223
vt 0.722168 0.890137
vt 0.688965 0.889160
vt 0.750000 0.886230
vt 0.787109 0.876953
vt 0.861328 0.838867
vt 0.833008 0.759766
vt 0.902344 0.705078
vt 0.901367 0.754883
vt 0.907227 0.803223
vt 0.953125 0.750000
vt 0.916016 0.946777
vt 0.916016 0.966797
vt 0.902344 0.968750
vt 0.902344 0.929199
vt 0.887207 0.963867
vt 0.921387 0.929199
vt 0.921387 0.961914
vt 0.888184 0.930176
vt 0.869141 0.954102
vt 0.935059 0.930176
vt 0.937988 0.956055
vt 0.949219 0.947754
vt 0.948242 0.931152
vt 0.958008 0.937988
vt 0.949219 0.914062
vt 0.938965 0.903809
vt 0.958008 0.924805
vt 0.967285 0.926758
vt 0.966309 0.937012
vt 0.921387 0.893066
vt 0.902344 0.890137
vt 0.888184 0.895996
vt 0.869141 0.905762
vt 0.870117 0.930176
vt 0.847168 0.916016
vt 0.847168 0.929199
vt 0.828125 0.929199
vt 0.847168 0.942871
vt 0.476318 0.697754
vt 0.500000 0.692871
vt 0.485107 0.709961
vt 0.513184 0.711914
vt 0.546387 0.675781
vt 0.526367 0.661133
vt 0.572266 0.661133
vt 0.568359 0.638184
vt 0.601074 0.651855
vt 0.643066 0.613770
vt 0.637207 0.644043
vt 0.671387 0.640137
vt 0.720215 0.606934
vt 0.703125 0.640137
vt 0.730957 0.641113
vt 0.773438 0.649902
vt 0.790039 0.624023
vt 0.851074 0.678223
vt 0.855957 0.654785
vt 0.902344 0.705078
vt 0.916016 0.690918
vt 0.975098 0.749023
vt 0.953125 0.750000
vt 0.907227 0.803223
vt 0.925293 0.814941
vt 0.861328 0.838867
vt 0.869141 0.861816
vt 0.787109 0.876953
vt 0.805176 0.901855
vt 0.750000 0.886230
vt 0.736328 0.919922
vt 0.722168 0.890137
vt 0.675293 0.903809
vt 0.688965 0.889160
vt 0.643066 0.818848
vt 0.633301 0.857910
vt 0.591309 0.850098
vt 0.582031 0.869141
vt 0.523438 0.834961
vt 0.560059 0.833008
vt 0.535156 0.814941
vt 0.493164 0.795898
vt 0.518066 0.791992
vt 0.486084 0.755859
vt 0.504395 0.744141
vt 0.479248 0.732910
vt 0.467285 0.742188
vn 0.3537 0.8950 0.2718
vn 0.0993 0.8436 0.5278
vn -0.0152 0.9605 0.2778
vn -0.0030 0.8525 0.5227
vn -0.3513 0.9025 0.2492
vn -0.1060 0.8480 0.5192
vn 0.0238 0.8200 0.5719
vn -0.0440 0.8321 0.5529
vn -0.0134 0.8944 0.4471
vn -0.0415 0.9128 0.4062
vn 0.0099 0.9022 0.4312
vn -0.0263 0.9187 0.3941
vn -0.0180 0.9236 0.3831
vn -0.0182 0.9164 0.4000
vn -0.0178 0.9250 0.3796
vn -0.0031 0.9816 0.1910
vn -0.0016 0.9867 0.1625
vn 0.0012 1.0000 0.0049
vn -0.0237 0.9498 0.3120
vn -0.0138 0.9982 0.0585
vn -0.0164 0.9985 0.0517
vn -0.0354 0.9984 0.0442
vn 0.0103 0.9898 -0.1419
vn -0.0434 0.9924 -0.1156
vn -0.0228 0.9848 -0.1724
vn 0.0056 0.9975 0.0702
vn -0.0053 1.0000 0.0035
vn 0.0408 0.9981 0.0451
vn 0.0572 0.9923 -0.1101
vn 0.0462 0.9859 -0.1608
vn 0.0117 0.9877 -0.1562
vn 0.0528 0.9953 0.0816
vn 0.0135 0.9921 0.1247
vn -0.0121 0.9975 0.0703
vn 0.0030 0.9485 0.3169
vn -0.2644 -0.9637 -0.0368
vn -0.2832 -0.8838 0.3724
vn -0.2976 -0.9547 -0.0048
vn 0.0250 -0.9996 -0.0128
vn -0.3827 -0.9237 -0.0166
vn 0.0585 -0.9780 -0.2003
vn -0.4350 -0.7374 -0.5167
vn -0.0113 -0.9944 0.1049
vn -0.3812 -0.9241 -0.0256
vn 0.0171 -0.9409 -0.3382
vn -0.3019 -0.9262 -0.2259
vn -0.3682 -0.9297 0.0076
vn 0.0036 -0.9385 -0.3452
vn -0.4318 -0.8649 0.2560
vn 0.3703 -0.9286 0.0215
vn 0.2999 -0.9308 -0.2090
vn 0.4290 -0.8577 0.2834
vn 0.4474 -0.8903 0.0844
vn -0.4015 -0.9133 0.0682
vn 0.2903 -0.9526 -0.0908
vn 0.2949 -0.9545 -0.0441
vn 0.3952 -0.9185 -0.0154
vn 0.4185 -0.9081 -0.0102
vn -0.0148 -0.9997 0.0216
vn 0.5315 -0.7813 -0.3272
vn -0.0072 -0.9636 -0.2674
vn -0.0091 -0.1592 -0.9872
vn -0.4383 -0.8056 -0.3986
vn 0.4474 -0.8903 0.0843
vn 0.9379 0.2863 0.1959
vn 0.6530 -0.0248 0.7569
vn 0.6001 -0.2889 0.7459
vn 0.3704 -0.9286 0.0215
vn 0.7199 -0.3950 0.5707
vn 0.8561 -0.4278 0.2901
vn 0.8524 -0.4466 0.2719
vn 0.7960 -0.5922 0.1256
vn 0.8058 -0.5875 0.0749
vn 0.8648 -0.4536 -0.2151
vn 0.8730 -0.4119 -0.2611
vn 0.8975 -0.2590 -0.3569
vn 0.4185 -0.9081 -0.0103
vn 0.8906 0.0170 -0.4544
vn 0.0100 0.3884 -0.9214
vn -0.7783 0.1237 -0.6156
vn -0.8881 -0.2409 -0.3914
vn -0.8635 -0.4312 -0.2617
vn -0.8497 -0.4921 -0.1894
vn -0.8400 -0.5172 0.1642
vn -0.2832 -0.8838 0.3725
vn -0.5856 -0.2343 0.7760
vn -0.8264 0.3150 0.4667
vn -0.2643 -0.9637 -0.0368
vn -0.6829 -0.1567 -0.7135
vn -0.3019 -0.9262 -0.2258
vn -0.9091 -0.3999 0.1167
vn -0.7517 -0.4071 0.5189
vn -0.6383 -0.3002 0.7089
vn -0.6888 -0.0359 0.7241
vn -0.9462 0.2787 0.1643
usemtl Peashooter
s 1
f 1321/1321/1215 1322/1322/1216 1323/1323/1217
f 1322/1322/1216 1324/1324/1218 1323/1323/1217
f 1323/1323/1217 1324/1324/1218 1325/1325/1219
f 1324/1324/1218 1326/1326/1220 1325/1325/1219
f 1322/1322/1216 1327/1327/1221 1324/1324/1218
f 1328/1328/1222 1326/1326/1220 1324/1324/1218
f 1327/1327/1221 1329/1329/1223 1324/1324/1218
f 1329/1329/1223 1328/1328/1222 1324/1324/1218
f 1330/1330/1224 1328/1328/1222 1329/1329/1223
f 1327/1327/1221 1331/1331/1225 1329/1329/1223
f 1332/1332/1226 1330/1330/1224 1329/1329/1223
f 1329/1329/1223 1331/1331/1225 1333/1333/1227
f 1333/1333/1227 1332/1332/1226 1329/1329/1223
f 1334/1334/1228 1332/1332/1226 1333/1333/1227
f 1331/1331/1225 1335/1335/1229 1333/1333/1227
f 1336/1336/1230 1334/1334/1228 1333/1333/1227
f 1333/1333/1227 1335/1335/1229 1337/1337/1231
f 1337/1337/1231 1336/1336/1230 1333/1333/1227
f 1337/1337/1231 1338/1338/1232 1336/1336/1230
f 1335/1335/1229 1339/1339/1233 1337/1337/1231
f 1339/1339/1233 1340/1340/1234 1337/1337/1231
f 1337/1337/1231 1340/1340/1234 1338/1338/1232
f 1340/1340/1234 1341/1341/1235 1338/1338/1232
f 1341/1341/1235 1342/1342/1236 1338/1338/1232
f 1338/1338/1232 1342/1342/1236 1343/1343/1237
f 1342/1342/1236 1344/1344/1238 1343/1343/1237
f 1344/1344/1238 1345/1345/1239 1343/1343/1237
f 1338/1338/1232 1346/1346/1240 1336/1336/1230
f 1346/1346/1240 1347/1347/1241 1336/1336/1230
f 1348/1348/1242 1346/1346/1240 1338/1338/1232
f 1348/1348/1242 1338/1338/1232 1343/1343/1237
f 1349/1349/1243 1348/1348/1242 1343/1343/1237
f 1350/1350/1244 1349/1349/1243 1343/1343/1237
f 1345/1345/1239 1351/1351/1245 1343/1343/1237
f 1351/1351/1245 1350/1350/1244 1343/1343/1237
f 1345/1345/1239 1352/1352/1246 1351/1351/1245
f 1351/1351/1245 1353/1353/1247 1350/1350/1244
f 1352/1352/1246 1353/1353/1247 1351/1351/1245
f 1353/1353/1247 1354/1354/1248 1350/1350/1244
f 1353/1353/1247 1352/1352/1246 1355/1355/1249
f 1354/1354/1248 1353/1353/1247 1355/1355/1249
f 1356/1356/1250 1357/1357/1251 1358/1358/1252
f 1359/1359/1253 1356/1356/1250 1358/1358/1252
f 1359/1359/1253 1358/1358/1252 1360/1360/1254
f 1359/1359/1253 1361/1361/1255 1356/1356/1250
f 1361/1361/1255 1362/1362/1256 1356/1356/1250
f 1363/1363/1257 1359/1359/1253 1360/1360/1254
f 1363/1363/1257 1360/1360/1254 1364/1364/1258
f 1361/1361/1255 1365/1365/1259 1362/1362/1256
f 1365/1365/1259 1366/1366/1260 1362/1362/1256
f 1367/1367/1261 1366/1366/1260 1365/1365/1259
f 1368/1368/1262 1367/1367/1261 1365/1365/1259
f 1367/1367/1261 1368/1368/1262 1369/1369/1263
f 1368/1368/1262 1365/1365/1259 1370/1370/1264
f 1365/1365/1259 1371/1371/1265 1370/1370/1264
f 1365/1365/1259 1361/1361/1255 1371/1371/1265
f 1368/1368/1262 1370/1370/1264 1372/1372/1266
f 1369/1369/1263 1368/1368/1262 1372/1372/1266
f 1369/1369/1263 1372/1372/1266 1373/1373/1267
f 1374/1374/1268 1369/1369/1263 1373/1373/1267
f 1361/1361/1255 1375/1375/1269 1371/1371/1265
f 1376/1376/1270 1375/1375/1269 1361/1361/1255
f 1359/1359/1253 1376/1376/1270 1361/1361/1255
f 1376/1376/1270 1359/1359/1253 1377/1377/1271
f 1359/1359/1253 1363/1363/1257 1377/1377/1271
f 1377/1377/1271 1363/1363/1257 1378/1378/1272
f 1363/1363/1257 1379/1379/1273 1378/1378/1272
f 1378/1378/1272 1379/1379/1273 1380/1380/1274
f 1379/1379/1273 1363/1363/1257 1364/1364/1258
f 1379/1379/1273 1381/1381/1275 1380/1380/1274
f 1381/1381/1275 1379/1379/1273 1364/1364/1258
f 1382/1382/1276 1380/1380/1274 1381/1381/1275
f 1383/1383/1277 1381/1381/1275 1364/1364/1258
f 1383/1383/1277 1382/1382/1276 1381/1381/1275
f 1384/1384/1278 1385/1385/1266 1386/1386/1279
f 1385/1385/1266 1387/1387/1280 1386/1386/1279
f 1388/1388/1281 1387/1387/1280 1385/1385/1266
f 1389/1389/1282 1388/1388/1281 1385/1385/1266
f 1390/1390/1283 1388/1388/1281 1389/1389/1282
f 1391/1391/1265 1390/1390/1283 1389/1389/1282
f 1392/1392/1284 1390/1390/1283 1391/1391/1265
f 1391/1391/1265 1393/1393/1269 1392/1392/1284
f 1393/1393/1269 1394/1394/1285 1392/1392/1284
f 1393/1393/1269 1395/1395/1286 1394/1394/1285
f 1393/1393/1269 1396/1396/1270 1395/1395/1286
f 1396/1396/1270 1397/1397/1287 1395/1395/1286
f 1398/1398/1288 1397/1397/1287 1396/1396/1270
f 1399/1399/1289 1398/1398/1288 1396/1396/1270
f 1400/1400/1271 1399/1399/1289 1396/1396/1270
f 1401/1401/1290 1399/1399/1289 1400/1400/1271
f 1402/1402/1291 1401/1401/1290 1400/1400/1271
f 1403/1403/1292 1401/1401/1290 1402/1402/1291
f 1404/1404/1274 1403/1403/1292 1402/1402/1291
f 1404/1404/1274 1405/1405/1276 1403/1403/1292
f 1405/1405/1276 1406/1406/1293 1403/1403/1292
f 1407/1407/1294 1406/1406/1293 1405/1405/1276
f 1408/1408/1277 1407/1407/1294 1405/1405/1276
f 1409/1409/1295 1407/1407/1294 1408/1408/1277
f 1410/1410/1258 1409/1409/1295 1408/1408/1277
f 1411/1411/1296 1409/1409/1295 1410/1410/1258
f 1412/1412/1254 1411/1411/1296 1410/1410/1258
f 1413/1413/1297 1411/1411/1296 1412/1412/1254
f 1414/1414/1252 1413/1413/1297 1412/1412/1254
f 1415/1415/1298 1413/1413/1297 1414/1414/1252
f 1414/1414/1252 1416/1416/1299 1415/1415/1298
f 1416/1416/1299 1417/1417/1300 1415/1415/1298
f 1418/1418/1301 1417/1417/1300 1416/1416/1299
f 1419/1419/1302 1418/1418/1301 1416/1416/1299
f 1420/1420/1303 1418/1418/1301 1419/1419/1302
f 1421/1421/1256 1420/1420/1303 1419/1419/1302
f 1421/1421/1256 1422/1422/1304 1420/1420/1303
f 1422/1422/1304 1423/1423/1305 1420/1420/1303
f 1422/1422/1304 1424/1424/1306 1423/1423/1305
f 1422/1422/1304 1425/1425/1261 1424/1424/1306
f 1425/1425/1261 1426/1426/1307 1424/1424/1306
f 1425/1425/1261 1427/1427/1263 1426/1426/1307
f 1427/1427/1263 1428/1428/1308 1426/1426/1307
f 1429/1429/1309 1428/1428/1308 1427/1427/1263
f 1430/1430/1268 1429/1429/1309 1427/1427/1263
